group	scene	gameobject_segment	fsm_name	fsm_id	relative_path
Abyss	Abyss_06_Core	Shade_Sibling_Alert_Range	FSM	96	Abyss/Abyss_06_Core/Shade_Sibling_Alert_Range__FSM__fsm_96.md
Abyss	Abyss_06_Core	Shade_Sibling_Light	FSM	94	Abyss/Abyss_06_Core/Shade_Sibling_Light__FSM__fsm_94.md
Abyss	Abyss_06_Core	Shade_Sibling	Control	99	Abyss/Abyss_06_Core/Shade_Sibling__Control__fsm_99.md
Abyss	Abyss_06_Core	Shade_Sibling	Dreamnail_Kill	104	Abyss/Abyss_06_Core/Shade_Sibling__Dreamnail_Kill__fsm_104.md
Abyss	Abyss_06_Core	Unnamed	FSM	89	Abyss/Abyss_06_Core/Unnamed__FSM__fsm_89.md
Abyss	Abyss_09	Spike_Collider	damages_enemy	196	Abyss/Abyss_09/Spike_Collider__damages_enemy__fsm_196.md
Abyss	Abyss_19	Corpse_Infected_Knight	corpse	116	Abyss/Abyss_19/Corpse_Infected_Knight__corpse__fsm_116.md
Abyss	Abyss_19	Corpse_Parasite_Balloon	FSM	127	Abyss/Abyss_19/Corpse_Parasite_Balloon__FSM__fsm_127.md
Abyss	Abyss_19	IK_Projectile_DS	Gas_Control	130	Abyss/Abyss_19/IK_Projectile_DS__Gas_Control__fsm_130.md
Abyss	Abyss_19	Orange_Scuttler_IK	Orange_Scuttler	137	Abyss/Abyss_19/Orange_Scuttler_IK__Orange_Scuttler__fsm_137.md
Abyss	Abyss_19	Parasite_Balloon_Spawner_Hero_Saver	FSM	124	Abyss/Abyss_19/Parasite_Balloon_Spawner_Hero_Saver__FSM__fsm_124.md
Abyss	Abyss_19	Parasite_Balloon_Spawner	Control	120	Abyss/Abyss_19/Parasite_Balloon_Spawner__Control__fsm_120.md
Abyss	Abyss_20	Corpse_Mawlek_Turret_NotFloor	Sound	113	Abyss/Abyss_20/Corpse_Mawlek_Turret_NotFloor__Sound__fsm_113.md
Abyss	Abyss_20	Corpse_Mawlek_Turret	Sound	138	Abyss/Abyss_20/Corpse_Mawlek_Turret__Sound__fsm_138.md
Abyss	Abyss_20	Unnamed	Mawlek_Turret	101	Abyss/Abyss_20/Unnamed__Mawlek_Turret__fsm_101.md
Abyss	Abyss_20	Unnamed	Set_Windy	102	Abyss/Abyss_20/Unnamed__Set_Windy__fsm_102.md
City_of_Tears	Ruins1_01	Corpse_Ruins_Sentry_1_Corpse_Nail	Corpse_Weapon	69	City_of_Tears/Ruins1_01/Corpse_Ruins_Sentry_1_Corpse_Nail__Corpse_Weapon__fsm_69.md
City_of_Tears	Ruins1_01	Corpse_Ruins_Sentry_1_Corpse_Nail	FSM	67	City_of_Tears/Ruins1_01/Corpse_Ruins_Sentry_1_Corpse_Nail__FSM__fsm_67.md
City_of_Tears	Ruins1_01	Corpse_Ruins_Sentry_1	Voice	86	City_of_Tears/Ruins1_01/Corpse_Ruins_Sentry_1__Voice__fsm_86.md
City_of_Tears	Ruins1_01	Unnamed	FSM	64	City_of_Tears/Ruins1_01/Unnamed__FSM__fsm_64.md
City_of_Tears	Ruins1_03	Corpse_Ruins_Flying_Sentry_Corpse_Nail	Corpse_Weapon	154	City_of_Tears/Ruins1_03/Corpse_Ruins_Flying_Sentry_Corpse_Nail__Corpse_Weapon__fsm_154.md
City_of_Tears	Ruins1_03	Corpse_Ruins_Flying_Sentry_Corpse_Nail	FSM	159	City_of_Tears/Ruins1_03/Corpse_Ruins_Flying_Sentry_Corpse_Nail__FSM__fsm_159.md
City_of_Tears	Ruins1_05	Corpse_Ruins_Flying_Sentry_Javelin_Corpse_Javelin_Thunk_Effect	destroy_after_anim	131	City_of_Tears/Ruins1_05/Corpse_Ruins_Flying_Sentry_Javelin_Corpse_Javelin_Thunk_Effect__destroy_after_anim__fsm_131.md
City_of_Tears	Ruins1_05	Corpse_Ruins_Flying_Sentry_Javelin_Corpse_Javelin	Corpse_Weapon	158	City_of_Tears/Ruins1_05/Corpse_Ruins_Flying_Sentry_Javelin_Corpse_Javelin__Corpse_Weapon__fsm_158.md
City_of_Tears	Ruins1_05	Corpse_Ruins_Flying_Sentry_Javelin_Corpse_Javelin	deparent_and_fling	135	City_of_Tears/Ruins1_05/Corpse_Ruins_Flying_Sentry_Javelin_Corpse_Javelin__deparent_and_fling__fsm_135.md
City_of_Tears	Ruins1_05	Corpse_Ruins_Sentry_Fat_nail	deparent_and_fling	140	City_of_Tears/Ruins1_05/Corpse_Ruins_Sentry_Fat_nail__deparent_and_fling__fsm_140.md
City_of_Tears	Ruins1_05	Sentry_Javelin_Stick_Box	FSM	156	City_of_Tears/Ruins1_05/Sentry_Javelin_Stick_Box__FSM__fsm_156.md
City_of_Tears	Ruins1_05	Sentry_Javelin	Javelin_Control	141	City_of_Tears/Ruins1_05/Sentry_Javelin__Javelin_Control__fsm_141.md
City_of_Tears	Ruins1_05b	Shop_Item_Rlc_1	Shift_pos	149	City_of_Tears/Ruins1_05b/Shop_Item_Rlc_1__Shift_pos__fsm_149.md
City_of_Tears	Ruins1_05b	Shop_Item_Rlc_2	Shift_pos	159	City_of_Tears/Ruins1_05b/Shop_Item_Rlc_2__Shift_pos__fsm_159.md
City_of_Tears	Ruins1_05b	Shop_Item_Rlc_3	Shift_pos	170	City_of_Tears/Ruins1_05b/Shop_Item_Rlc_3__Shift_pos__fsm_170.md
City_of_Tears	Ruins1_05b	Shop_Item_Rlc_4	Shift_pos	150	City_of_Tears/Ruins1_05b/Shop_Item_Rlc_4__Shift_pos__fsm_150.md
City_of_Tears	Ruins1_05b	Unnamed	unmasker	147	City_of_Tears/Ruins1_05b/Unnamed__unmasker__fsm_147.md
City_of_Tears	Ruins1_05b	Unnamed	unmasker	148	City_of_Tears/Ruins1_05b/Unnamed__unmasker__fsm_148.md
City_of_Tears	Ruins1_18	ruind_bridge_roof_01_ruind_bridge_roof_04_spikes	damages_enemy	29	City_of_Tears/Ruins1_18/ruind_bridge_roof_01_ruind_bridge_roof_04_spikes__damages_enemy__fsm_29.md
City_of_Tears	Ruins1_18	ruind_bridge_roof_02_ruind_bridge_roof_04_spikes	damages_enemy	28	City_of_Tears/Ruins1_18/ruind_bridge_roof_02_ruind_bridge_roof_04_spikes__damages_enemy__fsm_28.md
City_of_Tears	Ruins1_23	Bottle_Glass_S_4_Acid_Detector	Detect	70	City_of_Tears/Ruins1_23/Bottle_Glass_S_4_Acid_Detector__Detect__fsm_70.md
City_of_Tears	Ruins1_23	Bottle_Glass_S_4	acid_burn_particle	71	City_of_Tears/Ruins1_23/Bottle_Glass_S_4__acid_burn_particle__fsm_71.md
City_of_Tears	Ruins1_23	Bottle_Glass_S_4	particle_cleanup	74	City_of_Tears/Ruins1_23/Bottle_Glass_S_4__particle_cleanup__fsm_74.md
City_of_Tears	Ruins1_23	Unnamed	Chain_Mask	68	City_of_Tears/Ruins1_23/Unnamed__Chain_Mask__fsm_68.md
City_of_Tears	Ruins1_23	Unnamed	FSM	66	City_of_Tears/Ruins1_23/Unnamed__FSM__fsm_66.md
City_of_Tears	Ruins1_23	Unnamed	FSM	67	City_of_Tears/Ruins1_23/Unnamed__FSM__fsm_67.md
City_of_Tears	Ruins1_24	Unnamed	Music_Region	36	City_of_Tears/Ruins1_24/Unnamed__Music_Region__fsm_36.md
City_of_Tears	Ruins1_24_boss	Corpse_Dream_Mage_Lord_1	Get_Quake	170	City_of_Tears/Ruins1_24_boss/Corpse_Dream_Mage_Lord_1__Get_Quake__fsm_170.md
City_of_Tears	Ruins1_24_boss	Corpse_Mage_Lord_1_End_Flash_End_Flash_1	fade_and_destroy	175	City_of_Tears/Ruins1_24_boss/Corpse_Mage_Lord_1_End_Flash_End_Flash_1__fade_and_destroy__fsm_175.md
City_of_Tears	Ruins1_24_boss	Corpse_Mage_Lord_1_End_Flash_End_Flash_2	fade_and_destroy	164	City_of_Tears/Ruins1_24_boss/Corpse_Mage_Lord_1_End_Flash_End_Flash_2__fade_and_destroy__fsm_164.md
City_of_Tears	Ruins1_24_boss	Corpse_Mage_Lord_1	Corpse	147	City_of_Tears/Ruins1_24_boss/Corpse_Mage_Lord_1__Corpse__fsm_147.md
City_of_Tears	Ruins1_24_boss	Corpse_Mage_Lord_2	corpse	146	City_of_Tears/Ruins1_24_boss/Corpse_Mage_Lord_2__corpse__fsm_146.md
City_of_Tears	Ruins1_24_boss	Mage_Orb_Over	Orb_Control	165	City_of_Tears/Ruins1_24_boss/Mage_Orb_Over__Orb_Control__fsm_165.md
City_of_Tears	Ruins1_24_boss	Tele_Out_Corpse_R	Recycle	145	City_of_Tears/Ruins1_24_boss/Tele_Out_Corpse_R__Recycle__fsm_145.md
City_of_Tears	Ruins1_24_boss	Unnamed	Stun_Control	144	City_of_Tears/Ruins1_24_boss/Unnamed__Stun_Control__fsm_144.md
City_of_Tears	Ruins1_27	Corpse_Hornet_1	Control	61	City_of_Tears/Ruins1_27/Corpse_Hornet_1__Control__fsm_61.md
City_of_Tears	Ruins1_28	Unnamed	FSM	8	City_of_Tears/Ruins1_28/Unnamed__FSM__fsm_8.md
City_of_Tears	Ruins1_30	Unnamed	Shiny_Item	16	City_of_Tears/Ruins1_30/Unnamed__Shiny_Item__fsm_16.md
City_of_Tears	Ruins2_01_b	Unnamed	unnamed	4	City_of_Tears/Ruins2_01_b/Unnamed__unnamed__fsm_4.md
City_of_Tears	Ruins2_03_boss	Corpse_Black_Knight_1	Corpse_Black_Knight	173	City_of_Tears/Ruins2_03_boss/Corpse_Black_Knight_1__Corpse_Black_Knight__fsm_173.md
City_of_Tears	Ruins2_11	Bottle_Glass_L_1_Acid_Detector	Detect	184	City_of_Tears/Ruins2_11/Bottle_Glass_L_1_Acid_Detector__Detect__fsm_184.md
City_of_Tears	Ruins2_11	Bottle_Glass_L_1	acid_burn_particle	169	City_of_Tears/Ruins2_11/Bottle_Glass_L_1__acid_burn_particle__fsm_169.md
City_of_Tears	Ruins2_11	Bottle_Glass_L_1	particle_cleanup	153	City_of_Tears/Ruins2_11/Bottle_Glass_L_1__particle_cleanup__fsm_153.md
City_of_Tears	Ruins2_11	Bottle_Glass_L_2_Acid_Detector	Detect	192	City_of_Tears/Ruins2_11/Bottle_Glass_L_2_Acid_Detector__Detect__fsm_192.md
City_of_Tears	Ruins2_11	Bottle_Glass_L_2	acid_burn_particle	165	City_of_Tears/Ruins2_11/Bottle_Glass_L_2__acid_burn_particle__fsm_165.md
City_of_Tears	Ruins2_11	Bottle_Glass_L_2	particle_cleanup	158	City_of_Tears/Ruins2_11/Bottle_Glass_L_2__particle_cleanup__fsm_158.md
City_of_Tears	Ruins2_11	Bottle_Glass_L_3_Acid_Detector	Detect	154	City_of_Tears/Ruins2_11/Bottle_Glass_L_3_Acid_Detector__Detect__fsm_154.md
City_of_Tears	Ruins2_11	Bottle_Glass_L_3	acid_burn_particle	146	City_of_Tears/Ruins2_11/Bottle_Glass_L_3__acid_burn_particle__fsm_146.md
City_of_Tears	Ruins2_11	Bottle_Glass_L_3	particle_cleanup	147	City_of_Tears/Ruins2_11/Bottle_Glass_L_3__particle_cleanup__fsm_147.md
City_of_Tears	Ruins2_11	Bottle_Glass_L_4_Acid_Detector	Detect	163	City_of_Tears/Ruins2_11/Bottle_Glass_L_4_Acid_Detector__Detect__fsm_163.md
City_of_Tears	Ruins2_11	Bottle_Glass_L_4	acid_burn_particle	178	City_of_Tears/Ruins2_11/Bottle_Glass_L_4__acid_burn_particle__fsm_178.md
City_of_Tears	Ruins2_11	Bottle_Glass_L_4	particle_cleanup	166	City_of_Tears/Ruins2_11/Bottle_Glass_L_4__particle_cleanup__fsm_166.md
City_of_Tears	Ruins2_11	Bottle_Glass_S_1_Acid_Detector	Detect	171	City_of_Tears/Ruins2_11/Bottle_Glass_S_1_Acid_Detector__Detect__fsm_171.md
City_of_Tears	Ruins2_11	Bottle_Glass_S_1	acid_burn_particle	179	City_of_Tears/Ruins2_11/Bottle_Glass_S_1__acid_burn_particle__fsm_179.md
City_of_Tears	Ruins2_11	Bottle_Glass_S_1	particle_cleanup	145	City_of_Tears/Ruins2_11/Bottle_Glass_S_1__particle_cleanup__fsm_145.md
City_of_Tears	Ruins2_11	Bottle_Glass_S_2_Acid_Detector	Detect	186	City_of_Tears/Ruins2_11/Bottle_Glass_S_2_Acid_Detector__Detect__fsm_186.md
City_of_Tears	Ruins2_11	Bottle_Glass_S_2	acid_burn_particle	191	City_of_Tears/Ruins2_11/Bottle_Glass_S_2__acid_burn_particle__fsm_191.md
City_of_Tears	Ruins2_11	Bottle_Glass_S_2	particle_cleanup	162	City_of_Tears/Ruins2_11/Bottle_Glass_S_2__particle_cleanup__fsm_162.md
City_of_Tears	Ruins2_11	Bottle_Glass_S_3_Acid_Detector	Detect	190	City_of_Tears/Ruins2_11/Bottle_Glass_S_3_Acid_Detector__Detect__fsm_190.md
City_of_Tears	Ruins2_11	Bottle_Glass_S_3	acid_burn_particle	183	City_of_Tears/Ruins2_11/Bottle_Glass_S_3__acid_burn_particle__fsm_183.md
City_of_Tears	Ruins2_11	Bottle_Glass_S_3	particle_cleanup	182	City_of_Tears/Ruins2_11/Bottle_Glass_S_3__particle_cleanup__fsm_182.md
City_of_Tears	Ruins2_11_boss	Buzzer_R	chaser	128	City_of_Tears/Ruins2_11_boss/Buzzer_R__chaser__fsm_128.md
City_of_Tears	Ruins2_11_boss	Roller_R_Bouncer	unparent_and_follow	125	City_of_Tears/Ruins2_11_boss/Roller_R_Bouncer__unparent_and_follow__fsm_125.md
City_of_Tears	Ruins2_11_boss	Roller_R	Roller	110	City_of_Tears/Ruins2_11_boss/Roller_R__Roller__fsm_110.md
City_of_Tears	Ruins2_11_boss	Spitter_R	spitter	112	City_of_Tears/Ruins2_11_boss/Spitter_R__spitter__fsm_112.md
City_of_Tears	Ruins_Bathhouse	Unnamed	Control	129	City_of_Tears/Ruins_Bathhouse/Unnamed__Control__fsm_129.md
City_of_Tears	Ruins_Bathhouse	Unnamed	FSM	128	City_of_Tears/Ruins_Bathhouse/Unnamed__FSM__fsm_128.md
City_of_Tears	Ruins_Elevator	Unnamed	FSM	143	City_of_Tears/Ruins_Elevator/Unnamed__FSM__fsm_143.md
Colosseum	Room_Colosseum_02	Plink_effect	FSM	271	Colosseum/Room_Colosseum_02/Plink_effect__FSM__fsm_271.md
Colosseum	Room_Colosseum_02	Unnamed	Destroy_on_Level_Load	262	Colosseum/Room_Colosseum_02/Unnamed__Destroy_on_Level_Load__fsm_262.md
Colosseum	Room_Colosseum_02	Unnamed	FSM	261	Colosseum/Room_Colosseum_02/Unnamed__FSM__fsm_261.md
Colosseum	Room_Colosseum_02	Unnamed	FSM	263	Colosseum/Room_Colosseum_02/Unnamed__FSM__fsm_263.md
Colosseum	Room_Colosseum_Bronze	Bursting_Bouncer	Bouncer_Control	850	Colosseum/Room_Colosseum_Bronze/Bursting_Bouncer__Bouncer_Control__fsm_850.md
Colosseum	Room_Colosseum_Bronze	Bursting_Bouncer	Drip	707	Colosseum/Room_Colosseum_Bronze/Bursting_Bouncer__Drip__fsm_707.md
Colosseum	Room_Colosseum_Bronze	Buzzer_Col	Col_Buzzer	989	Colosseum/Room_Colosseum_Bronze/Buzzer_Col__Col_Buzzer__fsm_989.md
Colosseum	Room_Colosseum_Bronze	Buzzer	chaser	865	Colosseum/Room_Colosseum_Bronze/Buzzer__chaser__fsm_865.md
Colosseum	Room_Colosseum_Bronze	Buzzer	flyer_receive_direction_msg	779	Colosseum/Room_Colosseum_Bronze/Buzzer__flyer_receive_direction_msg__fsm_779.md
Colosseum	Room_Colosseum_Bronze	Colosseum_Armoured_Roller_Bouncer	Detect_Bounce	766	Colosseum/Room_Colosseum_Bronze/Colosseum_Armoured_Roller_Bouncer__Detect_Bounce__fsm_766.md
Colosseum	Room_Colosseum_Bronze	Colosseum_Armoured_Roller	Roller	695	Colosseum/Room_Colosseum_Bronze/Colosseum_Armoured_Roller__Roller__fsm_695.md
Colosseum	Room_Colosseum_Bronze	Colosseum_Miner_Evade_Detector	hero_detect_bool	875	Colosseum/Room_Colosseum_Bronze/Colosseum_Miner_Evade_Detector__hero_detect_bool__fsm_875.md
Colosseum	Room_Colosseum_Bronze	Colosseum_Miner_Floor_Detector	hero_detect_bool	876	Colosseum/Room_Colosseum_Bronze/Colosseum_Miner_Floor_Detector__hero_detect_bool__fsm_876.md
Colosseum	Room_Colosseum_Bronze	Colosseum_Miner_Hero_Detector	hero_detect_bool	767	Colosseum/Room_Colosseum_Bronze/Colosseum_Miner_Hero_Detector__hero_detect_bool__fsm_767.md
Colosseum	Room_Colosseum_Bronze	Colosseum_Miner_Roof_Check	FSM	763	Colosseum/Room_Colosseum_Bronze/Colosseum_Miner_Roof_Check__FSM__fsm_763.md
Colosseum	Room_Colosseum_Bronze	Colosseum_Miner_Slash_Detector	hero_detect_bool	774	Colosseum/Room_Colosseum_Bronze/Colosseum_Miner_Slash_Detector__hero_detect_bool__fsm_774.md
Colosseum	Room_Colosseum_Bronze	Colosseum_Miner_Slash	nail_clash_tink	773	Colosseum/Room_Colosseum_Bronze/Colosseum_Miner_Slash__nail_clash_tink__fsm_773.md
Colosseum	Room_Colosseum_Bronze	Colosseum_Miner_Terrain_Detector	hero_detect_bool	697	Colosseum/Room_Colosseum_Bronze/Colosseum_Miner_Terrain_Detector__hero_detect_bool__fsm_697.md
Colosseum	Room_Colosseum_Bronze	Colosseum_Miner_Waker	Waker	760	Colosseum/Room_Colosseum_Bronze/Colosseum_Miner_Waker__Waker__fsm_760.md
Colosseum	Room_Colosseum_Bronze	Colosseum_Miner	Zombie_Miner	825	Colosseum/Room_Colosseum_Bronze/Colosseum_Miner__Zombie_Miner__fsm_825.md
Colosseum	Room_Colosseum_Bronze	Colosseum_Shield_Zombie_Slash_2	nail_clash_tink	698	Colosseum/Room_Colosseum_Bronze/Colosseum_Shield_Zombie_Slash_2__nail_clash_tink__fsm_698.md
Colosseum	Room_Colosseum_Bronze	Colosseum_Shield_Zombie_Slash	nail_clash_tink	724	Colosseum/Room_Colosseum_Bronze/Colosseum_Shield_Zombie_Slash__nail_clash_tink__fsm_724.md
Colosseum	Room_Colosseum_Bronze	Colosseum_Shield_Zombie	ZombieShieldControl	877	Colosseum/Room_Colosseum_Bronze/Colosseum_Shield_Zombie__ZombieShieldControl__fsm_877.md
Colosseum	Room_Colosseum_Bronze	Corpse_Big_Fly_Col	corpse	887	Colosseum/Room_Colosseum_Bronze/Corpse_Big_Fly_Col__corpse__fsm_887.md
Colosseum	Room_Colosseum_Bronze	Corpse_Colosseum_Miner	Voice	951	Colosseum/Room_Colosseum_Bronze/Corpse_Colosseum_Miner__Voice__fsm_951.md
Colosseum	Room_Colosseum_Bronze	Corpse_Colosseum_Roller_Spawned	corpse	776	Colosseum/Room_Colosseum_Bronze/Corpse_Colosseum_Roller_Spawned__corpse__fsm_776.md
Colosseum	Room_Colosseum_Bronze	Corpse_Colosseum_Shield_Bug	Voice	916	Colosseum/Room_Colosseum_Bronze/Corpse_Colosseum_Shield_Bug__Voice__fsm_916.md
Colosseum	Room_Colosseum_Bronze	Corpse_Giant_Buzzer_Col	End_Roar	882	Colosseum/Room_Colosseum_Bronze/Corpse_Giant_Buzzer_Col__End_Roar__fsm_882.md
Colosseum	Room_Colosseum_Bronze	Corpse_Giant_Buzzer_Col	corpse	879	Colosseum/Room_Colosseum_Bronze/Corpse_Giant_Buzzer_Col__corpse__fsm_879.md
Colosseum	Room_Colosseum_Bronze	Corpse_Zote_Boss_Dream_Dialogue	npc_dream_dialogue	973	Colosseum/Room_Colosseum_Bronze/Corpse_Zote_Boss_Dream_Dialogue__npc_dream_dialogue__fsm_973.md
Colosseum	Room_Colosseum_Bronze	Corpse_Zote_Boss_Hit_Detect	Send_Hit	834	Colosseum/Room_Colosseum_Bronze/Corpse_Zote_Boss_Hit_Detect__Send_Hit__fsm_834.md
Colosseum	Room_Colosseum_Bronze	Corpse_Zote_Boss	Control	756	Colosseum/Room_Colosseum_Bronze/Corpse_Zote_Boss__Control__fsm_756.md
Colosseum	Room_Colosseum_Bronze	Corpse_Zote_Boss_white_solid	FSM	752	Colosseum/Room_Colosseum_Bronze/Corpse_Zote_Boss_white_solid__FSM__fsm_752.md
Colosseum	Room_Colosseum_Bronze	Dash_Burst	destroy_after_delay	710	Colosseum/Room_Colosseum_Bronze/Dash_Burst__destroy_after_delay__fsm_710.md
Colosseum	Room_Colosseum_Bronze	Death_Explode_Boss	Additional_Effects	793	Colosseum/Room_Colosseum_Bronze/Death_Explode_Boss__Additional_Effects__fsm_793.md
Colosseum	Room_Colosseum_Bronze	Gas_Explosion_M	Explosion_Control	857	Colosseum/Room_Colosseum_Bronze/Gas_Explosion_M__Explosion_Control__fsm_857.md
Colosseum	Room_Colosseum_Bronze	Gas_Explosion_M	damages_enemy	874	Colosseum/Room_Colosseum_Bronze/Gas_Explosion_M__damages_enemy__fsm_874.md
Colosseum	Room_Colosseum_Bronze	Gas_Explosion_M_orange_flash	fade_and_destroy	792	Colosseum/Room_Colosseum_Bronze/Gas_Explosion_M_orange_flash__fade_and_destroy__fsm_792.md
Colosseum	Room_Colosseum_Bronze	Giant_Fly_Col	Big_Fly_Control	745	Colosseum/Room_Colosseum_Bronze/Giant_Fly_Col__Big_Fly_Control__fsm_745.md
Colosseum	Room_Colosseum_Bronze	Giant_Fly_Col	bouncer_control	777	Colosseum/Room_Colosseum_Bronze/Giant_Fly_Col__bouncer_control__fsm_777.md
Colosseum	Room_Colosseum_Bronze	Shot_GladiatorSickle	collide_with_wall	804	Colosseum/Room_Colosseum_Bronze/Shot_GladiatorSickle__collide_with_wall__fsm_804.md
Colosseum	Room_Colosseum_Bronze	Shot_GladiatorSickle	damages_enemy	770	Colosseum/Room_Colosseum_Bronze/Shot_GladiatorSickle__damages_enemy__fsm_770.md
Colosseum	Room_Colosseum_Bronze	Slam_Effect	Destroy_Self	700	Colosseum/Room_Colosseum_Bronze/Slam_Effect__Destroy_Self__fsm_700.md
Colosseum	Room_Colosseum_Bronze	Super_Spitter_Col_Unalert_Range	FSM	755	Colosseum/Room_Colosseum_Bronze/Super_Spitter_Col_Unalert_Range__FSM__fsm_755.md
Colosseum	Room_Colosseum_Bronze	Super_Spitter_Col	flyer_receive_direction_msg	771	Colosseum/Room_Colosseum_Bronze/Super_Spitter_Col__flyer_receive_direction_msg__fsm_771.md
Colosseum	Room_Colosseum_Bronze	Super_Spitter_Col	spitter	728	Colosseum/Room_Colosseum_Bronze/Super_Spitter_Col__spitter__fsm_728.md
Colosseum	Room_Colosseum_Bronze	Unnamed	Attack_Range_Detect	685	Colosseum/Room_Colosseum_Bronze/Unnamed__Attack_Range_Detect__fsm_685.md
Colosseum	Room_Colosseum_Bronze	Unnamed	Bouncer_Control	680	Colosseum/Room_Colosseum_Bronze/Unnamed__Bouncer_Control__fsm_680.md
Colosseum	Room_Colosseum_Bronze	Unnamed	Control	682	Colosseum/Room_Colosseum_Bronze/Unnamed__Control__fsm_682.md
Colosseum	Room_Colosseum_Bronze	Unnamed	FSM	686	Colosseum/Room_Colosseum_Bronze/Unnamed__FSM__fsm_686.md
Colosseum	Room_Colosseum_Bronze	Unnamed	Geo_Pool	681	Colosseum/Room_Colosseum_Bronze/Unnamed__Geo_Pool__fsm_681.md
Colosseum	Room_Colosseum_Bronze	Unnamed	destroy_after_delay	683	Colosseum/Room_Colosseum_Bronze/Unnamed__destroy_after_delay__fsm_683.md
Colosseum	Room_Colosseum_Bronze	Unnamed	fade_and_deactivate	684	Colosseum/Room_Colosseum_Bronze/Unnamed__fade_and_deactivate__fsm_684.md
Colosseum	Room_Colosseum_Bronze	Zote_Boss_Block_Hit	DestroyAfterAnimation	753	Colosseum/Room_Colosseum_Bronze/Zote_Boss_Block_Hit__DestroyAfterAnimation__fsm_753.md
Colosseum	Room_Colosseum_Bronze	Zote_Boss_Bonker	Bonk	723	Colosseum/Room_Colosseum_Bronze/Zote_Boss_Bonker__Bonk__fsm_723.md
Colosseum	Room_Colosseum_Bronze	Zote_Boss	Control	878	Colosseum/Room_Colosseum_Bronze/Zote_Boss__Control__fsm_878.md
Colosseum	Room_Colosseum_Gold	Angry_Buzzer	Control	1022	Colosseum/Room_Colosseum_Gold/Angry_Buzzer__Control__fsm_1022.md
Colosseum	Room_Colosseum_Gold	Colosseum_Grass_Hopper_Sprite	Damage_Flash	1249	Colosseum/Room_Colosseum_Gold/Colosseum_Grass_Hopper_Sprite__Damage_Flash__fsm_1249.md
Colosseum	Room_Colosseum_Gold	Colosseum_Grass_Hopper	Crazy_Hopper	1238	Colosseum/Room_Colosseum_Gold/Colosseum_Grass_Hopper__Crazy_Hopper__fsm_1238.md
Colosseum	Room_Colosseum_Gold	Colosseum_Spike	Control	961	Colosseum/Room_Colosseum_Gold/Colosseum_Spike__Control__fsm_961.md
Colosseum	Room_Colosseum_Gold	Colosseum_Spike	Enemy_Hurt	989	Colosseum/Room_Colosseum_Gold/Colosseum_Spike__Enemy_Hurt__fsm_989.md
Colosseum	Room_Colosseum_Gold	Colosseum_Spike	damages_enemy	923	Colosseum/Room_Colosseum_Gold/Colosseum_Spike__damages_enemy__fsm_923.md
Colosseum	Room_Colosseum_Gold	Corpse_Heavy_Mantis_Effects_Spit_Effect	FSM	947	Colosseum/Room_Colosseum_Gold/Corpse_Heavy_Mantis_Effects_Spit_Effect__FSM__fsm_947.md
Colosseum	Room_Colosseum_Gold	Corpse_Heavy_Mantis_Effects_Splat_Effect	FSM	893	Colosseum/Room_Colosseum_Gold/Corpse_Heavy_Mantis_Effects_Splat_Effect__FSM__fsm_893.md
Colosseum	Room_Colosseum_Gold	Corpse_Lesser_Mawlek_Chunks	Fling	1147	Colosseum/Room_Colosseum_Gold/Corpse_Lesser_Mawlek_Chunks__Fling__fsm_1147.md
Colosseum	Room_Colosseum_Gold	Corpse_Lesser_Mawlek_Splat_Effect	FSM	1135	Colosseum/Room_Colosseum_Gold/Corpse_Lesser_Mawlek_Splat_Effect__FSM__fsm_1135.md
Colosseum	Room_Colosseum_Gold	Corpse_Lesser_Mawlek	Spatter	1118	Colosseum/Room_Colosseum_Gold/Corpse_Lesser_Mawlek__Spatter__fsm_1118.md
Colosseum	Room_Colosseum_Gold	Corpse_Lobster_Chunks_death_chunks_0001_a_(1)	launch_randomly	1174	Colosseum/Room_Colosseum_Gold/Corpse_Lobster_Chunks_death_chunks_0001_a_(1)__launch_randomly__fsm_1174.md
Colosseum	Room_Colosseum_Gold	Corpse_Lobster_Chunks_death_chunks_0001_a_(1)	spin_self	1181	Colosseum/Room_Colosseum_Gold/Corpse_Lobster_Chunks_death_chunks_0001_a_(1)__spin_self__fsm_1181.md
Colosseum	Room_Colosseum_Gold	Corpse_Lobster_Chunks_death_chunks_0001_a_(10)	launch_randomly	1209	Colosseum/Room_Colosseum_Gold/Corpse_Lobster_Chunks_death_chunks_0001_a_(10)__launch_randomly__fsm_1209.md
Colosseum	Room_Colosseum_Gold	Corpse_Lobster_Chunks_death_chunks_0001_a_(10)	spin_self	1242	Colosseum/Room_Colosseum_Gold/Corpse_Lobster_Chunks_death_chunks_0001_a_(10)__spin_self__fsm_1242.md
Colosseum	Room_Colosseum_Gold	Corpse_Lobster_Chunks_death_chunks_0001_a_(2)	launch_randomly	1271	Colosseum/Room_Colosseum_Gold/Corpse_Lobster_Chunks_death_chunks_0001_a_(2)__launch_randomly__fsm_1271.md
Colosseum	Room_Colosseum_Gold	Corpse_Lobster_Chunks_death_chunks_0001_a_(2)	spin_self	1168	Colosseum/Room_Colosseum_Gold/Corpse_Lobster_Chunks_death_chunks_0001_a_(2)__spin_self__fsm_1168.md
Colosseum	Room_Colosseum_Gold	Corpse_Lobster_Chunks_death_chunks_0001_a_(3)	launch_randomly	1177	Colosseum/Room_Colosseum_Gold/Corpse_Lobster_Chunks_death_chunks_0001_a_(3)__launch_randomly__fsm_1177.md
Colosseum	Room_Colosseum_Gold	Corpse_Lobster_Chunks_death_chunks_0001_a_(3)	spin_self	1276	Colosseum/Room_Colosseum_Gold/Corpse_Lobster_Chunks_death_chunks_0001_a_(3)__spin_self__fsm_1276.md
Colosseum	Room_Colosseum_Gold	Corpse_Lobster_Chunks_death_chunks_0001_a_(4)	launch_randomly	1231	Colosseum/Room_Colosseum_Gold/Corpse_Lobster_Chunks_death_chunks_0001_a_(4)__launch_randomly__fsm_1231.md
Colosseum	Room_Colosseum_Gold	Corpse_Lobster_Chunks_death_chunks_0001_a_(4)	spin_self	1234	Colosseum/Room_Colosseum_Gold/Corpse_Lobster_Chunks_death_chunks_0001_a_(4)__spin_self__fsm_1234.md
Colosseum	Room_Colosseum_Gold	Corpse_Lobster_Chunks_death_chunks_0001_a_(5)	launch_randomly	1274	Colosseum/Room_Colosseum_Gold/Corpse_Lobster_Chunks_death_chunks_0001_a_(5)__launch_randomly__fsm_1274.md
Colosseum	Room_Colosseum_Gold	Corpse_Lobster_Chunks_death_chunks_0001_a_(5)	spin_self	1207	Colosseum/Room_Colosseum_Gold/Corpse_Lobster_Chunks_death_chunks_0001_a_(5)__spin_self__fsm_1207.md
Colosseum	Room_Colosseum_Gold	Corpse_Lobster_Chunks_death_chunks_0001_a_(6)	launch_randomly	1245	Colosseum/Room_Colosseum_Gold/Corpse_Lobster_Chunks_death_chunks_0001_a_(6)__launch_randomly__fsm_1245.md
Colosseum	Room_Colosseum_Gold	Corpse_Lobster_Chunks_death_chunks_0001_a_(6)	spin_self	1250	Colosseum/Room_Colosseum_Gold/Corpse_Lobster_Chunks_death_chunks_0001_a_(6)__spin_self__fsm_1250.md
Colosseum	Room_Colosseum_Gold	Corpse_Lobster_Chunks_death_chunks_0001_a_(7)	launch_randomly	1169	Colosseum/Room_Colosseum_Gold/Corpse_Lobster_Chunks_death_chunks_0001_a_(7)__launch_randomly__fsm_1169.md
Colosseum	Room_Colosseum_Gold	Corpse_Lobster_Chunks_death_chunks_0001_a_(7)	spin_self	1275	Colosseum/Room_Colosseum_Gold/Corpse_Lobster_Chunks_death_chunks_0001_a_(7)__spin_self__fsm_1275.md
Colosseum	Room_Colosseum_Gold	Corpse_Lobster_Chunks_death_chunks_0001_a_(8)	launch_randomly	1228	Colosseum/Room_Colosseum_Gold/Corpse_Lobster_Chunks_death_chunks_0001_a_(8)__launch_randomly__fsm_1228.md
Colosseum	Room_Colosseum_Gold	Corpse_Lobster_Chunks_death_chunks_0001_a_(8)	spin_self	1282	Colosseum/Room_Colosseum_Gold/Corpse_Lobster_Chunks_death_chunks_0001_a_(8)__spin_self__fsm_1282.md
Colosseum	Room_Colosseum_Gold	Corpse_Lobster_Chunks_death_chunks_0001_a_(9)	launch_randomly	1236	Colosseum/Room_Colosseum_Gold/Corpse_Lobster_Chunks_death_chunks_0001_a_(9)__launch_randomly__fsm_1236.md
Colosseum	Room_Colosseum_Gold	Corpse_Lobster_Chunks_death_chunks_0001_a_(9)	spin_self	1237	Colosseum/Room_Colosseum_Gold/Corpse_Lobster_Chunks_death_chunks_0001_a_(9)__spin_self__fsm_1237.md
Colosseum	Room_Colosseum_Gold	Corpse_Lobster_Chunks_death_chunks_0001_a	launch_randomly	1183	Colosseum/Room_Colosseum_Gold/Corpse_Lobster_Chunks_death_chunks_0001_a__launch_randomly__fsm_1183.md
Colosseum	Room_Colosseum_Gold	Corpse_Lobster_Chunks_death_chunks_0001_a	spin_self	1188	Colosseum/Room_Colosseum_Gold/Corpse_Lobster_Chunks_death_chunks_0001_a__spin_self__fsm_1188.md
Colosseum	Room_Colosseum_Gold	Corpse_Lobster	Death	1260	Colosseum/Room_Colosseum_Gold/Corpse_Lobster__Death__fsm_1260.md
Colosseum	Room_Colosseum_Gold	Corpse_Mage_Balloon	Audio	1293	Colosseum/Room_Colosseum_Gold/Corpse_Mage_Balloon__Audio__fsm_1293.md
Colosseum	Room_Colosseum_Gold	Corpse_Mage_Blob_1	Audio	1294	Colosseum/Room_Colosseum_Gold/Corpse_Mage_Blob_1__Audio__fsm_1294.md
Colosseum	Room_Colosseum_Gold	Corpse_Mage_Knight_Sword	Shrink_Away	1357	Colosseum/Room_Colosseum_Gold/Corpse_Mage_Knight_Sword__Shrink_Away__fsm_1357.md
Colosseum	Room_Colosseum_Gold	Corpse_Mage_Knight_Sword	deparent_and_fling	931	Colosseum/Room_Colosseum_Gold/Corpse_Mage_Knight_Sword__deparent_and_fling__fsm_931.md
Colosseum	Room_Colosseum_Gold	Corpse_Mantis_Flyer_Heavy_Chunks	Fling	898	Colosseum/Room_Colosseum_Gold/Corpse_Mantis_Flyer_Heavy_Chunks__Fling__fsm_898.md
Colosseum	Room_Colosseum_Gold	Corpse_Mantis_Flyer_Heavy	Spatter	1137	Colosseum/Room_Colosseum_Gold/Corpse_Mantis_Flyer_Heavy__Spatter__fsm_1137.md
Colosseum	Room_Colosseum_Gold	Electro_Zap	Control	1099	Colosseum/Room_Colosseum_Gold/Electro_Zap__Control__fsm_1099.md
Colosseum	Room_Colosseum_Gold	Electro_Zap_white_light	color	908	Colosseum/Room_Colosseum_Gold/Electro_Zap_white_light__color__fsm_908.md
Colosseum	Room_Colosseum_Gold	Lesser_Mawlek_Alert_Range	hero_detect	1075	Colosseum/Room_Colosseum_Gold/Lesser_Mawlek_Alert_Range__hero_detect__fsm_1075.md
Colosseum	Room_Colosseum_Gold	Lesser_Mawlek_Slash_Range	hero_detect	1119	Colosseum/Room_Colosseum_Gold/Lesser_Mawlek_Slash_Range__hero_detect__fsm_1119.md
Colosseum	Room_Colosseum_Gold	Lesser_Mawlek_Spit_Effect	FSM	1035	Colosseum/Room_Colosseum_Gold/Lesser_Mawlek_Spit_Effect__FSM__fsm_1035.md
Colosseum	Room_Colosseum_Gold	Lesser_Mawlek	Lesser_Mawlek	942	Colosseum/Room_Colosseum_Gold/Lesser_Mawlek__Lesser_Mawlek__fsm_942.md
Colosseum	Room_Colosseum_Gold	Mage_Orb	Orb_Control	1001	Colosseum/Room_Colosseum_Gold/Mage_Orb__Orb_Control__fsm_1001.md
Colosseum	Room_Colosseum_Gold	Mantis_Heavy_Above_Range	FSM	924	Colosseum/Room_Colosseum_Gold/Mantis_Heavy_Above_Range__FSM__fsm_924.md
Colosseum	Room_Colosseum_Gold	Mantis_Heavy_Back_Range	FSM	1070	Colosseum/Room_Colosseum_Gold/Mantis_Heavy_Back_Range__FSM__fsm_1070.md
Colosseum	Room_Colosseum_Gold	Mantis_Heavy_Dash_Effect_A_Dash_Effect_A_(1)	FSM	1010	Colosseum/Room_Colosseum_Gold/Mantis_Heavy_Dash_Effect_A_Dash_Effect_A_(1)__FSM__fsm_1010.md
Colosseum	Room_Colosseum_Gold	Mantis_Heavy_Dash_Effect_A	FSM	928	Colosseum/Room_Colosseum_Gold/Mantis_Heavy_Dash_Effect_A__FSM__fsm_928.md
Colosseum	Room_Colosseum_Gold	Mantis_Heavy_Dash_Effect_G	FSM	1149	Colosseum/Room_Colosseum_Gold/Mantis_Heavy_Dash_Effect_G__FSM__fsm_1149.md
Colosseum	Room_Colosseum_Gold	Mantis_Heavy_Flyer_Alert_Range	FSM	1053	Colosseum/Room_Colosseum_Gold/Mantis_Heavy_Flyer_Alert_Range__FSM__fsm_1053.md
Colosseum	Room_Colosseum_Gold	Mantis_Heavy_Flyer_Shoot_Range	FSM	1090	Colosseum/Room_Colosseum_Gold/Mantis_Heavy_Flyer_Shoot_Range__FSM__fsm_1090.md
Colosseum	Room_Colosseum_Gold	Mantis_Heavy_Flyer	Heavy_Flyer	1100	Colosseum/Room_Colosseum_Gold/Mantis_Heavy_Flyer__Heavy_Flyer__fsm_1100.md
Colosseum	Room_Colosseum_Gold	Mantis_Heavy_Flyer	flyer_receive_direction_msg	1139	Colosseum/Room_Colosseum_Gold/Mantis_Heavy_Flyer__flyer_receive_direction_msg__fsm_1139.md
Colosseum	Room_Colosseum_Gold	Mantis_Heavy_Front_Range	FSM	982	Colosseum/Room_Colosseum_Gold/Mantis_Heavy_Front_Range__FSM__fsm_982.md
Colosseum	Room_Colosseum_Gold	Mantis_Heavy_Jump_Check	FSM	975	Colosseum/Room_Colosseum_Gold/Mantis_Heavy_Jump_Check__FSM__fsm_975.md
Colosseum	Room_Colosseum_Gold	Mantis_Heavy_Slam_Effect	Destroy_Self	926	Colosseum/Room_Colosseum_Gold/Mantis_Heavy_Slam_Effect__Destroy_Self__fsm_926.md
Colosseum	Room_Colosseum_Gold	Mantis_Heavy_Slash_Forward	nail_clash_tink	1141	Colosseum/Room_Colosseum_Gold/Mantis_Heavy_Slash_Forward__nail_clash_tink__fsm_1141.md
Colosseum	Room_Colosseum_Gold	Mantis_Heavy_Slash_Up	nail_clash_tink	1120	Colosseum/Room_Colosseum_Gold/Mantis_Heavy_Slash_Up__nail_clash_tink__fsm_1120.md
Colosseum	Room_Colosseum_Gold	Mantis_Heavy_Walk_Range	FSM	951	Colosseum/Room_Colosseum_Gold/Mantis_Heavy_Walk_Range__FSM__fsm_951.md
Colosseum	Room_Colosseum_Gold	Mantis_Heavy	Mantis	914	Colosseum/Room_Colosseum_Gold/Mantis_Heavy__Mantis__fsm_914.md
Colosseum	Room_Colosseum_Gold	Mawlek_Col_Dummy	Damage_Flash	910	Colosseum/Room_Colosseum_Gold/Mawlek_Col_Dummy__Damage_Flash__fsm_910.md
Colosseum	Room_Colosseum_Gold	Mawlek_Col_Mawlek_Arm_L	Damage_Flash	1092	Colosseum/Room_Colosseum_Gold/Mawlek_Col_Mawlek_Arm_L__Damage_Flash__fsm_1092.md
Colosseum	Room_Colosseum_Gold	Mawlek_Col_Mawlek_Arm_L	Mawlek_Arm_Control	943	Colosseum/Room_Colosseum_Gold/Mawlek_Col_Mawlek_Arm_L__Mawlek_Arm_Control__fsm_943.md
Colosseum	Room_Colosseum_Gold	Mawlek_Col_Mawlek_Arm_L	nail_clash_tink	1151	Colosseum/Room_Colosseum_Gold/Mawlek_Col_Mawlek_Arm_L__nail_clash_tink__fsm_1151.md
Colosseum	Room_Colosseum_Gold	Mawlek_Col_Mawlek_Arm_R	Damage_Flash	1154	Colosseum/Room_Colosseum_Gold/Mawlek_Col_Mawlek_Arm_R__Damage_Flash__fsm_1154.md
Colosseum	Room_Colosseum_Gold	Mawlek_Col_Mawlek_Arm_R	Mawlek_Arm_Control	1087	Colosseum/Room_Colosseum_Gold/Mawlek_Col_Mawlek_Arm_R__Mawlek_Arm_Control__fsm_1087.md
Colosseum	Room_Colosseum_Gold	Mawlek_Col_Mawlek_Arm_R	nail_clash_tink	1117	Colosseum/Room_Colosseum_Gold/Mawlek_Col_Mawlek_Arm_R__nail_clash_tink__fsm_1117.md
Colosseum	Room_Colosseum_Gold	Mawlek_Col_Mawlek_Head	Damage_Flash	1131	Colosseum/Room_Colosseum_Gold/Mawlek_Col_Mawlek_Head__Damage_Flash__fsm_1131.md
Colosseum	Room_Colosseum_Gold	Mawlek_Col_Mawlek_Head	Mawlek_Head	1037	Colosseum/Room_Colosseum_Gold/Mawlek_Col_Mawlek_Head__Mawlek_Head__fsm_1037.md
Colosseum	Room_Colosseum_Gold	Mawlek_Col_Spit_Effect	Spit_Anim	921	Colosseum/Room_Colosseum_Gold/Mawlek_Col_Spit_Effect__Spit_Anim__fsm_921.md
Colosseum	Room_Colosseum_Gold	Mawlek_Col	Mawlek_Control	894	Colosseum/Room_Colosseum_Gold/Mawlek_Col__Mawlek_Control__fsm_894.md
Colosseum	Room_Colosseum_Gold	Shot_Mantis_Top_Detect	FSM	1101	Colosseum/Room_Colosseum_Gold/Shot_Mantis_Top_Detect__FSM__fsm_1101.md
Colosseum	Room_Colosseum_Gold	Shot_Mantis	Shot_Mantis	1054	Colosseum/Room_Colosseum_Gold/Shot_Mantis__Shot_Mantis__fsm_1054.md
Colosseum	Room_Colosseum_Gold	Unnamed	Big_Centipede	871	Colosseum/Room_Colosseum_Gold/Unnamed__Big_Centipede__fsm_871.md
Colosseum	Room_Colosseum_Gold	Unnamed	Blob	876	Colosseum/Room_Colosseum_Gold/Unnamed__Blob__fsm_876.md
Colosseum	Room_Colosseum_Gold	Unnamed	FSM	872	Colosseum/Room_Colosseum_Gold/Unnamed__FSM__fsm_872.md
Colosseum	Room_Colosseum_Gold	Unnamed	FSM	875	Colosseum/Room_Colosseum_Gold/Unnamed__FSM__fsm_875.md
Colosseum	Room_Colosseum_Gold	Unnamed	Glob_Audio	874	Colosseum/Room_Colosseum_Gold/Unnamed__Glob_Audio__fsm_874.md
Colosseum	Room_Colosseum_Gold	Unnamed	follow_hero	873	Colosseum/Room_Colosseum_Gold/Unnamed__follow_hero__fsm_873.md
Colosseum	Room_Colosseum_Gold	Vomit_Glob_NoiseFix	Vomit_Glob	967	Colosseum/Room_Colosseum_Gold/Vomit_Glob_NoiseFix__Vomit_Glob__fsm_967.md
Colosseum	Room_Colosseum_Gold	Vomit_Glob	Vomit_Glob	966	Colosseum/Room_Colosseum_Gold/Vomit_Glob__Vomit_Glob__fsm_966.md
Colosseum	Room_Colosseum_Silver	Blobble	Fatty_Fly_Attack	915	Colosseum/Room_Colosseum_Silver/Blobble__Fatty_Fly_Attack__fsm_915.md
Colosseum	Room_Colosseum_Silver	Blobble	fat_fly_bounce	809	Colosseum/Room_Colosseum_Silver/Blobble__fat_fly_bounce__fsm_809.md
Colosseum	Room_Colosseum_Silver	Bursting_Zombie_Alert_Range	FSM	892	Colosseum/Room_Colosseum_Silver/Bursting_Zombie_Alert_Range__FSM__fsm_892.md
Colosseum	Room_Colosseum_Silver	Bursting_Zombie_Explode_Field	FSM	960	Colosseum/Room_Colosseum_Silver/Bursting_Zombie_Explode_Field__FSM__fsm_960.md
Colosseum	Room_Colosseum_Silver	Bursting_Zombie	Attack	847	Colosseum/Room_Colosseum_Silver/Bursting_Zombie__Attack__fsm_847.md
Colosseum	Room_Colosseum_Silver	Ceiling_Dropper_Col	Ceiling_Dropper	824	Colosseum/Room_Colosseum_Silver/Ceiling_Dropper_Col__Ceiling_Dropper__fsm_824.md
Colosseum	Room_Colosseum_Silver	Colosseum_Armoured_Mosquito	FSM	906	Colosseum/Room_Colosseum_Silver/Colosseum_Armoured_Mosquito__FSM__fsm_906.md
Colosseum	Room_Colosseum_Silver	Colosseum_Armoured_Mosquito	Mozzie2	913	Colosseum/Room_Colosseum_Silver/Colosseum_Armoured_Mosquito__Mozzie2__fsm_913.md
Colosseum	Room_Colosseum_Silver	Colosseum_Flying_Sentry_Slash_Hit	nail_clash_tink	810	Colosseum/Room_Colosseum_Silver/Colosseum_Flying_Sentry_Slash_Hit__nail_clash_tink__fsm_810.md
Colosseum	Room_Colosseum_Silver	Colosseum_Flying_Sentry	Flying_Sentry_Nail	886	Colosseum/Room_Colosseum_Silver/Colosseum_Flying_Sentry__Flying_Sentry_Nail__fsm_886.md
Colosseum	Room_Colosseum_Silver	Colosseum_Flying_Sentry	Go_Upper	856	Colosseum/Room_Colosseum_Silver/Colosseum_Flying_Sentry__Go_Upper__fsm_856.md
Colosseum	Room_Colosseum_Silver	Colosseum_Worm_Air_Region	FSM	720	Colosseum/Room_Colosseum_Silver/Colosseum_Worm_Air_Region__FSM__fsm_720.md
Colosseum	Room_Colosseum_Silver	Colosseum_Worm_Alert_Region	FSM	772	Colosseum/Room_Colosseum_Silver/Colosseum_Worm_Alert_Region__FSM__fsm_772.md
Colosseum	Room_Colosseum_Silver	Colosseum_Worm_Attack_Region	FSM	891	Colosseum/Room_Colosseum_Silver/Colosseum_Worm_Attack_Region__FSM__fsm_891.md
Colosseum	Room_Colosseum_Silver	Colosseum_Worm_Charge_Region	FSM	812	Colosseum/Room_Colosseum_Silver/Colosseum_Worm_Charge_Region__FSM__fsm_812.md
Colosseum	Room_Colosseum_Silver	Colosseum_Worm_Ground_Slash	nail_clash_tink	830	Colosseum/Room_Colosseum_Silver/Colosseum_Worm_Ground_Slash__nail_clash_tink__fsm_830.md
Colosseum	Room_Colosseum_Silver	Colosseum_Worm_Wall_Check	FSM	754	Colosseum/Room_Colosseum_Silver/Colosseum_Worm_Wall_Check__FSM__fsm_754.md
Colosseum	Room_Colosseum_Silver	Colosseum_Worm	Ruins_Sentry_Fat	832	Colosseum/Room_Colosseum_Silver/Colosseum_Worm__Ruins_Sentry_Fat__fsm_832.md
Colosseum	Room_Colosseum_Silver	Corpse_Colosseum_Flying_Bug	Voice	934	Colosseum/Room_Colosseum_Silver/Corpse_Colosseum_Flying_Bug__Voice__fsm_934.md
Colosseum	Room_Colosseum_Silver	Corpse_Colosseum_Worm	Voice	969	Colosseum/Room_Colosseum_Silver/Corpse_Colosseum_Worm__Voice__fsm_969.md
Colosseum	Room_Colosseum_Silver	Corpse_Grub_Mimic	WAVE_END	937	Colosseum/Room_Colosseum_Silver/Corpse_Grub_Mimic__WAVE_END__fsm_937.md
Colosseum	Room_Colosseum_Silver	Corpse_Oblobble	Destroy_After_Time	897	Colosseum/Room_Colosseum_Silver/Corpse_Oblobble__Destroy_After_Time__fsm_897.md
Colosseum	Room_Colosseum_Silver	Corpse_Oblobble	End_Roar	894	Colosseum/Room_Colosseum_Silver/Corpse_Oblobble__End_Roar__fsm_894.md
Colosseum	Room_Colosseum_Silver	Corpse_Spitting_Zombie_Effects_Spit_Effect	FSM	909	Colosseum/Room_Colosseum_Silver/Corpse_Spitting_Zombie_Effects_Spit_Effect__FSM__fsm_909.md
Colosseum	Room_Colosseum_Silver	Corpse_Spitting_Zombie_Effects_Splat_Effect	FSM	836	Colosseum/Room_Colosseum_Silver/Corpse_Spitting_Zombie_Effects_Splat_Effect__FSM__fsm_836.md
Colosseum	Room_Colosseum_Silver	Gas_Explosion_L	Explosion_Control	888	Colosseum/Room_Colosseum_Silver/Gas_Explosion_L__Explosion_Control__fsm_888.md
Colosseum	Room_Colosseum_Silver	Gas_Explosion_L	damages_enemy	904	Colosseum/Room_Colosseum_Silver/Gas_Explosion_L__damages_enemy__fsm_904.md
Colosseum	Room_Colosseum_Silver	Gas_Explosion_L	damages_hero	745	Colosseum/Room_Colosseum_Silver/Gas_Explosion_L__damages_hero__fsm_745.md
Colosseum	Room_Colosseum_Silver	Gas_Explosion_L_orange_flash	fade_and_destroy	818	Colosseum/Room_Colosseum_Silver/Gas_Explosion_L_orange_flash__fade_and_destroy__fsm_818.md
Colosseum	Room_Colosseum_Silver	Gas_Explosion_M2	Explosion_Control	889	Colosseum/Room_Colosseum_Silver/Gas_Explosion_M2__Explosion_Control__fsm_889.md
Colosseum	Room_Colosseum_Silver	Gas_Explosion_M2	damages_enemy	905	Colosseum/Room_Colosseum_Silver/Gas_Explosion_M2__damages_enemy__fsm_905.md
Colosseum	Room_Colosseum_Silver	Giant_Hopper_Alert_Range	FSM	717	Colosseum/Room_Colosseum_Silver/Giant_Hopper_Alert_Range__FSM__fsm_717.md
Colosseum	Room_Colosseum_Silver	Giant_Hopper_Jump_Trail	Trail_Control	870	Colosseum/Room_Colosseum_Silver/Giant_Hopper_Jump_Trail__Trail_Control__fsm_870.md
Colosseum	Room_Colosseum_Silver	Giant_Hopper_Unalert_Range	FSM	873	Colosseum/Room_Colosseum_Silver/Giant_Hopper_Unalert_Range__FSM__fsm_873.md
Colosseum	Room_Colosseum_Silver	Giant_Hopper	Hopper	829	Colosseum/Room_Colosseum_Silver/Giant_Hopper__Hopper__fsm_829.md
Colosseum	Room_Colosseum_Silver	Grub_Mimic_Bottle_Col_Grub_Mimic_Top_Grub_Mimic	Grub_Mimic	936	Colosseum/Room_Colosseum_Silver/Grub_Mimic_Bottle_Col_Grub_Mimic_Top_Grub_Mimic__Grub_Mimic__fsm_936.md
Colosseum	Room_Colosseum_Silver	Grub_Mimic_Bottle_Col_Grub_Mimic_Top	Grub_Control	1002	Colosseum/Room_Colosseum_Silver/Grub_Mimic_Bottle_Col_Grub_Mimic_Top__Grub_Control__fsm_1002.md
Colosseum	Room_Colosseum_Silver	Grub_Mimic_Bottle_Col_Grub_Mimic_Top	enemy_dreamnail_reaction	956	Colosseum/Room_Colosseum_Silver/Grub_Mimic_Bottle_Col_Grub_Mimic_Top__enemy_dreamnail_reaction__fsm_956.md
Colosseum	Room_Colosseum_Silver	Grub_Mimic_Bottle_Col	Bottle_Control	766	Colosseum/Room_Colosseum_Silver/Grub_Mimic_Bottle_Col__Bottle_Control__fsm_766.md
Colosseum	Room_Colosseum_Silver	Grub_Mimic_Bottle	Bottle_Control	767	Colosseum/Room_Colosseum_Silver/Grub_Mimic_Bottle__Bottle_Control__fsm_767.md
Colosseum	Room_Colosseum_Silver	Hopper_Jump_Trail	Trail_Control	747	Colosseum/Room_Colosseum_Silver/Hopper_Jump_Trail__Trail_Control__fsm_747.md
Colosseum	Room_Colosseum_Silver	Hopper_Wall_Check	Wall_Check	884	Colosseum/Room_Colosseum_Silver/Hopper_Wall_Check__Wall_Check__fsm_884.md
Colosseum	Room_Colosseum_Silver	Hopper	Hopper	777	Colosseum/Room_Colosseum_Silver/Hopper__Hopper__fsm_777.md
Colosseum	Room_Colosseum_Silver	Spitting_Zombie_Hero_Detector	FSM	849	Colosseum/Room_Colosseum_Silver/Spitting_Zombie_Hero_Detector__FSM__fsm_849.md
Colosseum	Room_Colosseum_Silver	Spitting_Zombie_Spit_Effect	Spit_Anim	908	Colosseum/Room_Colosseum_Silver/Spitting_Zombie_Spit_Effect__Spit_Anim__fsm_908.md
Colosseum	Room_Colosseum_Silver	Spitting_Zombie	Spit	867	Colosseum/Room_Colosseum_Silver/Spitting_Zombie__Spit__fsm_867.md
Colosseum	Room_Colosseum_Silver	Super_Spitter_Unalert_Range	FSM	782	Colosseum/Room_Colosseum_Silver/Super_Spitter_Unalert_Range__FSM__fsm_782.md
Colosseum	Room_Colosseum_Silver	Super_Spitter	flyer_receive_direction_msg	799	Colosseum/Room_Colosseum_Silver/Super_Spitter__flyer_receive_direction_msg__fsm_799.md
Colosseum	Room_Colosseum_Silver	Super_Spitter	spitter	758	Colosseum/Room_Colosseum_Silver/Super_Spitter__spitter__fsm_758.md
Colosseum	Room_Colosseum_Silver	Thunk_Effect	destroy_after_anim	854	Colosseum/Room_Colosseum_Silver/Thunk_Effect__destroy_after_anim__fsm_854.md
Colosseum	Room_Colosseum_Silver	Unnamed	FSM	712	Colosseum/Room_Colosseum_Silver/Unnamed__FSM__fsm_712.md
Colosseum	Room_Colosseum_Silver	Unnamed	FSM	713	Colosseum/Room_Colosseum_Silver/Unnamed__FSM__fsm_713.md
Colosseum	Room_Colosseum_Spectate	Corpse_Flukeman_Bot	Spatter	16	Colosseum/Room_Colosseum_Spectate/Corpse_Flukeman_Bot__Spatter__fsm_16.md
Common	Menu_Title	Unnamed	FSM	180	Common/Menu_Title/Unnamed__FSM__fsm_180.md
Common	resources	Acid_Splash	FSM	21284	Common/resources/Acid_Splash__FSM__fsm_21284.md
Common	resources	Acid_Splash	Splash_Out_Control	20887	Common/resources/Acid_Splash__Splash_Out_Control__fsm_20887.md
Common	resources	Arrow_Prompt	Prompt_Control	22014	Common/resources/Arrow_Prompt__Prompt_Control__fsm_22014.md
Common	resources	Ash_1	Ash_Control	22543	Common/resources/Ash_1__Ash_Control__fsm_22543.md
Common	resources	Ash_1	destroy_out_of_camera	21934	Common/resources/Ash_1__destroy_out_of_camera__fsm_21934.md
Common	resources	Ash_2	Ash_Control	22542	Common/resources/Ash_2__Ash_Control__fsm_22542.md
Common	resources	Ash_2	destroy_out_of_camera	21933	Common/resources/Ash_2__destroy_out_of_camera__fsm_21933.md
Common	resources	Ash_3	Ash_Control	23169	Common/resources/Ash_3__Ash_Control__fsm_23169.md
Common	resources	Ash_3	destroy_out_of_camera	19631	Common/resources/Ash_3__destroy_out_of_camera__fsm_19631.md
Common	resources	Blue_Health_Hive	blue_health_display	21462	Common/resources/Blue_Health_Hive__blue_health_display__fsm_21462.md
Common	resources	Blue_Health	blue_health_display	21461	Common/resources/Blue_Health__blue_health_display__fsm_21461.md
Common	resources	Bound_Charm_Msg_Charms_prompt	color_fader	23355	Common/resources/Bound_Charm_Msg_Charms_prompt__color_fader__fsm_23355.md
Common	resources	Bound_Charm_Msg	Charm_Equip_Msg	23277	Common/resources/Bound_Charm_Msg__Charm_Equip_Msg__fsm_23277.md
Common	resources	Bound_Charm_Msg_backboard	color_fader	21748	Common/resources/Bound_Charm_Msg_backboard__color_fader__fsm_21748.md
Common	resources	Charm_Blocker	charm_unequip_shift	22364	Common/resources/Charm_Blocker__charm_unequip_shift__fsm_22364.md
Common	resources	Charm_Blue_Health_Large	charm_unequip_shift	22358	Common/resources/Charm_Blue_Health_Large__charm_unequip_shift__fsm_22358.md
Common	resources	Charm_Blue_Health_Small	charm_unequip_shift	22367	Common/resources/Charm_Blue_Health_Small__charm_unequip_shift__fsm_22367.md
Common	resources	Charm_Compass	charm_unequip_shift	20659	Common/resources/Charm_Compass__charm_unequip_shift__fsm_20659.md
Common	resources	Charm_Dashmaster	charm_unequip_shift	22365	Common/resources/Charm_Dashmaster__charm_unequip_shift__fsm_22365.md
Common	resources	Charm_Deep_Focus	charm_unequip_shift	22352	Common/resources/Charm_Deep_Focus__charm_unequip_shift__fsm_22352.md
Common	resources	Charm_Dream	charm_unequip_shift	22370	Common/resources/Charm_Dream__charm_unequip_shift__fsm_22370.md
Common	resources	Charm_Dreamshield	charm_unequip_shift	20239	Common/resources/Charm_Dreamshield__charm_unequip_shift__fsm_20239.md
Common	resources	Charm_Dung	charm_unequip_shift	22361	Common/resources/Charm_Dung__charm_unequip_shift__fsm_22361.md
Common	resources	Charm_EnemyRecoilUp	charm_unequip_shift	22348	Common/resources/Charm_EnemyRecoilUp__charm_unequip_shift__fsm_22348.md
Common	resources	Charm_Equip_Msg_Button_Info_ActionButtonIcon_Label	color_fader	22741	Common/resources/Charm_Equip_Msg_Button_Info_ActionButtonIcon_Label__color_fader__fsm_22741.md
Common	resources	Charm_Equip_Msg_Button_Info_ActionButtonIcon	color_fader	21085	Common/resources/Charm_Equip_Msg_Button_Info_ActionButtonIcon__color_fader__fsm_21085.md
Common	resources	Charm_Equip_Msg_Button_Info_Text_Press	color_fader	20190	Common/resources/Charm_Equip_Msg_Button_Info_Text_Press__color_fader__fsm_20190.md
Common	resources	Charm_Equip_Msg_Charms_prompt	color_fader	23354	Common/resources/Charm_Equip_Msg_Charms_prompt__color_fader__fsm_23354.md
Common	resources	Charm_Equip_Msg_Text	color_fader	21658	Common/resources/Charm_Equip_Msg_Text__color_fader__fsm_21658.md
Common	resources	Charm_Equip_Msg	Charm_Equip_Msg	23276	Common/resources/Charm_Equip_Msg__Charm_Equip_Msg__fsm_23276.md
Common	resources	Charm_Equip_Msg_backboard	color_fader	21747	Common/resources/Charm_Equip_Msg_backboard__color_fader__fsm_21747.md
Common	resources	Charm_Flukeman	charm_unequip_shift	20240	Common/resources/Charm_Flukeman__charm_unequip_shift__fsm_20240.md
Common	resources	Charm_Fury	charm_unequip_shift	20657	Common/resources/Charm_Fury__charm_unequip_shift__fsm_20657.md
Common	resources	Charm_GeoDropUp	charm_unequip_shift	22366	Common/resources/Charm_GeoDropUp__charm_unequip_shift__fsm_22366.md
Common	resources	Charm_GeoGatherer	charm_unequip_shift	21866	Common/resources/Charm_GeoGatherer__charm_unequip_shift__fsm_21866.md
Common	resources	Charm_Glass_Attack	charm_unequip_shift	20661	Common/resources/Charm_Glass_Attack__charm_unequip_shift__fsm_20661.md
Common	resources	Charm_Glass_Geo	charm_unequip_shift	20662	Common/resources/Charm_Glass_Geo__charm_unequip_shift__fsm_20662.md
Common	resources	Charm_Glass_Heal	charm_unequip_shift	20658	Common/resources/Charm_Glass_Heal__charm_unequip_shift__fsm_20658.md
Common	resources	Charm_Grimmchild	charm_unequip_shift	22353	Common/resources/Charm_Grimmchild__charm_unequip_shift__fsm_22353.md
Common	resources	Charm_Grubberfly	charm_unequip_shift	20237	Common/resources/Charm_Grubberfly__charm_unequip_shift__fsm_20237.md
Common	resources	Charm_Grubsoul	charm_unequip_shift	22362	Common/resources/Charm_Grubsoul__charm_unequip_shift__fsm_22362.md
Common	resources	Charm_Hatchlings	charm_unequip_shift	22351	Common/resources/Charm_Hatchlings__charm_unequip_shift__fsm_22351.md
Common	resources	Charm_Hive	charm_unequip_shift	22359	Common/resources/Charm_Hive__charm_unequip_shift__fsm_22359.md
Common	resources	Charm_JoniBlessing	charm_unequip_shift	22349	Common/resources/Charm_JoniBlessing__charm_unequip_shift__fsm_22349.md
Common	resources	Charm_Mage	charm_unequip_shift	22355	Common/resources/Charm_Mage__charm_unequip_shift__fsm_22355.md
Common	resources	Charm_Mantis	charm_unequip_shift	21867	Common/resources/Charm_Mantis__charm_unequip_shift__fsm_21867.md
Common	resources	Charm_Nailmaster	charm_unequip_shift	21863	Common/resources/Charm_Nailmaster__charm_unequip_shift__fsm_21863.md
Common	resources	Charm_NoRecoil	charm_unequip_shift	22354	Common/resources/Charm_NoRecoil__charm_unequip_shift__fsm_22354.md
Common	resources	Charm_Quick_Focus	charm_unequip_shift	22369	Common/resources/Charm_Quick_Focus__charm_unequip_shift__fsm_22369.md
Common	resources	Charm_Royal	charm_unequip_shift	22350	Common/resources/Charm_Royal__charm_unequip_shift__fsm_22350.md
Common	resources	Charm_Sharp_Shadow	charm_unequip_shift	22357	Common/resources/Charm_Sharp_Shadow__charm_unequip_shift__fsm_22357.md
Common	resources	Charm_Shroom	charm_unequip_shift	22346	Common/resources/Charm_Shroom__charm_unequip_shift__fsm_22346.md
Common	resources	Charm_Slash_Speed	charm_unequip_shift	22360	Common/resources/Charm_Slash_Speed__charm_unequip_shift__fsm_22360.md
Common	resources	Charm_Slug	charm_unequip_shift	22347	Common/resources/Charm_Slug__charm_unequip_shift__fsm_22347.md
Common	resources	Charm_SoulDrain_2	charm_unequip_shift	22356	Common/resources/Charm_SoulDrain_2__charm_unequip_shift__fsm_22356.md
Common	resources	Charm_SoulDrain	charm_unequip_shift	22363	Common/resources/Charm_SoulDrain__charm_unequip_shift__fsm_22363.md
Common	resources	Charm_SpellDamageUp	charm_unequip_shift	20660	Common/resources/Charm_SpellDamageUp__charm_unequip_shift__fsm_20660.md
Common	resources	Charm_Sprintmaster	charm_unequip_shift	22368	Common/resources/Charm_Sprintmaster__charm_unequip_shift__fsm_22368.md
Common	resources	Charm_StalwartShell	charm_unequip_shift	20238	Common/resources/Charm_StalwartShell__charm_unequip_shift__fsm_20238.md
Common	resources	Charm_Thorn_Counter	charm_unequip_shift	21864	Common/resources/Charm_Thorn_Counter__charm_unequip_shift__fsm_21864.md
Common	resources	Charm_Weaversong	charm_unequip_shift	21865	Common/resources/Charm_Weaversong__charm_unequip_shift__fsm_21865.md
Common	resources	Corpse_Head_Acid_Detector	Detect	22722	Common/resources/Corpse_Head_Acid_Detector__Detect__fsm_22722.md
Common	resources	Corpse_Head	Corpse_Head_Control	26047	Common/resources/Corpse_Head__Corpse_Head_Control__fsm_26047.md
Common	resources	Corpse_Nail_Hero	FSM	20005	Common/resources/Corpse_Nail_Hero__FSM__fsm_20005.md
Common	resources	Death_Crack	FSM	22982	Common/resources/Death_Crack__FSM__fsm_22982.md
Common	resources	Death_Crack	crack_control	22056	Common/resources/Death_Crack__crack_control__fsm_22056.md
Common	resources	Dung_Explosion	Explosion_Control	22764	Common/resources/Dung_Explosion__Explosion_Control__fsm_22764.md
Common	resources	Fireball2_Spiral	Fireball_Control	21097	Common/resources/Fireball2_Spiral__Fireball_Control__fsm_21097.md
Common	resources	Fireball2_Spiral	damages_enemy	19927	Common/resources/Fireball2_Spiral__damages_enemy__fsm_19927.md
Common	resources	Fireball2_Top	Fireball_Cast	19692	Common/resources/Fireball2_Top__Fireball_Cast__fsm_19692.md
Common	resources	Fireball_Blast	FSM	22340	Common/resources/Fireball_Blast__FSM__fsm_22340.md
Common	resources	Fireball_Terrain_Checker	FSM	23047	Common/resources/Fireball_Terrain_Checker__FSM__fsm_23047.md
Common	resources	Fireball_Top	Fireball_Cast	19986	Common/resources/Fireball_Top__Fireball_Cast__fsm_19986.md
Common	resources	Fireball	Fireball_Control	22985	Common/resources/Fireball__Fireball_Control__fsm_22985.md
Common	resources	Fireball	damages_enemy	20187	Common/resources/Fireball__damages_enemy__fsm_20187.md
Common	resources	GameCameras_CameraParent	CameraShake	21972	Common/resources/GameCameras_CameraParent__CameraShake__fsm_21972.md
Common	resources	GameCameras_CameraParent_tk2dCamera_Start_Blanker	Blanker_Control	23706	Common/resources/GameCameras_CameraParent_tk2dCamera_Start_Blanker__Blanker_Control__fsm_23706.md
Common	resources	GameCameras_CameraParent_tk2dCamera	CameraFade	21540	Common/resources/GameCameras_CameraParent_tk2dCamera__CameraFade__fsm_21540.md
Common	resources	GameCameras_CameraParent_tk2dCamera	Globalise	25242	Common/resources/GameCameras_CameraParent_tk2dCamera__Globalise__fsm_25242.md
Common	resources	GameCameras_HudCamera_2dtk_Blanker	Blanker_Control	23878	Common/resources/GameCameras_HudCamera_2dtk_Blanker__Blanker_Control__fsm_23878.md
Common	resources	GameCameras_HudCamera_Area_Title_Holder_Area_Title_Fleur_Bot	color_fader	24587	Common/resources/GameCameras_HudCamera_Area_Title_Holder_Area_Title_Fleur_Bot__color_fader__fsm_24587.md
Common	resources	GameCameras_HudCamera_Area_Title_Holder_Area_Title_Fleur_Top	color_fader	23633	Common/resources/GameCameras_HudCamera_Area_Title_Holder_Area_Title_Fleur_Top__color_fader__fsm_23633.md
Common	resources	GameCameras_HudCamera_Area_Title_Holder_Area_Title	Area_Title_Control	23699	Common/resources/GameCameras_HudCamera_Area_Title_Holder_Area_Title__Area_Title_Control__fsm_23699.md
Common	resources	GameCameras_HudCamera_Area_Title_Holder	Globalise_Area_Title	24087	Common/resources/GameCameras_HudCamera_Area_Title_Holder__Globalise_Area_Title__fsm_24087.md
Common	resources	GameCameras_HudCamera_Blanker_White	Blanker_Control	21812	Common/resources/GameCameras_HudCamera_Blanker_White__Blanker_Control__fsm_21812.md
Common	resources	GameCameras_HudCamera_Blanker_White	Globalise	23464	Common/resources/GameCameras_HudCamera_Blanker_White__Globalise__fsm_23464.md
Common	resources	GameCameras_HudCamera_Blanker	Blanker_Control	24382	Common/resources/GameCameras_HudCamera_Blanker__Blanker_Control__fsm_24382.md
Common	resources	GameCameras_HudCamera_Charm_Icons	Globalise	22727	Common/resources/GameCameras_HudCamera_Charm_Icons__Globalise__fsm_22727.md
Common	resources	GameCameras_HudCamera_DialogueManager_Box_Dream	Globalise	20348	Common/resources/GameCameras_HudCamera_DialogueManager_Box_Dream__Globalise__fsm_20348.md
Common	resources	GameCameras_HudCamera_DialogueManager_Dream_Msg	Display	21473	Common/resources/GameCameras_HudCamera_DialogueManager_Dream_Msg__Display__fsm_21473.md
Common	resources	GameCameras_HudCamera_DialogueManager_Text_Arrow	Arrow_Anim	22857	Common/resources/GameCameras_HudCamera_DialogueManager_Text_Arrow__Arrow_Anim__fsm_22857.md
Common	resources	GameCameras_HudCamera_DialogueManager_Text_Stop	Arrow_Anim	22459	Common/resources/GameCameras_HudCamera_DialogueManager_Text_Stop__Arrow_Anim__fsm_22459.md
Common	resources	GameCameras_HudCamera_DialogueManager_Text_YN_Geo_Text_Geo_Sprite	color_fader	21056	Common/resources/GameCameras_HudCamera_DialogueManager_Text_YN_Geo_Text_Geo_Sprite__color_fader__fsm_21056.md
Common	resources	GameCameras_HudCamera_DialogueManager_Text_YN_Geo_Text	color_fader	21643	Common/resources/GameCameras_HudCamera_DialogueManager_Text_YN_Geo_Text__color_fader__fsm_21643.md
Common	resources	GameCameras_HudCamera_DialogueManager_Text_YN_UI_List_No_Glow	Fader	22832	Common/resources/GameCameras_HudCamera_DialogueManager_Text_YN_UI_List_No_Glow__Fader__fsm_22832.md
Common	resources	GameCameras_HudCamera_DialogueManager_Text_YN_UI_List_No_Pointer_L	menu_pointer	20358	Common/resources/GameCameras_HudCamera_DialogueManager_Text_YN_UI_List_No_Pointer_L__menu_pointer__fsm_20358.md
Common	resources	GameCameras_HudCamera_DialogueManager_Text_YN_UI_List_No_Pointer_R	menu_pointer	23285	Common/resources/GameCameras_HudCamera_DialogueManager_Text_YN_UI_List_No_Pointer_R__menu_pointer__fsm_23285.md
Common	resources	GameCameras_HudCamera_DialogueManager_Text_YN_UI_List_No	color_fader	23063	Common/resources/GameCameras_HudCamera_DialogueManager_Text_YN_UI_List_No__color_fader__fsm_23063.md
Common	resources	GameCameras_HudCamera_DialogueManager_Text_YN_UI_List_No	ui_list_item	22831	Common/resources/GameCameras_HudCamera_DialogueManager_Text_YN_UI_List_No__ui_list_item__fsm_22831.md
Common	resources	GameCameras_HudCamera_DialogueManager_Text_YN_UI_List_Yes_Glow	Fader	20997	Common/resources/GameCameras_HudCamera_DialogueManager_Text_YN_UI_List_Yes_Glow__Fader__fsm_20997.md
Common	resources	GameCameras_HudCamera_DialogueManager_Text_YN_UI_List_Yes_Not_Enough_Not_Enough_Sub	Enough_Geo?	19830	Common/resources/GameCameras_HudCamera_DialogueManager_Text_YN_UI_List_Yes_Not_Enough_Not_Enough_Sub__Enough_Geo?__fsm_19830.md
Common	resources	GameCameras_HudCamera_DialogueManager_Text_YN_UI_List_Yes_Not_Enough_Not_Enough_Sub	ui_list_item	23028	Common/resources/GameCameras_HudCamera_DialogueManager_Text_YN_UI_List_Yes_Not_Enough_Not_Enough_Sub__ui_list_item__fsm_23028.md
Common	resources	GameCameras_HudCamera_DialogueManager_Text_YN_UI_List_Yes_Pointer_L	menu_pointer	19615	Common/resources/GameCameras_HudCamera_DialogueManager_Text_YN_UI_List_Yes_Pointer_L__menu_pointer__fsm_19615.md
Common	resources	GameCameras_HudCamera_DialogueManager_Text_YN_UI_List_Yes_Pointer_R	menu_pointer	20869	Common/resources/GameCameras_HudCamera_DialogueManager_Text_YN_UI_List_Yes_Pointer_R__menu_pointer__fsm_20869.md
Common	resources	GameCameras_HudCamera_DialogueManager_Text_YN_UI_List_Yes	Enough_Geo	21368	Common/resources/GameCameras_HudCamera_DialogueManager_Text_YN_UI_List_Yes__Enough_Geo__fsm_21368.md
Common	resources	GameCameras_HudCamera_DialogueManager_Text_YN_UI_List_Yes	color_fader	20634	Common/resources/GameCameras_HudCamera_DialogueManager_Text_YN_UI_List_Yes__color_fader__fsm_20634.md
Common	resources	GameCameras_HudCamera_DialogueManager_Text_YN_UI_List_Yes	ui_list_item	22559	Common/resources/GameCameras_HudCamera_DialogueManager_Text_YN_UI_List_Yes__ui_list_item__fsm_22559.md
Common	resources	GameCameras_HudCamera_DialogueManager_Text_YN_UI_List	ui_list	21336	Common/resources/GameCameras_HudCamera_DialogueManager_Text_YN_UI_List__ui_list__fsm_21336.md
Common	resources	GameCameras_HudCamera_DialogueManager_Text_YN_UI_List	ui_list_button_listen	22599	Common/resources/GameCameras_HudCamera_DialogueManager_Text_YN_UI_List__ui_list_button_listen__fsm_22599.md
Common	resources	GameCameras_HudCamera_DialogueManager_Text_YN	Dialogue_Page_Control	20872	Common/resources/GameCameras_HudCamera_DialogueManager_Text_YN__Dialogue_Page_Control__fsm_20872.md
Common	resources	GameCameras_HudCamera_DialogueManager_Text_YN	Globalise	19958	Common/resources/GameCameras_HudCamera_DialogueManager_Text_YN__Globalise__fsm_19958.md
Common	resources	GameCameras_HudCamera_DialogueManager_Text	Dialogue_Page_Control	19620	Common/resources/GameCameras_HudCamera_DialogueManager_Text__Dialogue_Page_Control__fsm_19620.md
Common	resources	GameCameras_HudCamera_DialogueManager_Text	Globalise	23266	Common/resources/GameCameras_HudCamera_DialogueManager_Text__Globalise__fsm_23266.md
Common	resources	GameCameras_HudCamera_DialogueManager	Box_Open_Dream	21105	Common/resources/GameCameras_HudCamera_DialogueManager__Box_Open_Dream__fsm_21105.md
Common	resources	GameCameras_HudCamera_DialogueManager	Box_Open_YN	22658	Common/resources/GameCameras_HudCamera_DialogueManager__Box_Open_YN__fsm_22658.md
Common	resources	GameCameras_HudCamera_DialogueManager	Box_Open	20434	Common/resources/GameCameras_HudCamera_DialogueManager__Box_Open__fsm_20434.md
Common	resources	GameCameras_HudCamera_DialogueManager	Globalise	23026	Common/resources/GameCameras_HudCamera_DialogueManager__Globalise__fsm_23026.md
Common	resources	GameCameras_HudCamera_Hud_Canvas_Extras_Blocker_HUD_Icon	Globalise	20381	Common/resources/GameCameras_HudCamera_Hud_Canvas_Extras_Blocker_HUD_Icon__Globalise__fsm_20381.md
Common	resources	GameCameras_HudCamera_Hud_Canvas_Extras_Bound_Charms_Icon	Control_Mesh_Renderer	26058	Common/resources/GameCameras_HudCamera_Hud_Canvas_Extras_Bound_Charms_Icon__Control_Mesh_Renderer__fsm_26058.md
Common	resources	GameCameras_HudCamera_Hud_Canvas_Extras_Bound_Nail_Icon	Control_Mesh_Renderer	26541	Common/resources/GameCameras_HudCamera_Hud_Canvas_Extras_Bound_Nail_Icon__Control_Mesh_Renderer__fsm_26541.md
Common	resources	GameCameras_HudCamera_Hud_Canvas_Extras_Dream_Nail_Amount	FSM	21051	Common/resources/GameCameras_HudCamera_Hud_Canvas_Extras_Dream_Nail_Amount__FSM__fsm_21051.md
Common	resources	GameCameras_HudCamera_Hud_Canvas_Extras_Dream_Nail	Control	22502	Common/resources/GameCameras_HudCamera_Hud_Canvas_Extras_Dream_Nail__Control__fsm_22502.md
Common	resources	GameCameras_HudCamera_Hud_Canvas_Geo_Counter_Add_Text	Fader	21607	Common/resources/GameCameras_HudCamera_Hud_Canvas_Geo_Counter_Add_Text__Fader__fsm_21607.md
Common	resources	GameCameras_HudCamera_Hud_Canvas_Geo_Counter_Geo_Sprite	Geo_Sprite	23356	Common/resources/GameCameras_HudCamera_Hud_Canvas_Geo_Counter_Geo_Sprite__Geo_Sprite__fsm_23356.md
Common	resources	GameCameras_HudCamera_Hud_Canvas_Geo_Counter_Geo_Text	Fader	19603	Common/resources/GameCameras_HudCamera_Hud_Canvas_Geo_Counter_Geo_Text__Fader__fsm_19603.md
Common	resources	GameCameras_HudCamera_Hud_Canvas_Geo_Counter_Subtract_Text	Fader	21942	Common/resources/GameCameras_HudCamera_Hud_Canvas_Geo_Counter_Subtract_Text__Fader__fsm_21942.md
Common	resources	GameCameras_HudCamera_Hud_Canvas_Geo_Counter	Geo_Counter	23298	Common/resources/GameCameras_HudCamera_Hud_Canvas_Geo_Counter__Geo_Counter__fsm_23298.md
Common	resources	GameCameras_HudCamera_Hud_Canvas_Geo_Counter	Globalise	24933	Common/resources/GameCameras_HudCamera_Hud_Canvas_Geo_Counter__Globalise__fsm_24933.md
Common	resources	GameCameras_HudCamera_Hud_Canvas_Health_Health_10	health_display	24142	Common/resources/GameCameras_HudCamera_Hud_Canvas_Health_Health_10__health_display__fsm_24142.md
Common	resources	GameCameras_HudCamera_Hud_Canvas_Health_Health_11	health_display	21054	Common/resources/GameCameras_HudCamera_Hud_Canvas_Health_Health_11__health_display__fsm_21054.md
Common	resources	GameCameras_HudCamera_Hud_Canvas_Health_Health_1	Fury_Effects	20973	Common/resources/GameCameras_HudCamera_Hud_Canvas_Health_Health_1__Fury_Effects__fsm_20973.md
Common	resources	GameCameras_HudCamera_Hud_Canvas_Health_Health_1	health_display	20263	Common/resources/GameCameras_HudCamera_Hud_Canvas_Health_Health_1__health_display__fsm_20263.md
Common	resources	GameCameras_HudCamera_Hud_Canvas_Health_Health_2	health_display	23340	Common/resources/GameCameras_HudCamera_Hud_Canvas_Health_Health_2__health_display__fsm_23340.md
Common	resources	GameCameras_HudCamera_Hud_Canvas_Health_Health_3	health_display	19846	Common/resources/GameCameras_HudCamera_Hud_Canvas_Health_Health_3__health_display__fsm_19846.md
Common	resources	GameCameras_HudCamera_Hud_Canvas_Health_Health_4	health_display	23375	Common/resources/GameCameras_HudCamera_Hud_Canvas_Health_Health_4__health_display__fsm_23375.md
Common	resources	GameCameras_HudCamera_Hud_Canvas_Health_Health_5	health_display	21608	Common/resources/GameCameras_HudCamera_Hud_Canvas_Health_Health_5__health_display__fsm_21608.md
Common	resources	GameCameras_HudCamera_Hud_Canvas_Health_Health_6	health_display	20304	Common/resources/GameCameras_HudCamera_Hud_Canvas_Health_Health_6__health_display__fsm_20304.md
Common	resources	GameCameras_HudCamera_Hud_Canvas_Health_Health_7	health_display	21841	Common/resources/GameCameras_HudCamera_Hud_Canvas_Health_Health_7__health_display__fsm_21841.md
Common	resources	GameCameras_HudCamera_Hud_Canvas_Health_Health_8	health_display	20433	Common/resources/GameCameras_HudCamera_Hud_Canvas_Health_Health_8__health_display__fsm_20433.md
Common	resources	GameCameras_HudCamera_Hud_Canvas_Health_Health_9	health_display	23316	Common/resources/GameCameras_HudCamera_Hud_Canvas_Health_Health_9__health_display__fsm_23316.md
Common	resources	GameCameras_HudCamera_Hud_Canvas_Health_Joni_Health	blue_health_display	21414	Common/resources/GameCameras_HudCamera_Hud_Canvas_Health_Joni_Health__blue_health_display__fsm_21414.md
Common	resources	GameCameras_HudCamera_Hud_Canvas_Health_Low_Health_Light	Fader	22603	Common/resources/GameCameras_HudCamera_Hud_Canvas_Health_Low_Health_Light__Fader__fsm_22603.md
Common	resources	GameCameras_HudCamera_Hud_Canvas_Health_Low_Health_Vignette	Vignette_Control	22545	Common/resources/GameCameras_HudCamera_Hud_Canvas_Health_Low_Health_Vignette__Vignette_Control__fsm_22545.md
Common	resources	GameCameras_HudCamera_Hud_Canvas_Health	Blue_Health_Control	19949	Common/resources/GameCameras_HudCamera_Hud_Canvas_Health__Blue_Health_Control__fsm_19949.md
Common	resources	GameCameras_HudCamera_Hud_Canvas_Health	Hive_Health_Regen	20423	Common/resources/GameCameras_HudCamera_Hud_Canvas_Health__Hive_Health_Regen__fsm_20423.md
Common	resources	GameCameras_HudCamera_Hud_Canvas_Health	Init_HP_On_Iv_Open	24967	Common/resources/GameCameras_HudCamera_Hud_Canvas_Health__Init_HP_On_Iv_Open__fsm_24967.md
Common	resources	GameCameras_HudCamera_Hud_Canvas_Health	Joni_Health	20312	Common/resources/GameCameras_HudCamera_Hud_Canvas_Health__Joni_Health__fsm_20312.md
Common	resources	GameCameras_HudCamera_Hud_Canvas_Health	Low_Health_FX	22846	Common/resources/GameCameras_HudCamera_Hud_Canvas_Health__Low_Health_FX__fsm_22846.md
Common	resources	GameCameras_HudCamera_Hud_Canvas_Soul_Orb_Binding_Cap_Full	FSM	26125	Common/resources/GameCameras_HudCamera_Hud_Canvas_Soul_Orb_Binding_Cap_Full__FSM__fsm_26125.md
Common	resources	GameCameras_HudCamera_Hud_Canvas_Soul_Orb_Eyes	Eyes_Control	21633	Common/resources/GameCameras_HudCamera_Hud_Canvas_Soul_Orb_Eyes__Eyes_Control__fsm_21633.md
Common	resources	GameCameras_HudCamera_Hud_Canvas_Soul_Orb_HUD_frame	Load_Animation	22618	Common/resources/GameCameras_HudCamera_Hud_Canvas_Soul_Orb_HUD_frame__Load_Animation__fsm_22618.md
Common	resources	GameCameras_HudCamera_Hud_Canvas_Soul_Orb_Limiter_Burst	Animate	19884	Common/resources/GameCameras_HudCamera_Hud_Canvas_Soul_Orb_Limiter_Burst__Animate__fsm_19884.md
Common	resources	GameCameras_HudCamera_Hud_Canvas_Soul_Orb_SoulOrb_fill_Liquid	Liquid_Control	20910	Common/resources/GameCameras_HudCamera_Hud_Canvas_Soul_Orb_SoulOrb_fill_Liquid__Liquid_Control__fsm_20910.md
Common	resources	GameCameras_HudCamera_Hud_Canvas_Soul_Orb_Soul_Orb_Break_Effect	Break	22598	Common/resources/GameCameras_HudCamera_Hud_Canvas_Soul_Orb_Soul_Orb_Break_Effect__Break__fsm_22598.md
Common	resources	GameCameras_HudCamera_Hud_Canvas_Soul_Orb_Vessels_Vessel_1_Flash	flash	23052	Common/resources/GameCameras_HudCamera_Hud_Canvas_Soul_Orb_Vessels_Vessel_1_Flash__flash__fsm_23052.md
Common	resources	GameCameras_HudCamera_Hud_Canvas_Soul_Orb_Vessels_Vessel_1	vessel_orb	22410	Common/resources/GameCameras_HudCamera_Hud_Canvas_Soul_Orb_Vessels_Vessel_1__vessel_orb__fsm_22410.md
Common	resources	GameCameras_HudCamera_Hud_Canvas_Soul_Orb_Vessels_Vessel_1	vessel_size	23040	Common/resources/GameCameras_HudCamera_Hud_Canvas_Soul_Orb_Vessels_Vessel_1__vessel_size__fsm_23040.md
Common	resources	GameCameras_HudCamera_Hud_Canvas_Soul_Orb_Vessels_Vessel_2_Flash	flash	22962	Common/resources/GameCameras_HudCamera_Hud_Canvas_Soul_Orb_Vessels_Vessel_2_Flash__flash__fsm_22962.md
Common	resources	GameCameras_HudCamera_Hud_Canvas_Soul_Orb_Vessels_Vessel_2	vessel_orb	21399	Common/resources/GameCameras_HudCamera_Hud_Canvas_Soul_Orb_Vessels_Vessel_2__vessel_orb__fsm_21399.md
Common	resources	GameCameras_HudCamera_Hud_Canvas_Soul_Orb_Vessels_Vessel_2	vessel_size	19768	Common/resources/GameCameras_HudCamera_Hud_Canvas_Soul_Orb_Vessels_Vessel_2__vessel_size__fsm_19768.md
Common	resources	GameCameras_HudCamera_Hud_Canvas_Soul_Orb_Vessels_Vessel_3_Flash	flash	21434	Common/resources/GameCameras_HudCamera_Hud_Canvas_Soul_Orb_Vessels_Vessel_3_Flash__flash__fsm_21434.md
Common	resources	GameCameras_HudCamera_Hud_Canvas_Soul_Orb_Vessels_Vessel_3	vessel_orb	19987	Common/resources/GameCameras_HudCamera_Hud_Canvas_Soul_Orb_Vessels_Vessel_3__vessel_orb__fsm_19987.md
Common	resources	GameCameras_HudCamera_Hud_Canvas_Soul_Orb_Vessels_Vessel_3	vessel_size	23237	Common/resources/GameCameras_HudCamera_Hud_Canvas_Soul_Orb_Vessels_Vessel_3__vessel_size__fsm_23237.md
Common	resources	GameCameras_HudCamera_Hud_Canvas_Soul_Orb_Vessels_Vessel_4_Flash	flash	20220	Common/resources/GameCameras_HudCamera_Hud_Canvas_Soul_Orb_Vessels_Vessel_4_Flash__flash__fsm_20220.md
Common	resources	GameCameras_HudCamera_Hud_Canvas_Soul_Orb_Vessels_Vessel_4	vessel_orb	20315	Common/resources/GameCameras_HudCamera_Hud_Canvas_Soul_Orb_Vessels_Vessel_4__vessel_orb__fsm_20315.md
Common	resources	GameCameras_HudCamera_Hud_Canvas_Soul_Orb_Vessels_Vessel_4	vessel_size	21015	Common/resources/GameCameras_HudCamera_Hud_Canvas_Soul_Orb_Vessels_Vessel_4__vessel_size__fsm_21015.md
Common	resources	GameCameras_HudCamera_Hud_Canvas_Soul_Orb_Vessels	Activate_on_Scene_Load	24988	Common/resources/GameCameras_HudCamera_Hud_Canvas_Soul_Orb_Vessels__Activate_on_Scene_Load__fsm_24988.md
Common	resources	GameCameras_HudCamera_Hud_Canvas_Soul_Orb_Vessels	Update_Vessels	23007	Common/resources/GameCameras_HudCamera_Hud_Canvas_Soul_Orb_Vessels__Update_Vessels__fsm_23007.md
Common	resources	GameCameras_HudCamera_Hud_Canvas_Soul_Orb_Vessels	Vessel_Drain	22031	Common/resources/GameCameras_HudCamera_Hud_Canvas_Soul_Orb_Vessels__Vessel_Drain__fsm_22031.md
Common	resources	GameCameras_HudCamera_Hud_Canvas_Soul_Orb_White_Flash	flash	22604	Common/resources/GameCameras_HudCamera_Hud_Canvas_Soul_Orb_White_Flash__flash__fsm_22604.md
Common	resources	GameCameras_HudCamera_Hud_Canvas_Soul_Orb	Soul_Orb_Control	20296	Common/resources/GameCameras_HudCamera_Hud_Canvas_Soul_Orb__Soul_Orb_Control__fsm_20296.md
Common	resources	GameCameras_HudCamera_Hud_Canvas	Globalise	21652	Common/resources/GameCameras_HudCamera_Hud_Canvas__Globalise__fsm_21652.md
Common	resources	GameCameras_HudCamera_Hud_Canvas	Slide_Out	22500	Common/resources/GameCameras_HudCamera_Hud_Canvas__Slide_Out__fsm_22500.md
Common	resources	GameCameras_HudCamera_Inventory_Border_Arrow_Left_Arrow_Left	Arrow_Anim	21505	Common/resources/GameCameras_HudCamera_Inventory_Border_Arrow_Left_Arrow_Left__Arrow_Anim__fsm_21505.md
Common	resources	GameCameras_HudCamera_Inventory_Border_Arrow_Right_Arrow_Right	Arrow_Anim	21719	Common/resources/GameCameras_HudCamera_Inventory_Border_Arrow_Right_Arrow_Right__Arrow_Anim__fsm_21719.md
Common	resources	GameCameras_HudCamera_Inventory_Border	Pane_Names	19761	Common/resources/GameCameras_HudCamera_Inventory_Border__Pane_Names__fsm_19761.md
Common	resources	GameCameras_HudCamera_Inventory_Charms_Collected_Charms_10	charm_show_if_collected	23225	Common/resources/GameCameras_HudCamera_Inventory_Charms_Collected_Charms_10__charm_show_if_collected__fsm_23225.md
Common	resources	GameCameras_HudCamera_Inventory_Charms_Collected_Charms_11	charm_show_if_collected	20345	Common/resources/GameCameras_HudCamera_Inventory_Charms_Collected_Charms_11__charm_show_if_collected__fsm_20345.md
Common	resources	GameCameras_HudCamera_Inventory_Charms_Collected_Charms_12	charm_show_if_collected	21107	Common/resources/GameCameras_HudCamera_Inventory_Charms_Collected_Charms_12__charm_show_if_collected__fsm_21107.md
Common	resources	GameCameras_HudCamera_Inventory_Charms_Collected_Charms_13	charm_show_if_collected	21690	Common/resources/GameCameras_HudCamera_Inventory_Charms_Collected_Charms_13__charm_show_if_collected__fsm_21690.md
Common	resources	GameCameras_HudCamera_Inventory_Charms_Collected_Charms_14	charm_show_if_collected	22709	Common/resources/GameCameras_HudCamera_Inventory_Charms_Collected_Charms_14__charm_show_if_collected__fsm_22709.md
Common	resources	GameCameras_HudCamera_Inventory_Charms_Collected_Charms_15	charm_show_if_collected	22588	Common/resources/GameCameras_HudCamera_Inventory_Charms_Collected_Charms_15__charm_show_if_collected__fsm_22588.md
Common	resources	GameCameras_HudCamera_Inventory_Charms_Collected_Charms_16	charm_show_if_collected	23278	Common/resources/GameCameras_HudCamera_Inventory_Charms_Collected_Charms_16__charm_show_if_collected__fsm_23278.md
Common	resources	GameCameras_HudCamera_Inventory_Charms_Collected_Charms_17	charm_show_if_collected	23161	Common/resources/GameCameras_HudCamera_Inventory_Charms_Collected_Charms_17__charm_show_if_collected__fsm_23161.md
Common	resources	GameCameras_HudCamera_Inventory_Charms_Collected_Charms_18	charm_show_if_collected	21871	Common/resources/GameCameras_HudCamera_Inventory_Charms_Collected_Charms_18__charm_show_if_collected__fsm_21871.md
Common	resources	GameCameras_HudCamera_Inventory_Charms_Collected_Charms_19	charm_show_if_collected	22455	Common/resources/GameCameras_HudCamera_Inventory_Charms_Collected_Charms_19__charm_show_if_collected__fsm_22455.md
Common	resources	GameCameras_HudCamera_Inventory_Charms_Collected_Charms_1	charm_show_if_collected	20989	Common/resources/GameCameras_HudCamera_Inventory_Charms_Collected_Charms_1__charm_show_if_collected__fsm_20989.md
Common	resources	GameCameras_HudCamera_Inventory_Charms_Collected_Charms_20	charm_show_if_collected	21449	Common/resources/GameCameras_HudCamera_Inventory_Charms_Collected_Charms_20__charm_show_if_collected__fsm_21449.md
Common	resources	GameCameras_HudCamera_Inventory_Charms_Collected_Charms_21	charm_show_if_collected	22420	Common/resources/GameCameras_HudCamera_Inventory_Charms_Collected_Charms_21__charm_show_if_collected__fsm_22420.md
Common	resources	GameCameras_HudCamera_Inventory_Charms_Collected_Charms_22	charm_show_if_collected	22768	Common/resources/GameCameras_HudCamera_Inventory_Charms_Collected_Charms_22__charm_show_if_collected__fsm_22768.md
Common	resources	GameCameras_HudCamera_Inventory_Charms_Collected_Charms_23	charm_show_if_collected	22600	Common/resources/GameCameras_HudCamera_Inventory_Charms_Collected_Charms_23__charm_show_if_collected__fsm_22600.md
Common	resources	GameCameras_HudCamera_Inventory_Charms_Collected_Charms_24	charm_show_if_collected	21545	Common/resources/GameCameras_HudCamera_Inventory_Charms_Collected_Charms_24__charm_show_if_collected__fsm_21545.md
Common	resources	GameCameras_HudCamera_Inventory_Charms_Collected_Charms_25	charm_show_if_collected	20268	Common/resources/GameCameras_HudCamera_Inventory_Charms_Collected_Charms_25__charm_show_if_collected__fsm_20268.md
Common	resources	GameCameras_HudCamera_Inventory_Charms_Collected_Charms_26	charm_show_if_collected	19892	Common/resources/GameCameras_HudCamera_Inventory_Charms_Collected_Charms_26__charm_show_if_collected__fsm_19892.md
Common	resources	GameCameras_HudCamera_Inventory_Charms_Collected_Charms_27	charm_show_if_collected	20001	Common/resources/GameCameras_HudCamera_Inventory_Charms_Collected_Charms_27__charm_show_if_collected__fsm_20001.md
Common	resources	GameCameras_HudCamera_Inventory_Charms_Collected_Charms_28	charm_show_if_collected	19726	Common/resources/GameCameras_HudCamera_Inventory_Charms_Collected_Charms_28__charm_show_if_collected__fsm_19726.md
Common	resources	GameCameras_HudCamera_Inventory_Charms_Collected_Charms_29	charm_show_if_collected	20364	Common/resources/GameCameras_HudCamera_Inventory_Charms_Collected_Charms_29__charm_show_if_collected__fsm_20364.md
Common	resources	GameCameras_HudCamera_Inventory_Charms_Collected_Charms_2	charm_show_if_collected	20731	Common/resources/GameCameras_HudCamera_Inventory_Charms_Collected_Charms_2__charm_show_if_collected__fsm_20731.md
Common	resources	GameCameras_HudCamera_Inventory_Charms_Collected_Charms_30	charm_show_if_collected	19656	Common/resources/GameCameras_HudCamera_Inventory_Charms_Collected_Charms_30__charm_show_if_collected__fsm_19656.md
Common	resources	GameCameras_HudCamera_Inventory_Charms_Collected_Charms_31	charm_show_if_collected	19618	Common/resources/GameCameras_HudCamera_Inventory_Charms_Collected_Charms_31__charm_show_if_collected__fsm_19618.md
Common	resources	GameCameras_HudCamera_Inventory_Charms_Collected_Charms_32	charm_show_if_collected	21910	Common/resources/GameCameras_HudCamera_Inventory_Charms_Collected_Charms_32__charm_show_if_collected__fsm_21910.md
Common	resources	GameCameras_HudCamera_Inventory_Charms_Collected_Charms_33	charm_show_if_collected	21781	Common/resources/GameCameras_HudCamera_Inventory_Charms_Collected_Charms_33__charm_show_if_collected__fsm_21781.md
Common	resources	GameCameras_HudCamera_Inventory_Charms_Collected_Charms_34	charm_show_if_collected	20687	Common/resources/GameCameras_HudCamera_Inventory_Charms_Collected_Charms_34__charm_show_if_collected__fsm_20687.md
Common	resources	GameCameras_HudCamera_Inventory_Charms_Collected_Charms_35	charm_show_if_collected	21733	Common/resources/GameCameras_HudCamera_Inventory_Charms_Collected_Charms_35__charm_show_if_collected__fsm_21733.md
Common	resources	GameCameras_HudCamera_Inventory_Charms_Collected_Charms_36	charm_show_if_collected	23840	Common/resources/GameCameras_HudCamera_Inventory_Charms_Collected_Charms_36__charm_show_if_collected__fsm_23840.md
Common	resources	GameCameras_HudCamera_Inventory_Charms_Collected_Charms_37	charm_show_if_collected	25277	Common/resources/GameCameras_HudCamera_Inventory_Charms_Collected_Charms_37__charm_show_if_collected__fsm_25277.md
Common	resources	GameCameras_HudCamera_Inventory_Charms_Collected_Charms_38	charm_show_if_collected	23994	Common/resources/GameCameras_HudCamera_Inventory_Charms_Collected_Charms_38__charm_show_if_collected__fsm_23994.md
Common	resources	GameCameras_HudCamera_Inventory_Charms_Collected_Charms_39	charm_show_if_collected	25162	Common/resources/GameCameras_HudCamera_Inventory_Charms_Collected_Charms_39__charm_show_if_collected__fsm_25162.md
Common	resources	GameCameras_HudCamera_Inventory_Charms_Collected_Charms_3	charm_show_if_collected	23236	Common/resources/GameCameras_HudCamera_Inventory_Charms_Collected_Charms_3__charm_show_if_collected__fsm_23236.md
Common	resources	GameCameras_HudCamera_Inventory_Charms_Collected_Charms_40	charm_show_if_collected	20906	Common/resources/GameCameras_HudCamera_Inventory_Charms_Collected_Charms_40__charm_show_if_collected__fsm_20906.md
Common	resources	GameCameras_HudCamera_Inventory_Charms_Collected_Charms_4	charm_show_if_collected	20026	Common/resources/GameCameras_HudCamera_Inventory_Charms_Collected_Charms_4__charm_show_if_collected__fsm_20026.md
Common	resources	GameCameras_HudCamera_Inventory_Charms_Collected_Charms_5	charm_show_if_collected	19710	Common/resources/GameCameras_HudCamera_Inventory_Charms_Collected_Charms_5__charm_show_if_collected__fsm_19710.md
Common	resources	GameCameras_HudCamera_Inventory_Charms_Collected_Charms_6	charm_show_if_collected	20107	Common/resources/GameCameras_HudCamera_Inventory_Charms_Collected_Charms_6__charm_show_if_collected__fsm_20107.md
Common	resources	GameCameras_HudCamera_Inventory_Charms_Collected_Charms_7	charm_show_if_collected	19598	Common/resources/GameCameras_HudCamera_Inventory_Charms_Collected_Charms_7__charm_show_if_collected__fsm_19598.md
Common	resources	GameCameras_HudCamera_Inventory_Charms_Collected_Charms_8	charm_show_if_collected	22944	Common/resources/GameCameras_HudCamera_Inventory_Charms_Collected_Charms_8__charm_show_if_collected__fsm_22944.md
Common	resources	GameCameras_HudCamera_Inventory_Charms_Collected_Charms_9	charm_show_if_collected	19989	Common/resources/GameCameras_HudCamera_Inventory_Charms_Collected_Charms_9__charm_show_if_collected__fsm_19989.md
Common	resources	GameCameras_HudCamera_Inventory_Charms_Collected_Charms_Text_Collection	Change_Fader	20328	Common/resources/GameCameras_HudCamera_Inventory_Charms_Collected_Charms_Text_Collection__Change_Fader__fsm_20328.md
Common	resources	GameCameras_HudCamera_Inventory_Charms_Collected_Charms_Text_Collection	FSM	19619	Common/resources/GameCameras_HudCamera_Inventory_Charms_Collected_Charms_Text_Collection__FSM__fsm_19619.md
Common	resources	GameCameras_HudCamera_Inventory_Charms_Collected_Charms_Text_Collection	FSM	20229	Common/resources/GameCameras_HudCamera_Inventory_Charms_Collected_Charms_Text_Collection__FSM__fsm_20229.md
Common	resources	GameCameras_HudCamera_Inventory_Charms_Confirm_Action	Down	23143	Common/resources/GameCameras_HudCamera_Inventory_Charms_Confirm_Action__Down__fsm_23143.md
Common	resources	GameCameras_HudCamera_Inventory_Charms_Cursor_BL_Sprite	Tween	26103	Common/resources/GameCameras_HudCamera_Inventory_Charms_Cursor_BL_Sprite__Tween__fsm_26103.md
Common	resources	GameCameras_HudCamera_Inventory_Charms_Cursor_BR_Sprite	Tween	19915	Common/resources/GameCameras_HudCamera_Inventory_Charms_Cursor_BR_Sprite__Tween__fsm_19915.md
Common	resources	GameCameras_HudCamera_Inventory_Charms_Cursor_TL_Sprite	Tween	23121	Common/resources/GameCameras_HudCamera_Inventory_Charms_Cursor_TL_Sprite__Tween__fsm_23121.md
Common	resources	GameCameras_HudCamera_Inventory_Charms_Cursor_TR_Sprite	Tween	19605	Common/resources/GameCameras_HudCamera_Inventory_Charms_Cursor_TR_Sprite__Tween__fsm_19605.md
Common	resources	GameCameras_HudCamera_Inventory_Charms_Cursor	Cursor_Movement	21636	Common/resources/GameCameras_HudCamera_Inventory_Charms_Cursor__Cursor_Movement__fsm_21636.md
Common	resources	GameCameras_HudCamera_Inventory_Charms_Details_Cost_Cost_1	FSM	22447	Common/resources/GameCameras_HudCamera_Inventory_Charms_Details_Cost_Cost_1__FSM__fsm_22447.md
Common	resources	GameCameras_HudCamera_Inventory_Charms_Details_Cost_Cost_2	FSM	21448	Common/resources/GameCameras_HudCamera_Inventory_Charms_Details_Cost_Cost_2__FSM__fsm_21448.md
Common	resources	GameCameras_HudCamera_Inventory_Charms_Details_Cost_Cost_3	FSM	20073	Common/resources/GameCameras_HudCamera_Inventory_Charms_Details_Cost_Cost_3__FSM__fsm_20073.md
Common	resources	GameCameras_HudCamera_Inventory_Charms_Details_Cost_Cost_4	FSM	22843	Common/resources/GameCameras_HudCamera_Inventory_Charms_Details_Cost_Cost_4__FSM__fsm_22843.md
Common	resources	GameCameras_HudCamera_Inventory_Charms_Details_Cost_Cost_5	FSM	21697	Common/resources/GameCameras_HudCamera_Inventory_Charms_Details_Cost_Cost_5__FSM__fsm_21697.md
Common	resources	GameCameras_HudCamera_Inventory_Charms_Details_Cost_Cost_6	FSM	21388	Common/resources/GameCameras_HudCamera_Inventory_Charms_Details_Cost_Cost_6__FSM__fsm_21388.md
Common	resources	GameCameras_HudCamera_Inventory_Charms_Details_Cost	Charm_Details_Cost	21338	Common/resources/GameCameras_HudCamera_Inventory_Charms_Details_Cost__Charm_Details_Cost__fsm_21338.md
Common	resources	GameCameras_HudCamera_Inventory_Charms_Details_Detail_Sprite	FSM	21482	Common/resources/GameCameras_HudCamera_Inventory_Charms_Details_Detail_Sprite__FSM__fsm_21482.md
Common	resources	GameCameras_HudCamera_Inventory_Charms_Details_Detail_Sprite	Update_Sprite	20995	Common/resources/GameCameras_HudCamera_Inventory_Charms_Details_Detail_Sprite__Update_Sprite__fsm_20995.md
Common	resources	GameCameras_HudCamera_Inventory_Charms_Equipped_Charms_Next_Dot_Sprite	FSM	20159	Common/resources/GameCameras_HudCamera_Inventory_Charms_Equipped_Charms_Next_Dot_Sprite__FSM__fsm_20159.md
Common	resources	GameCameras_HudCamera_Inventory_Charms_Equipped_Charms_Next_Dot	Up_and_Down	22661	Common/resources/GameCameras_HudCamera_Inventory_Charms_Equipped_Charms_Next_Dot__Up_and_Down__fsm_22661.md
Common	resources	GameCameras_HudCamera_Inventory_Charms_Equipped_Charms_Next_Dot	charm_unequip_shift	19677	Common/resources/GameCameras_HudCamera_Inventory_Charms_Equipped_Charms_Next_Dot__charm_unequip_shift__fsm_19677.md
Common	resources	GameCameras_HudCamera_Inventory_Charms_Equipped_Charms_Notches_Charm_Cost_10_Sprite_Empty	FSM	19976	Common/resources/GameCameras_HudCamera_Inventory_Charms_Equipped_Charms_Notches_Charm_Cost_10_Sprite_Empty__FSM__fsm_19976.md
Common	resources	GameCameras_HudCamera_Inventory_Charms_Equipped_Charms_Notches_Charm_Cost_10_Sprite_Full	FSM	20251	Common/resources/GameCameras_HudCamera_Inventory_Charms_Equipped_Charms_Notches_Charm_Cost_10_Sprite_Full__FSM__fsm_20251.md
Common	resources	GameCameras_HudCamera_Inventory_Charms_Equipped_Charms_Notches_Charm_Cost_10	charm_cost_indicator	21536	Common/resources/GameCameras_HudCamera_Inventory_Charms_Equipped_Charms_Notches_Charm_Cost_10__charm_cost_indicator__fsm_21536.md
Common	resources	GameCameras_HudCamera_Inventory_Charms_Equipped_Charms_Notches_Charm_Cost_11_Sprite_Empty	FSM	21421	Common/resources/GameCameras_HudCamera_Inventory_Charms_Equipped_Charms_Notches_Charm_Cost_11_Sprite_Empty__FSM__fsm_21421.md
Common	resources	GameCameras_HudCamera_Inventory_Charms_Equipped_Charms_Notches_Charm_Cost_11_Sprite_Full	FSM	20707	Common/resources/GameCameras_HudCamera_Inventory_Charms_Equipped_Charms_Notches_Charm_Cost_11_Sprite_Full__FSM__fsm_20707.md
Common	resources	GameCameras_HudCamera_Inventory_Charms_Equipped_Charms_Notches_Charm_Cost_11	charm_cost_indicator	23300	Common/resources/GameCameras_HudCamera_Inventory_Charms_Equipped_Charms_Notches_Charm_Cost_11__charm_cost_indicator__fsm_23300.md
Common	resources	GameCameras_HudCamera_Inventory_Charms_Equipped_Charms_Notches_Charm_Cost_12_Sprite_Empty	FSM	23127	Common/resources/GameCameras_HudCamera_Inventory_Charms_Equipped_Charms_Notches_Charm_Cost_12_Sprite_Empty__FSM__fsm_23127.md
Common	resources	GameCameras_HudCamera_Inventory_Charms_Equipped_Charms_Notches_Charm_Cost_12_Sprite_Full	FSM	20994	Common/resources/GameCameras_HudCamera_Inventory_Charms_Equipped_Charms_Notches_Charm_Cost_12_Sprite_Full__FSM__fsm_20994.md
Common	resources	GameCameras_HudCamera_Inventory_Charms_Equipped_Charms_Notches_Charm_Cost_12	charm_cost_indicator	20635	Common/resources/GameCameras_HudCamera_Inventory_Charms_Equipped_Charms_Notches_Charm_Cost_12__charm_cost_indicator__fsm_20635.md
Common	resources	GameCameras_HudCamera_Inventory_Charms_Equipped_Charms_Notches_Charm_Cost_1_Sprite_Empty	FSM	19669	Common/resources/GameCameras_HudCamera_Inventory_Charms_Equipped_Charms_Notches_Charm_Cost_1_Sprite_Empty__FSM__fsm_19669.md
Common	resources	GameCameras_HudCamera_Inventory_Charms_Equipped_Charms_Notches_Charm_Cost_1_Sprite_Full	FSM	23220	Common/resources/GameCameras_HudCamera_Inventory_Charms_Equipped_Charms_Notches_Charm_Cost_1_Sprite_Full__FSM__fsm_23220.md
Common	resources	GameCameras_HudCamera_Inventory_Charms_Equipped_Charms_Notches_Charm_Cost_1	charm_cost_indicator	22641	Common/resources/GameCameras_HudCamera_Inventory_Charms_Equipped_Charms_Notches_Charm_Cost_1__charm_cost_indicator__fsm_22641.md
Common	resources	GameCameras_HudCamera_Inventory_Charms_Equipped_Charms_Notches_Charm_Cost_2_Sprite_Empty	FSM	20024	Common/resources/GameCameras_HudCamera_Inventory_Charms_Equipped_Charms_Notches_Charm_Cost_2_Sprite_Empty__FSM__fsm_20024.md
Common	resources	GameCameras_HudCamera_Inventory_Charms_Equipped_Charms_Notches_Charm_Cost_2_Sprite_Full	FSM	19776	Common/resources/GameCameras_HudCamera_Inventory_Charms_Equipped_Charms_Notches_Charm_Cost_2_Sprite_Full__FSM__fsm_19776.md
Common	resources	GameCameras_HudCamera_Inventory_Charms_Equipped_Charms_Notches_Charm_Cost_2	charm_cost_indicator	23297	Common/resources/GameCameras_HudCamera_Inventory_Charms_Equipped_Charms_Notches_Charm_Cost_2__charm_cost_indicator__fsm_23297.md
Common	resources	GameCameras_HudCamera_Inventory_Charms_Equipped_Charms_Notches_Charm_Cost_3_Sprite_Empty	FSM	21544	Common/resources/GameCameras_HudCamera_Inventory_Charms_Equipped_Charms_Notches_Charm_Cost_3_Sprite_Empty__FSM__fsm_21544.md
Common	resources	GameCameras_HudCamera_Inventory_Charms_Equipped_Charms_Notches_Charm_Cost_3_Sprite_Full	FSM	19959	Common/resources/GameCameras_HudCamera_Inventory_Charms_Equipped_Charms_Notches_Charm_Cost_3_Sprite_Full__FSM__fsm_19959.md
Common	resources	GameCameras_HudCamera_Inventory_Charms_Equipped_Charms_Notches_Charm_Cost_3	charm_cost_indicator	21568	Common/resources/GameCameras_HudCamera_Inventory_Charms_Equipped_Charms_Notches_Charm_Cost_3__charm_cost_indicator__fsm_21568.md
Common	resources	GameCameras_HudCamera_Inventory_Charms_Equipped_Charms_Notches_Charm_Cost_4_Sprite_Empty	FSM	22525	Common/resources/GameCameras_HudCamera_Inventory_Charms_Equipped_Charms_Notches_Charm_Cost_4_Sprite_Empty__FSM__fsm_22525.md
Common	resources	GameCameras_HudCamera_Inventory_Charms_Equipped_Charms_Notches_Charm_Cost_4_Sprite_Full	FSM	19717	Common/resources/GameCameras_HudCamera_Inventory_Charms_Equipped_Charms_Notches_Charm_Cost_4_Sprite_Full__FSM__fsm_19717.md
Common	resources	GameCameras_HudCamera_Inventory_Charms_Equipped_Charms_Notches_Charm_Cost_4	charm_cost_indicator	21688	Common/resources/GameCameras_HudCamera_Inventory_Charms_Equipped_Charms_Notches_Charm_Cost_4__charm_cost_indicator__fsm_21688.md
Common	resources	GameCameras_HudCamera_Inventory_Charms_Equipped_Charms_Notches_Charm_Cost_5_Sprite_Empty	FSM	21834	Common/resources/GameCameras_HudCamera_Inventory_Charms_Equipped_Charms_Notches_Charm_Cost_5_Sprite_Empty__FSM__fsm_21834.md
Common	resources	GameCameras_HudCamera_Inventory_Charms_Equipped_Charms_Notches_Charm_Cost_5_Sprite_Full	FSM	23283	Common/resources/GameCameras_HudCamera_Inventory_Charms_Equipped_Charms_Notches_Charm_Cost_5_Sprite_Full__FSM__fsm_23283.md
Common	resources	GameCameras_HudCamera_Inventory_Charms_Equipped_Charms_Notches_Charm_Cost_5	charm_cost_indicator	22794	Common/resources/GameCameras_HudCamera_Inventory_Charms_Equipped_Charms_Notches_Charm_Cost_5__charm_cost_indicator__fsm_22794.md
Common	resources	GameCameras_HudCamera_Inventory_Charms_Equipped_Charms_Notches_Charm_Cost_6_Sprite_Empty	FSM	19814	Common/resources/GameCameras_HudCamera_Inventory_Charms_Equipped_Charms_Notches_Charm_Cost_6_Sprite_Empty__FSM__fsm_19814.md
Common	resources	GameCameras_HudCamera_Inventory_Charms_Equipped_Charms_Notches_Charm_Cost_6_Sprite_Full	FSM	20696	Common/resources/GameCameras_HudCamera_Inventory_Charms_Equipped_Charms_Notches_Charm_Cost_6_Sprite_Full__FSM__fsm_20696.md
Common	resources	GameCameras_HudCamera_Inventory_Charms_Equipped_Charms_Notches_Charm_Cost_6	charm_cost_indicator	20894	Common/resources/GameCameras_HudCamera_Inventory_Charms_Equipped_Charms_Notches_Charm_Cost_6__charm_cost_indicator__fsm_20894.md
Common	resources	GameCameras_HudCamera_Inventory_Charms_Equipped_Charms_Notches_Charm_Cost_7_Sprite_Empty	FSM	22495	Common/resources/GameCameras_HudCamera_Inventory_Charms_Equipped_Charms_Notches_Charm_Cost_7_Sprite_Empty__FSM__fsm_22495.md
Common	resources	GameCameras_HudCamera_Inventory_Charms_Equipped_Charms_Notches_Charm_Cost_7_Sprite_Full	FSM	22953	Common/resources/GameCameras_HudCamera_Inventory_Charms_Equipped_Charms_Notches_Charm_Cost_7_Sprite_Full__FSM__fsm_22953.md
Common	resources	GameCameras_HudCamera_Inventory_Charms_Equipped_Charms_Notches_Charm_Cost_7	charm_cost_indicator	22684	Common/resources/GameCameras_HudCamera_Inventory_Charms_Equipped_Charms_Notches_Charm_Cost_7__charm_cost_indicator__fsm_22684.md
Common	resources	GameCameras_HudCamera_Inventory_Charms_Equipped_Charms_Notches_Charm_Cost_8_Sprite_Empty	FSM	20871	Common/resources/GameCameras_HudCamera_Inventory_Charms_Equipped_Charms_Notches_Charm_Cost_8_Sprite_Empty__FSM__fsm_20871.md
Common	resources	GameCameras_HudCamera_Inventory_Charms_Equipped_Charms_Notches_Charm_Cost_8_Sprite_Full	FSM	22497	Common/resources/GameCameras_HudCamera_Inventory_Charms_Equipped_Charms_Notches_Charm_Cost_8_Sprite_Full__FSM__fsm_22497.md
Common	resources	GameCameras_HudCamera_Inventory_Charms_Equipped_Charms_Notches_Charm_Cost_8	charm_cost_indicator	20740	Common/resources/GameCameras_HudCamera_Inventory_Charms_Equipped_Charms_Notches_Charm_Cost_8__charm_cost_indicator__fsm_20740.md
Common	resources	GameCameras_HudCamera_Inventory_Charms_Equipped_Charms_Notches_Charm_Cost_9_Sprite_Empty	FSM	20885	Common/resources/GameCameras_HudCamera_Inventory_Charms_Equipped_Charms_Notches_Charm_Cost_9_Sprite_Empty__FSM__fsm_20885.md
Common	resources	GameCameras_HudCamera_Inventory_Charms_Equipped_Charms_Notches_Charm_Cost_9_Sprite_Full	FSM	23085	Common/resources/GameCameras_HudCamera_Inventory_Charms_Equipped_Charms_Notches_Charm_Cost_9_Sprite_Full__FSM__fsm_23085.md
Common	resources	GameCameras_HudCamera_Inventory_Charms_Equipped_Charms_Notches_Charm_Cost_9	charm_cost_indicator	19695	Common/resources/GameCameras_HudCamera_Inventory_Charms_Equipped_Charms_Notches_Charm_Cost_9__charm_cost_indicator__fsm_19695.md
Common	resources	GameCameras_HudCamera_Inventory_Charms_Equipped_Charms_Notches_Over_Indicator_Over_1	FSM	20156	Common/resources/GameCameras_HudCamera_Inventory_Charms_Equipped_Charms_Notches_Over_Indicator_Over_1__FSM__fsm_20156.md
Common	resources	GameCameras_HudCamera_Inventory_Charms_Equipped_Charms_Notches_Over_Indicator_Over_2	FSM	20768	Common/resources/GameCameras_HudCamera_Inventory_Charms_Equipped_Charms_Notches_Over_Indicator_Over_2__FSM__fsm_20768.md
Common	resources	GameCameras_HudCamera_Inventory_Charms_Equipped_Charms_Notches_Over_Indicator_Over_3	FSM	20779	Common/resources/GameCameras_HudCamera_Inventory_Charms_Equipped_Charms_Notches_Over_Indicator_Over_3__FSM__fsm_20779.md
Common	resources	GameCameras_HudCamera_Inventory_Charms_Equipped_Charms_Notches_Over_Indicator_Over_4	FSM	20054	Common/resources/GameCameras_HudCamera_Inventory_Charms_Equipped_Charms_Notches_Over_Indicator_Over_4__FSM__fsm_20054.md
Common	resources	GameCameras_HudCamera_Inventory_Charms_Equipped_Charms_Notches_Over_Indicator_Over_5	FSM	21357	Common/resources/GameCameras_HudCamera_Inventory_Charms_Equipped_Charms_Notches_Over_Indicator_Over_5__FSM__fsm_21357.md
Common	resources	GameCameras_HudCamera_Inventory_Charms_Equipped_Charms_Notches_Over_Indicator_Over_6	FSM	20773	Common/resources/GameCameras_HudCamera_Inventory_Charms_Equipped_Charms_Notches_Over_Indicator_Over_6__FSM__fsm_20773.md
Common	resources	GameCameras_HudCamera_Inventory_Charms_Equipped_Charms_Notches_Over_Indicator	Over_Control	21045	Common/resources/GameCameras_HudCamera_Inventory_Charms_Equipped_Charms_Notches_Over_Indicator__Over_Control__fsm_21045.md
Common	resources	GameCameras_HudCamera_Inventory_Charms_Equipped_Charms_Notches_Text_Notches	Change_Fader	21668	Common/resources/GameCameras_HudCamera_Inventory_Charms_Equipped_Charms_Notches_Text_Notches__Change_Fader__fsm_21668.md
Common	resources	GameCameras_HudCamera_Inventory_Charms_Equipped_Charms_Notches_Text_Notches	FSM	20134	Common/resources/GameCameras_HudCamera_Inventory_Charms_Equipped_Charms_Notches_Text_Notches__FSM__fsm_20134.md
Common	resources	GameCameras_HudCamera_Inventory_Charms_Equipped_Charms_Notches_Text_Notches	FSM	20631	Common/resources/GameCameras_HudCamera_Inventory_Charms_Equipped_Charms_Notches_Text_Notches__FSM__fsm_20631.md
Common	resources	GameCameras_HudCamera_Inventory_Charms_Equipped_Charms_Text_Equipped	FSM	22289	Common/resources/GameCameras_HudCamera_Inventory_Charms_Equipped_Charms_Text_Equipped__FSM__fsm_22289.md
Common	resources	GameCameras_HudCamera_Inventory_Charms_Equipped_Charms_Text_Overcharmed	FSM	20331	Common/resources/GameCameras_HudCamera_Inventory_Charms_Equipped_Charms_Text_Overcharmed__FSM__fsm_20331.md
Common	resources	GameCameras_HudCamera_Inventory_Charms_Grimm_Flame_UI	Control	24566	Common/resources/GameCameras_HudCamera_Inventory_Charms_Grimm_Flame_UI__Control__fsm_24566.md
Common	resources	GameCameras_HudCamera_Inventory_Charms_Overcharm_OC_Backboard	FSM	21628	Common/resources/GameCameras_HudCamera_Inventory_Charms_Overcharm_OC_Backboard__FSM__fsm_21628.md
Common	resources	GameCameras_HudCamera_Inventory_Charms_Overcharm_Overcharm_Break	Deactivate	21365	Common/resources/GameCameras_HudCamera_Inventory_Charms_Overcharm_Overcharm_Break__Deactivate__fsm_21365.md
Common	resources	GameCameras_HudCamera_Inventory_Charms_Overcharm_Overcharm_Set	Deactivate	20254	Common/resources/GameCameras_HudCamera_Inventory_Charms_Overcharm_Overcharm_Set__Deactivate__fsm_20254.md
Common	resources	GameCameras_HudCamera_Inventory_Charms	Initial_Activation	25273	Common/resources/GameCameras_HudCamera_Inventory_Charms__Initial_Activation__fsm_25273.md
Common	resources	GameCameras_HudCamera_Inventory_Charms	UI_Charms	20191	Common/resources/GameCameras_HudCamera_Inventory_Charms__UI_Charms__fsm_20191.md
Common	resources	GameCameras_HudCamera_Inventory_Charms	Update_Cursor	20290	Common/resources/GameCameras_HudCamera_Inventory_Charms__Update_Cursor__fsm_20290.md
Common	resources	GameCameras_HudCamera_Inventory_Charms	Update_Text	20753	Common/resources/GameCameras_HudCamera_Inventory_Charms__Update_Text__fsm_20753.md
Common	resources	GameCameras_HudCamera_Inventory_Charms	ui_list_getinput	20978	Common/resources/GameCameras_HudCamera_Inventory_Charms__ui_list_getinput__fsm_20978.md
Common	resources	GameCameras_HudCamera_Inventory_Inv_Cursor_BL_BL_Sprite	Tween	22566	Common/resources/GameCameras_HudCamera_Inventory_Inv_Cursor_BL_BL_Sprite__Tween__fsm_22566.md
Common	resources	GameCameras_HudCamera_Inventory_Inv_Cursor_BR_BR_Sprite	Tween	25981	Common/resources/GameCameras_HudCamera_Inventory_Inv_Cursor_BR_BR_Sprite__Tween__fsm_25981.md
Common	resources	GameCameras_HudCamera_Inventory_Inv_Cursor_Back_Glow	FSM	20265	Common/resources/GameCameras_HudCamera_Inventory_Inv_Cursor_Back_Glow__FSM__fsm_20265.md
Common	resources	GameCameras_HudCamera_Inventory_Inv_Cursor_TL_TL_Sprite	Tween	26073	Common/resources/GameCameras_HudCamera_Inventory_Inv_Cursor_TL_TL_Sprite__Tween__fsm_26073.md
Common	resources	GameCameras_HudCamera_Inventory_Inv_Cursor_TR_TR_Sprite	Tween	25548	Common/resources/GameCameras_HudCamera_Inventory_Inv_Cursor_TR_TR_Sprite__Tween__fsm_25548.md
Common	resources	GameCameras_HudCamera_Inventory_Inv_Cursor	Cursor_Movement	22430	Common/resources/GameCameras_HudCamera_Inventory_Inv_Cursor__Cursor_Movement__fsm_22430.md
Common	resources	GameCameras_HudCamera_Inventory_Inv_Equipment_Acid_Armour	FSM	20622	Common/resources/GameCameras_HudCamera_Inventory_Inv_Equipment_Acid_Armour__FSM__fsm_20622.md
Common	resources	GameCameras_HudCamera_Inventory_Inv_Equipment_Acid_Armour	equip_position	19758	Common/resources/GameCameras_HudCamera_Inventory_Inv_Equipment_Acid_Armour__equip_position__fsm_19758.md
Common	resources	GameCameras_HudCamera_Inventory_Inv_Equipment_City_Key	FSM	21100	Common/resources/GameCameras_HudCamera_Inventory_Inv_Equipment_City_Key__FSM__fsm_21100.md
Common	resources	GameCameras_HudCamera_Inventory_Inv_Equipment_City_Key	equip_position	20703	Common/resources/GameCameras_HudCamera_Inventory_Inv_Equipment_City_Key__equip_position__fsm_20703.md
Common	resources	GameCameras_HudCamera_Inventory_Inv_Equipment_Dash_Cloak	FSM	22271	Common/resources/GameCameras_HudCamera_Inventory_Inv_Equipment_Dash_Cloak__FSM__fsm_22271.md
Common	resources	GameCameras_HudCamera_Inventory_Inv_Equipment_Dash_Cloak	equip_position	22372	Common/resources/GameCameras_HudCamera_Inventory_Inv_Equipment_Dash_Cloak__equip_position__fsm_22372.md
Common	resources	GameCameras_HudCamera_Inventory_Inv_Equipment_Double_Jump	FSM	22280	Common/resources/GameCameras_HudCamera_Inventory_Inv_Equipment_Double_Jump__FSM__fsm_22280.md
Common	resources	GameCameras_HudCamera_Inventory_Inv_Equipment_Double_Jump	equip_position	20029	Common/resources/GameCameras_HudCamera_Inventory_Inv_Equipment_Double_Jump__equip_position__fsm_20029.md
Common	resources	GameCameras_HudCamera_Inventory_Inv_Equipment_Kings_Brand	FSM	20195	Common/resources/GameCameras_HudCamera_Inventory_Inv_Equipment_Kings_Brand__FSM__fsm_20195.md
Common	resources	GameCameras_HudCamera_Inventory_Inv_Equipment_Kings_Brand	FSM	21698	Common/resources/GameCameras_HudCamera_Inventory_Inv_Equipment_Kings_Brand__FSM__fsm_21698.md
Common	resources	GameCameras_HudCamera_Inventory_Inv_Equipment_Kings_Brand	equip_position	22990	Common/resources/GameCameras_HudCamera_Inventory_Inv_Equipment_Kings_Brand__equip_position__fsm_22990.md
Common	resources	GameCameras_HudCamera_Inventory_Inv_Equipment_Lantern	FSM	22391	Common/resources/GameCameras_HudCamera_Inventory_Inv_Equipment_Lantern__FSM__fsm_22391.md
Common	resources	GameCameras_HudCamera_Inventory_Inv_Equipment_Lantern	equip_position	21976	Common/resources/GameCameras_HudCamera_Inventory_Inv_Equipment_Lantern__equip_position__fsm_21976.md
Common	resources	GameCameras_HudCamera_Inventory_Inv_Equipment_Love_Key	FSM	19767	Common/resources/GameCameras_HudCamera_Inventory_Inv_Equipment_Love_Key__FSM__fsm_19767.md
Common	resources	GameCameras_HudCamera_Inventory_Inv_Equipment_Love_Key	equip_position	20295	Common/resources/GameCameras_HudCamera_Inventory_Inv_Equipment_Love_Key__equip_position__fsm_20295.md
Common	resources	GameCameras_HudCamera_Inventory_Inv_Equipment_Mantis_Claw	FSM	22674	Common/resources/GameCameras_HudCamera_Inventory_Inv_Equipment_Mantis_Claw__FSM__fsm_22674.md
Common	resources	GameCameras_HudCamera_Inventory_Inv_Equipment_Mantis_Claw	equip_position	20915	Common/resources/GameCameras_HudCamera_Inventory_Inv_Equipment_Mantis_Claw__equip_position__fsm_20915.md
Common	resources	GameCameras_HudCamera_Inventory_Inv_Equipment_Map_and_Quill	FSM	23167	Common/resources/GameCameras_HudCamera_Inventory_Inv_Equipment_Map_and_Quill__FSM__fsm_23167.md
Common	resources	GameCameras_HudCamera_Inventory_Inv_Equipment_Map_and_Quill	equip_position	20049	Common/resources/GameCameras_HudCamera_Inventory_Inv_Equipment_Map_and_Quill__equip_position__fsm_20049.md
Common	resources	GameCameras_HudCamera_Inventory_Inv_Equipment_Ore	FSM	19805	Common/resources/GameCameras_HudCamera_Inventory_Inv_Equipment_Ore__FSM__fsm_19805.md
Common	resources	GameCameras_HudCamera_Inventory_Inv_Equipment_Ore	equip_position	21606	Common/resources/GameCameras_HudCamera_Inventory_Inv_Equipment_Ore__equip_position__fsm_21606.md
Common	resources	GameCameras_HudCamera_Inventory_Inv_Equipment_Rancid_Egg	FSM	20096	Common/resources/GameCameras_HudCamera_Inventory_Inv_Equipment_Rancid_Egg__FSM__fsm_20096.md
Common	resources	GameCameras_HudCamera_Inventory_Inv_Equipment_Rancid_Egg	equip_position	20984	Common/resources/GameCameras_HudCamera_Inventory_Inv_Equipment_Rancid_Egg__equip_position__fsm_20984.md
Common	resources	GameCameras_HudCamera_Inventory_Inv_Equipment_Simple_Key	FSM	23177	Common/resources/GameCameras_HudCamera_Inventory_Inv_Equipment_Simple_Key__FSM__fsm_23177.md
Common	resources	GameCameras_HudCamera_Inventory_Inv_Equipment_Simple_Key	equip_position	23305	Common/resources/GameCameras_HudCamera_Inventory_Inv_Equipment_Simple_Key__equip_position__fsm_23305.md
Common	resources	GameCameras_HudCamera_Inventory_Inv_Equipment_Store_Key	FSM	19878	Common/resources/GameCameras_HudCamera_Inventory_Inv_Equipment_Store_Key__FSM__fsm_19878.md
Common	resources	GameCameras_HudCamera_Inventory_Inv_Equipment_Store_Key	equip_position	23270	Common/resources/GameCameras_HudCamera_Inventory_Inv_Equipment_Store_Key__equip_position__fsm_23270.md
Common	resources	GameCameras_HudCamera_Inventory_Inv_Equipment_Super_Dash	FSM	20289	Common/resources/GameCameras_HudCamera_Inventory_Inv_Equipment_Super_Dash__FSM__fsm_20289.md
Common	resources	GameCameras_HudCamera_Inventory_Inv_Equipment_Super_Dash	equip_position	20242	Common/resources/GameCameras_HudCamera_Inventory_Inv_Equipment_Super_Dash__equip_position__fsm_20242.md
Common	resources	GameCameras_HudCamera_Inventory_Inv_Equipment_Tram_Pass	FSM	20222	Common/resources/GameCameras_HudCamera_Inventory_Inv_Equipment_Tram_Pass__FSM__fsm_20222.md
Common	resources	GameCameras_HudCamera_Inventory_Inv_Equipment_Tram_Pass	equip_position	20819	Common/resources/GameCameras_HudCamera_Inventory_Inv_Equipment_Tram_Pass__equip_position__fsm_20819.md
Common	resources	GameCameras_HudCamera_Inventory_Inv_Equipment_Waterway_Key	FSM	19587	Common/resources/GameCameras_HudCamera_Inventory_Inv_Equipment_Waterway_Key__FSM__fsm_19587.md
Common	resources	GameCameras_HudCamera_Inventory_Inv_Equipment_Waterway_Key	equip_position	22854	Common/resources/GameCameras_HudCamera_Inventory_Inv_Equipment_Waterway_Key__equip_position__fsm_22854.md
Common	resources	GameCameras_HudCamera_Inventory_Inv_Equipment_White_Key	FSM	21587	Common/resources/GameCameras_HudCamera_Inventory_Inv_Equipment_White_Key__FSM__fsm_21587.md
Common	resources	GameCameras_HudCamera_Inventory_Inv_Equipment_White_Key	equip_position	20699	Common/resources/GameCameras_HudCamera_Inventory_Inv_Equipment_White_Key__equip_position__fsm_20699.md
Common	resources	GameCameras_HudCamera_Inventory_Inv_Equipment_Xun_Flower	FSM	23006	Common/resources/GameCameras_HudCamera_Inventory_Inv_Equipment_Xun_Flower__FSM__fsm_23006.md
Common	resources	GameCameras_HudCamera_Inventory_Inv_Equipment_Xun_Flower	equip_position	21843	Common/resources/GameCameras_HudCamera_Inventory_Inv_Equipment_Xun_Flower__equip_position__fsm_21843.md
Common	resources	GameCameras_HudCamera_Inventory_Inv_Equipment	Build_Equipment_List	19881	Common/resources/GameCameras_HudCamera_Inventory_Inv_Equipment__Build_Equipment_List__fsm_19881.md
Common	resources	GameCameras_HudCamera_Inventory_Inv_Inv_Items_Heart_Pieces	Set_Pieces	22909	Common/resources/GameCameras_HudCamera_Inventory_Inv_Inv_Items_Heart_Pieces__Set_Pieces__fsm_22909.md
Common	resources	GameCameras_HudCamera_Inventory_Inv_Inv_Items_Spell_Fireball	Check_Active	21745	Common/resources/GameCameras_HudCamera_Inventory_Inv_Inv_Items_Spell_Fireball__Check_Active__fsm_21745.md
Common	resources	GameCameras_HudCamera_Inventory_Inv_Inv_Items_Spell_Focus_Focus_Ring	FSM	22078	Common/resources/GameCameras_HudCamera_Inventory_Inv_Inv_Items_Spell_Focus_Focus_Ring__FSM__fsm_22078.md
Common	resources	GameCameras_HudCamera_Inventory_Inv_Inv_Items_Spell_Focus	Check_Active	21609	Common/resources/GameCameras_HudCamera_Inventory_Inv_Inv_Items_Spell_Focus__Check_Active__fsm_21609.md
Common	resources	GameCameras_HudCamera_Inventory_Inv_Inv_Items_Spell_Quake_Quake_Bg	FSM	21400	Common/resources/GameCameras_HudCamera_Inventory_Inv_Inv_Items_Spell_Quake_Quake_Bg__FSM__fsm_21400.md
Common	resources	GameCameras_HudCamera_Inventory_Inv_Inv_Items_Spell_Quake	Check_Active	22044	Common/resources/GameCameras_HudCamera_Inventory_Inv_Inv_Items_Spell_Quake__Check_Active__fsm_22044.md
Common	resources	GameCameras_HudCamera_Inventory_Inv_Inv_Items_Spell_Scream	Check_Active	20798	Common/resources/GameCameras_HudCamera_Inventory_Inv_Inv_Items_Spell_Scream__Check_Active__fsm_20798.md
Common	resources	GameCameras_HudCamera_Inventory_Inv	Button_Control	23740	Common/resources/GameCameras_HudCamera_Inventory_Inv__Button_Control__fsm_23740.md
Common	resources	GameCameras_HudCamera_Inventory_Inv	UI_Inventory	21792	Common/resources/GameCameras_HudCamera_Inventory_Inv__UI_Inventory__fsm_21792.md
Common	resources	GameCameras_HudCamera_Inventory_Inv	Update_Cursor	21874	Common/resources/GameCameras_HudCamera_Inventory_Inv__Update_Cursor__fsm_21874.md
Common	resources	GameCameras_HudCamera_Inventory_Inv	Update_Text	21379	Common/resources/GameCameras_HudCamera_Inventory_Inv__Update_Text__fsm_21379.md
Common	resources	GameCameras_HudCamera_Inventory_Inv	ui_list_getinput	21833	Common/resources/GameCameras_HudCamera_Inventory_Inv__ui_list_getinput__fsm_21833.md
Common	resources	GameCameras_HudCamera_Inventory_Journal_Arrow_D	Arrow_Anim	20095	Common/resources/GameCameras_HudCamera_Inventory_Journal_Arrow_D__Arrow_Anim__fsm_20095.md
Common	resources	GameCameras_HudCamera_Inventory_Journal_Arrow_U	Arrow_Anim	20377	Common/resources/GameCameras_HudCamera_Inventory_Journal_Arrow_U__Arrow_Anim__fsm_20377.md
Common	resources	GameCameras_HudCamera_Inventory_Journal_Arrow_U	FSM	22022	Common/resources/GameCameras_HudCamera_Inventory_Journal_Arrow_U__FSM__fsm_22022.md
Common	resources	GameCameras_HudCamera_Inventory_Journal_Cursor_BL_Sprite	Tween	20155	Common/resources/GameCameras_HudCamera_Inventory_Journal_Cursor_BL_Sprite__Tween__fsm_20155.md
Common	resources	GameCameras_HudCamera_Inventory_Journal_Cursor_BR_Sprite	Tween	21612	Common/resources/GameCameras_HudCamera_Inventory_Journal_Cursor_BR_Sprite__Tween__fsm_21612.md
Common	resources	GameCameras_HudCamera_Inventory_Journal_Cursor_Back_Glow	FSM	22573	Common/resources/GameCameras_HudCamera_Inventory_Journal_Cursor_Back_Glow__FSM__fsm_22573.md
Common	resources	GameCameras_HudCamera_Inventory_Journal_Cursor_TL_Sprite	Tween	22881	Common/resources/GameCameras_HudCamera_Inventory_Journal_Cursor_TL_Sprite__Tween__fsm_22881.md
Common	resources	GameCameras_HudCamera_Inventory_Journal_Cursor_TR_Sprite	Tween	21464	Common/resources/GameCameras_HudCamera_Inventory_Journal_Cursor_TR_Sprite__Tween__fsm_21464.md
Common	resources	GameCameras_HudCamera_Inventory_Journal_Cursor	Cursor_Movement	21975	Common/resources/GameCameras_HudCamera_Inventory_Journal_Cursor__Cursor_Movement__fsm_21975.md
Common	resources	GameCameras_HudCamera_Inventory_Journal_Enemy_List	Deactivate_List	25644	Common/resources/GameCameras_HudCamera_Inventory_Journal_Enemy_List__Deactivate_List__fsm_25644.md
Common	resources	GameCameras_HudCamera_Inventory_Journal_Enemy_List	Item_List_Control	22780	Common/resources/GameCameras_HudCamera_Inventory_Journal_Enemy_List__Item_List_Control__fsm_22780.md
Common	resources	GameCameras_HudCamera_Inventory_Journal_Enemy_List	Update_Cursor	22413	Common/resources/GameCameras_HudCamera_Inventory_Journal_Enemy_List__Update_Cursor__fsm_22413.md
Common	resources	GameCameras_HudCamera_Inventory_Journal_Enemy_List	ui_list_getinput	19678	Common/resources/GameCameras_HudCamera_Inventory_Journal_Enemy_List__ui_list_getinput__fsm_19678.md
Common	resources	GameCameras_HudCamera_Inventory_Journal_Light	FSM	22817	Common/resources/GameCameras_HudCamera_Inventory_Journal_Light__FSM__fsm_22817.md
Common	resources	GameCameras_HudCamera_Inventory_Journal	UI_Journal	22925	Common/resources/GameCameras_HudCamera_Inventory_Journal__UI_Journal__fsm_22925.md
Common	resources	GameCameras_HudCamera_Inventory_Map_Key_Action	Down	19931	Common/resources/GameCameras_HudCamera_Inventory_Map_Key_Action__Down__fsm_19931.md
Common	resources	GameCameras_HudCamera_Inventory_Map_Key_Backboard_Key	FSM	23102	Common/resources/GameCameras_HudCamera_Inventory_Map_Key_Backboard_Key__FSM__fsm_23102.md
Common	resources	GameCameras_HudCamera_Inventory_Map_Key	Control	19808	Common/resources/GameCameras_HudCamera_Inventory_Map_Key__Control__fsm_19808.md
Common	resources	GameCameras_HudCamera_Inventory_Map_Marker_Change_Action	Down	25736	Common/resources/GameCameras_HudCamera_Inventory_Map_Marker_Change_Action__Down__fsm_25736.md
Common	resources	GameCameras_HudCamera_Inventory_Map_World_Map_Area_Name	FSM	20867	Common/resources/GameCameras_HudCamera_Inventory_Map_World_Map_Area_Name__FSM__fsm_20867.md
Common	resources	GameCameras_HudCamera_Inventory_Map_World_Map_Confirm_Action	Down	26318	Common/resources/GameCameras_HudCamera_Inventory_Map_World_Map_Confirm_Action__Down__fsm_26318.md
Common	resources	GameCameras_HudCamera_Inventory_Map_World_Map_Cursor_BL_Sprite	FSM	21888	Common/resources/GameCameras_HudCamera_Inventory_Map_World_Map_Cursor_BL_Sprite__FSM__fsm_21888.md
Common	resources	GameCameras_HudCamera_Inventory_Map_World_Map_Cursor_BL_Sprite	Tween	22053	Common/resources/GameCameras_HudCamera_Inventory_Map_World_Map_Cursor_BL_Sprite__Tween__fsm_22053.md
Common	resources	GameCameras_HudCamera_Inventory_Map_World_Map_Cursor_BR_Sprite	FSM	20261	Common/resources/GameCameras_HudCamera_Inventory_Map_World_Map_Cursor_BR_Sprite__FSM__fsm_20261.md
Common	resources	GameCameras_HudCamera_Inventory_Map_World_Map_Cursor_BR_Sprite	Tween	22864	Common/resources/GameCameras_HudCamera_Inventory_Map_World_Map_Cursor_BR_Sprite__Tween__fsm_22864.md
Common	resources	GameCameras_HudCamera_Inventory_Map_World_Map_Cursor_Back_Glow	FSM	23228	Common/resources/GameCameras_HudCamera_Inventory_Map_World_Map_Cursor_Back_Glow__FSM__fsm_23228.md
Common	resources	GameCameras_HudCamera_Inventory_Map_World_Map_Cursor_TL_Sprite	FSM	23263	Common/resources/GameCameras_HudCamera_Inventory_Map_World_Map_Cursor_TL_Sprite__FSM__fsm_23263.md
Common	resources	GameCameras_HudCamera_Inventory_Map_World_Map_Cursor_TL_Sprite	Tween	23041	Common/resources/GameCameras_HudCamera_Inventory_Map_World_Map_Cursor_TL_Sprite__Tween__fsm_23041.md
Common	resources	GameCameras_HudCamera_Inventory_Map_World_Map_Cursor_TR_Sprite	FSM	20891	Common/resources/GameCameras_HudCamera_Inventory_Map_World_Map_Cursor_TR_Sprite__FSM__fsm_20891.md
Common	resources	GameCameras_HudCamera_Inventory_Map_World_Map_Cursor_TR_Sprite	Tween	22904	Common/resources/GameCameras_HudCamera_Inventory_Map_World_Map_Cursor_TR_Sprite__Tween__fsm_22904.md
Common	resources	GameCameras_HudCamera_Inventory_Map_World_Map_Cursor	Cursor_Movement	22539	Common/resources/GameCameras_HudCamera_Inventory_Map_World_Map_Cursor__Cursor_Movement__fsm_22539.md
Common	resources	GameCameras_HudCamera_Inventory_Map_World_Map_Map_Marker_Action	Down	25486	Common/resources/GameCameras_HudCamera_Inventory_Map_World_Map_Map_Marker_Action__Down__fsm_25486.md
Common	resources	GameCameras_HudCamera_Inventory_Map_World_Map_Map_Markers_Cursor	Tween_To	26026	Common/resources/GameCameras_HudCamera_Inventory_Map_World_Map_Map_Markers_Cursor__Tween_To__fsm_26026.md
Common	resources	GameCameras_HudCamera_Inventory_Map_World_Map_Map_Markers_Marker_Cancel_Action	Down	21367	Common/resources/GameCameras_HudCamera_Inventory_Map_World_Map_Map_Markers_Marker_Cancel_Action__Down__fsm_21367.md
Common	resources	GameCameras_HudCamera_Inventory_Map_World_Map_Wide_Map_Ancient_Basin_Area_Name	FSM	20093	Common/resources/GameCameras_HudCamera_Inventory_Map_World_Map_Wide_Map_Ancient_Basin_Area_Name__FSM__fsm_20093.md
Common	resources	GameCameras_HudCamera_Inventory_Map_World_Map_Wide_Map_Ancient_Basin	FSM	21286	Common/resources/GameCameras_HudCamera_Inventory_Map_World_Map_Wide_Map_Ancient_Basin__FSM__fsm_21286.md
Common	resources	GameCameras_HudCamera_Inventory_Map_World_Map_Wide_Map_Ancient_Basin	Selection_Colour	22789	Common/resources/GameCameras_HudCamera_Inventory_Map_World_Map_Wide_Map_Ancient_Basin__Selection_Colour__fsm_22789.md
Common	resources	GameCameras_HudCamera_Inventory_Map_World_Map_Wide_Map_Ancient_Basin	deactivate	20738	Common/resources/GameCameras_HudCamera_Inventory_Map_World_Map_Wide_Map_Ancient_Basin__deactivate__fsm_20738.md
Common	resources	GameCameras_HudCamera_Inventory_Map_World_Map_Wide_Map_City_Area_Name	FSM	19750	Common/resources/GameCameras_HudCamera_Inventory_Map_World_Map_Wide_Map_City_Area_Name__FSM__fsm_19750.md
Common	resources	GameCameras_HudCamera_Inventory_Map_World_Map_Wide_Map_City	FSM	20432	Common/resources/GameCameras_HudCamera_Inventory_Map_World_Map_Wide_Map_City__FSM__fsm_20432.md
Common	resources	GameCameras_HudCamera_Inventory_Map_World_Map_Wide_Map_City	Selection_Colour	20354	Common/resources/GameCameras_HudCamera_Inventory_Map_World_Map_Wide_Map_City__Selection_Colour__fsm_20354.md
Common	resources	GameCameras_HudCamera_Inventory_Map_World_Map_Wide_Map_City	deactivate	22017	Common/resources/GameCameras_HudCamera_Inventory_Map_World_Map_Wide_Map_City__deactivate__fsm_22017.md
Common	resources	GameCameras_HudCamera_Inventory_Map_World_Map_Wide_Map_Cliffs_Area_Name	FSM	21591	Common/resources/GameCameras_HudCamera_Inventory_Map_World_Map_Wide_Map_Cliffs_Area_Name__FSM__fsm_21591.md
Common	resources	GameCameras_HudCamera_Inventory_Map_World_Map_Wide_Map_Cliffs	FSM	21904	Common/resources/GameCameras_HudCamera_Inventory_Map_World_Map_Wide_Map_Cliffs__FSM__fsm_21904.md
Common	resources	GameCameras_HudCamera_Inventory_Map_World_Map_Wide_Map_Cliffs	Selection_Colour	22491	Common/resources/GameCameras_HudCamera_Inventory_Map_World_Map_Wide_Map_Cliffs__Selection_Colour__fsm_22491.md
Common	resources	GameCameras_HudCamera_Inventory_Map_World_Map_Wide_Map_Cliffs	deactivate	19977	Common/resources/GameCameras_HudCamera_Inventory_Map_World_Map_Wide_Map_Cliffs__deactivate__fsm_19977.md
Common	resources	GameCameras_HudCamera_Inventory_Map_World_Map_Wide_Map_Compass_Icon	FSM	20147	Common/resources/GameCameras_HudCamera_Inventory_Map_World_Map_Wide_Map_Compass_Icon__FSM__fsm_20147.md
Common	resources	GameCameras_HudCamera_Inventory_Map_World_Map_Wide_Map_Compass_Icon	FSM	20941	Common/resources/GameCameras_HudCamera_Inventory_Map_World_Map_Wide_Map_Compass_Icon__FSM__fsm_20941.md
Common	resources	GameCameras_HudCamera_Inventory_Map_World_Map_Wide_Map_Compass_Icon	Position	21321	Common/resources/GameCameras_HudCamera_Inventory_Map_World_Map_Wide_Map_Compass_Icon__Position__fsm_21321.md
Common	resources	GameCameras_HudCamera_Inventory_Map_World_Map_Wide_Map_Crossroads_Area_Name	FSM	21332	Common/resources/GameCameras_HudCamera_Inventory_Map_World_Map_Wide_Map_Crossroads_Area_Name__FSM__fsm_21332.md
Common	resources	GameCameras_HudCamera_Inventory_Map_World_Map_Wide_Map_Crossroads	FSM	21921	Common/resources/GameCameras_HudCamera_Inventory_Map_World_Map_Wide_Map_Crossroads__FSM__fsm_21921.md
Common	resources	GameCameras_HudCamera_Inventory_Map_World_Map_Wide_Map_Crossroads	Selection_Colour	22681	Common/resources/GameCameras_HudCamera_Inventory_Map_World_Map_Wide_Map_Crossroads__Selection_Colour__fsm_22681.md
Common	resources	GameCameras_HudCamera_Inventory_Map_World_Map_Wide_Map_Crossroads	deactivate	20008	Common/resources/GameCameras_HudCamera_Inventory_Map_World_Map_Wide_Map_Crossroads__deactivate__fsm_20008.md
Common	resources	GameCameras_HudCamera_Inventory_Map_World_Map_Wide_Map_Deepnest_Area_Name	FSM	20291	Common/resources/GameCameras_HudCamera_Inventory_Map_World_Map_Wide_Map_Deepnest_Area_Name__FSM__fsm_20291.md
Common	resources	GameCameras_HudCamera_Inventory_Map_World_Map_Wide_Map_Deepnest	FSM	22720	Common/resources/GameCameras_HudCamera_Inventory_Map_World_Map_Wide_Map_Deepnest__FSM__fsm_22720.md
Common	resources	GameCameras_HudCamera_Inventory_Map_World_Map_Wide_Map_Deepnest	Selection_Colour	21297	Common/resources/GameCameras_HudCamera_Inventory_Map_World_Map_Wide_Map_Deepnest__Selection_Colour__fsm_21297.md
Common	resources	GameCameras_HudCamera_Inventory_Map_World_Map_Wide_Map_Deepnest	deactivate	22651	Common/resources/GameCameras_HudCamera_Inventory_Map_World_Map_Wide_Map_Deepnest__deactivate__fsm_22651.md
Common	resources	GameCameras_HudCamera_Inventory_Map_World_Map_Wide_Map_Fog_Canyon_Area_Name	FSM	19785	Common/resources/GameCameras_HudCamera_Inventory_Map_World_Map_Wide_Map_Fog_Canyon_Area_Name__FSM__fsm_19785.md
Common	resources	GameCameras_HudCamera_Inventory_Map_World_Map_Wide_Map_Fog_Canyon	FSM	21026	Common/resources/GameCameras_HudCamera_Inventory_Map_World_Map_Wide_Map_Fog_Canyon__FSM__fsm_21026.md
Common	resources	GameCameras_HudCamera_Inventory_Map_World_Map_Wide_Map_Fog_Canyon	Selection_Colour	20409	Common/resources/GameCameras_HudCamera_Inventory_Map_World_Map_Wide_Map_Fog_Canyon__Selection_Colour__fsm_20409.md
Common	resources	GameCameras_HudCamera_Inventory_Map_World_Map_Wide_Map_Fog_Canyon	deactivate	22281	Common/resources/GameCameras_HudCamera_Inventory_Map_World_Map_Wide_Map_Fog_Canyon__deactivate__fsm_22281.md
Common	resources	GameCameras_HudCamera_Inventory_Map_World_Map_Wide_Map_Fungal_Wastes_Area_Name	FSM	20749	Common/resources/GameCameras_HudCamera_Inventory_Map_World_Map_Wide_Map_Fungal_Wastes_Area_Name__FSM__fsm_20749.md
Common	resources	GameCameras_HudCamera_Inventory_Map_World_Map_Wide_Map_Fungal_Wastes	FSM	21816	Common/resources/GameCameras_HudCamera_Inventory_Map_World_Map_Wide_Map_Fungal_Wastes__FSM__fsm_21816.md
Common	resources	GameCameras_HudCamera_Inventory_Map_World_Map_Wide_Map_Fungal_Wastes	Selection_Colour	21582	Common/resources/GameCameras_HudCamera_Inventory_Map_World_Map_Wide_Map_Fungal_Wastes__Selection_Colour__fsm_21582.md
Common	resources	GameCameras_HudCamera_Inventory_Map_World_Map_Wide_Map_Fungal_Wastes	deactivate	19742	Common/resources/GameCameras_HudCamera_Inventory_Map_World_Map_Wide_Map_Fungal_Wastes__deactivate__fsm_19742.md
Common	resources	GameCameras_HudCamera_Inventory_Map_World_Map_Wide_Map_Greenpath_Area_Name	FSM	21325	Common/resources/GameCameras_HudCamera_Inventory_Map_World_Map_Wide_Map_Greenpath_Area_Name__FSM__fsm_21325.md
Common	resources	GameCameras_HudCamera_Inventory_Map_World_Map_Wide_Map_Greenpath	FSM	21019	Common/resources/GameCameras_HudCamera_Inventory_Map_World_Map_Wide_Map_Greenpath__FSM__fsm_21019.md
Common	resources	GameCameras_HudCamera_Inventory_Map_World_Map_Wide_Map_Greenpath	Selection_Colour	23219	Common/resources/GameCameras_HudCamera_Inventory_Map_World_Map_Wide_Map_Greenpath__Selection_Colour__fsm_23219.md
Common	resources	GameCameras_HudCamera_Inventory_Map_World_Map_Wide_Map_Greenpath	deactivate	21895	Common/resources/GameCameras_HudCamera_Inventory_Map_World_Map_Wide_Map_Greenpath__deactivate__fsm_21895.md
Common	resources	GameCameras_HudCamera_Inventory_Map_World_Map_Wide_Map_Hive_Area_Name	FSM	20282	Common/resources/GameCameras_HudCamera_Inventory_Map_World_Map_Wide_Map_Hive_Area_Name__FSM__fsm_20282.md
Common	resources	GameCameras_HudCamera_Inventory_Map_World_Map_Wide_Map_Hive	FSM	21678	Common/resources/GameCameras_HudCamera_Inventory_Map_World_Map_Wide_Map_Hive__FSM__fsm_21678.md
Common	resources	GameCameras_HudCamera_Inventory_Map_World_Map_Wide_Map_Hive	Selection_Colour	20961	Common/resources/GameCameras_HudCamera_Inventory_Map_World_Map_Wide_Map_Hive__Selection_Colour__fsm_20961.md
Common	resources	GameCameras_HudCamera_Inventory_Map_World_Map_Wide_Map_Hive	deactivate	20802	Common/resources/GameCameras_HudCamera_Inventory_Map_World_Map_Wide_Map_Hive__deactivate__fsm_20802.md
Common	resources	GameCameras_HudCamera_Inventory_Map_World_Map_Wide_Map_Hive	deactivate	22954	Common/resources/GameCameras_HudCamera_Inventory_Map_World_Map_Wide_Map_Hive__deactivate__fsm_22954.md
Common	resources	GameCameras_HudCamera_Inventory_Map_World_Map_Wide_Map_Mines_Area_Name	FSM	21335	Common/resources/GameCameras_HudCamera_Inventory_Map_World_Map_Wide_Map_Mines_Area_Name__FSM__fsm_21335.md
Common	resources	GameCameras_HudCamera_Inventory_Map_World_Map_Wide_Map_Mines	FSM	22313	Common/resources/GameCameras_HudCamera_Inventory_Map_World_Map_Wide_Map_Mines__FSM__fsm_22313.md
Common	resources	GameCameras_HudCamera_Inventory_Map_World_Map_Wide_Map_Mines	Selection_Colour	20732	Common/resources/GameCameras_HudCamera_Inventory_Map_World_Map_Wide_Map_Mines__Selection_Colour__fsm_20732.md
Common	resources	GameCameras_HudCamera_Inventory_Map_World_Map_Wide_Map_Mines	deactivate	21598	Common/resources/GameCameras_HudCamera_Inventory_Map_World_Map_Wide_Map_Mines__deactivate__fsm_21598.md
Common	resources	GameCameras_HudCamera_Inventory_Map_World_Map_Wide_Map_Outskirts_Area_Name	FSM	22462	Common/resources/GameCameras_HudCamera_Inventory_Map_World_Map_Wide_Map_Outskirts_Area_Name__FSM__fsm_22462.md
Common	resources	GameCameras_HudCamera_Inventory_Map_World_Map_Wide_Map_Outskirts	FSM	20876	Common/resources/GameCameras_HudCamera_Inventory_Map_World_Map_Wide_Map_Outskirts__FSM__fsm_20876.md
Common	resources	GameCameras_HudCamera_Inventory_Map_World_Map_Wide_Map_Outskirts	Selection_Colour	19991	Common/resources/GameCameras_HudCamera_Inventory_Map_World_Map_Wide_Map_Outskirts__Selection_Colour__fsm_19991.md
Common	resources	GameCameras_HudCamera_Inventory_Map_World_Map_Wide_Map_Outskirts	deactivate	20741	Common/resources/GameCameras_HudCamera_Inventory_Map_World_Map_Wide_Map_Outskirts__deactivate__fsm_20741.md
Common	resources	GameCameras_HudCamera_Inventory_Map_World_Map_Wide_Map_Pin_Beast	FSM	20271	Common/resources/GameCameras_HudCamera_Inventory_Map_World_Map_Wide_Map_Pin_Beast__FSM__fsm_20271.md
Common	resources	GameCameras_HudCamera_Inventory_Map_World_Map_Wide_Map_Pin_Beast	FSM	21346	Common/resources/GameCameras_HudCamera_Inventory_Map_World_Map_Wide_Map_Pin_Beast__FSM__fsm_21346.md
Common	resources	GameCameras_HudCamera_Inventory_Map_World_Map_Wide_Map_Pin_Beast	FSM	21880	Common/resources/GameCameras_HudCamera_Inventory_Map_World_Map_Wide_Map_Pin_Beast__FSM__fsm_21880.md
Common	resources	GameCameras_HudCamera_Inventory_Map_World_Map_Wide_Map_Pin_BlackEgg	FSM	22852	Common/resources/GameCameras_HudCamera_Inventory_Map_World_Map_Wide_Map_Pin_BlackEgg__FSM__fsm_22852.md
Common	resources	GameCameras_HudCamera_Inventory_Map_World_Map_Wide_Map_Pin_BlackEgg	FSM	22888	Common/resources/GameCameras_HudCamera_Inventory_Map_World_Map_Wide_Map_Pin_BlackEgg__FSM__fsm_22888.md
Common	resources	GameCameras_HudCamera_Inventory_Map_World_Map_Wide_Map_Pin_Teacher	FSM	20979	Common/resources/GameCameras_HudCamera_Inventory_Map_World_Map_Wide_Map_Pin_Teacher__FSM__fsm_20979.md
Common	resources	GameCameras_HudCamera_Inventory_Map_World_Map_Wide_Map_Pin_Teacher	FSM	21759	Common/resources/GameCameras_HudCamera_Inventory_Map_World_Map_Wide_Map_Pin_Teacher__FSM__fsm_21759.md
Common	resources	GameCameras_HudCamera_Inventory_Map_World_Map_Wide_Map_Pin_Teacher	FSM	22028	Common/resources/GameCameras_HudCamera_Inventory_Map_World_Map_Wide_Map_Pin_Teacher__FSM__fsm_22028.md
Common	resources	GameCameras_HudCamera_Inventory_Map_World_Map_Wide_Map_Pin_Watcher	FSM	21347	Common/resources/GameCameras_HudCamera_Inventory_Map_World_Map_Wide_Map_Pin_Watcher__FSM__fsm_21347.md
Common	resources	GameCameras_HudCamera_Inventory_Map_World_Map_Wide_Map_Pin_Watcher	FSM	21906	Common/resources/GameCameras_HudCamera_Inventory_Map_World_Map_Wide_Map_Pin_Watcher__FSM__fsm_21906.md
Common	resources	GameCameras_HudCamera_Inventory_Map_World_Map_Wide_Map_Pin_Watcher	FSM	22336	Common/resources/GameCameras_HudCamera_Inventory_Map_World_Map_Wide_Map_Pin_Watcher__FSM__fsm_22336.md
Common	resources	GameCameras_HudCamera_Inventory_Map_World_Map_Wide_Map_Resting_Grounds_Area_Name	FSM	22887	Common/resources/GameCameras_HudCamera_Inventory_Map_World_Map_Wide_Map_Resting_Grounds_Area_Name__FSM__fsm_22887.md
Common	resources	GameCameras_HudCamera_Inventory_Map_World_Map_Wide_Map_Resting_Grounds	FSM	19694	Common/resources/GameCameras_HudCamera_Inventory_Map_World_Map_Wide_Map_Resting_Grounds__FSM__fsm_19694.md
Common	resources	GameCameras_HudCamera_Inventory_Map_World_Map_Wide_Map_Resting_Grounds	Selection_Colour	21596	Common/resources/GameCameras_HudCamera_Inventory_Map_World_Map_Wide_Map_Resting_Grounds__Selection_Colour__fsm_21596.md
Common	resources	GameCameras_HudCamera_Inventory_Map_World_Map_Wide_Map_Resting_Grounds	deactivate	22834	Common/resources/GameCameras_HudCamera_Inventory_Map_World_Map_Wide_Map_Resting_Grounds__deactivate__fsm_22834.md
Common	resources	GameCameras_HudCamera_Inventory_Map_World_Map_Wide_Map_Royal_Gardens_Area_Name	FSM	21817	Common/resources/GameCameras_HudCamera_Inventory_Map_World_Map_Wide_Map_Royal_Gardens_Area_Name__FSM__fsm_21817.md
Common	resources	GameCameras_HudCamera_Inventory_Map_World_Map_Wide_Map_Royal_Gardens	FSM	21441	Common/resources/GameCameras_HudCamera_Inventory_Map_World_Map_Wide_Map_Royal_Gardens__FSM__fsm_21441.md
Common	resources	GameCameras_HudCamera_Inventory_Map_World_Map_Wide_Map_Royal_Gardens	Selection_Colour	23189	Common/resources/GameCameras_HudCamera_Inventory_Map_World_Map_Wide_Map_Royal_Gardens__Selection_Colour__fsm_23189.md
Common	resources	GameCameras_HudCamera_Inventory_Map_World_Map_Wide_Map_Royal_Gardens	deactivate	21912	Common/resources/GameCameras_HudCamera_Inventory_Map_World_Map_Wide_Map_Royal_Gardens__deactivate__fsm_21912.md
Common	resources	GameCameras_HudCamera_Inventory_Map_World_Map_Wide_Map_Town_Area_Name	FSM	20803	Common/resources/GameCameras_HudCamera_Inventory_Map_World_Map_Wide_Map_Town_Area_Name__FSM__fsm_20803.md
Common	resources	GameCameras_HudCamera_Inventory_Map_World_Map_Wide_Map_Town	FSM	21875	Common/resources/GameCameras_HudCamera_Inventory_Map_World_Map_Wide_Map_Town__FSM__fsm_21875.md
Common	resources	GameCameras_HudCamera_Inventory_Map_World_Map_Wide_Map_Town	Selection_Colour	21516	Common/resources/GameCameras_HudCamera_Inventory_Map_World_Map_Wide_Map_Town__Selection_Colour__fsm_21516.md
Common	resources	GameCameras_HudCamera_Inventory_Map_World_Map_Wide_Map_Waterways_Area_Name	FSM	20708	Common/resources/GameCameras_HudCamera_Inventory_Map_World_Map_Wide_Map_Waterways_Area_Name__FSM__fsm_20708.md
Common	resources	GameCameras_HudCamera_Inventory_Map_World_Map_Wide_Map_Waterways	FSM	19827	Common/resources/GameCameras_HudCamera_Inventory_Map_World_Map_Wide_Map_Waterways__FSM__fsm_19827.md
Common	resources	GameCameras_HudCamera_Inventory_Map_World_Map_Wide_Map_Waterways	Selection_Colour	21091	Common/resources/GameCameras_HudCamera_Inventory_Map_World_Map_Wide_Map_Waterways__Selection_Colour__fsm_21091.md
Common	resources	GameCameras_HudCamera_Inventory_Map_World_Map_Wide_Map_Waterways	deactivate	20960	Common/resources/GameCameras_HudCamera_Inventory_Map_World_Map_Wide_Map_Waterways__deactivate__fsm_20960.md
Common	resources	GameCameras_HudCamera_Inventory_Map_World_Map	UI_Control	22541	Common/resources/GameCameras_HudCamera_Inventory_Map_World_Map__UI_Control__fsm_22541.md
Common	resources	GameCameras_HudCamera_Inventory_Map_World_Map	Update_Cursor	20832	Common/resources/GameCameras_HudCamera_Inventory_Map_World_Map__Update_Cursor__fsm_20832.md
Common	resources	GameCameras_HudCamera_Inventory_Map_World_Map	ui_list_getinput	20273	Common/resources/GameCameras_HudCamera_Inventory_Map_World_Map__ui_list_getinput__fsm_20273.md
Common	resources	GameCameras_HudCamera_Inventory_Map	ui_list_getinput	21312	Common/resources/GameCameras_HudCamera_Inventory_Map__ui_list_getinput__fsm_21312.md
Common	resources	GameCameras_HudCamera_Inventory	Inventory_Control	23035	Common/resources/GameCameras_HudCamera_Inventory__Inventory_Control__fsm_23035.md
Common	resources	GameCameras_HudCamera_Menus	Globalise	20411	Common/resources/GameCameras_HudCamera_Menus__Globalise__fsm_20411.md
Common	resources	GameCameras_HudCamera_Menus	Open_Stag	23034	Common/resources/GameCameras_HudCamera_Menus__Open_Stag__fsm_23034.md
Common	resources	GameCameras_HudCamera_Prompts_Control_Reminder_Backboard	FSM	20982	Common/resources/GameCameras_HudCamera_Prompts_Control_Reminder_Backboard__FSM__fsm_20982.md
Common	resources	GameCameras_HudCamera_Prompts_Control_Reminder	Display	20429	Common/resources/GameCameras_HudCamera_Prompts_Control_Reminder__Display__fsm_20429.md
Common	resources	GameCameras_HudCamera_Prompts_First_Map_BG	FSM	22322	Common/resources/GameCameras_HudCamera_Prompts_First_Map_BG__FSM__fsm_22322.md
Common	resources	GameCameras_HudCamera_Prompts_First_Map_Button_Label	color_fader	23351	Common/resources/GameCameras_HudCamera_Prompts_First_Map_Button_Label__color_fader__fsm_23351.md
Common	resources	GameCameras_HudCamera_Prompts_First_Map_Button	FSM	22772	Common/resources/GameCameras_HudCamera_Prompts_First_Map_Button__FSM__fsm_22772.md
Common	resources	GameCameras_HudCamera_Prompts_First_Map_Button	proxy_event_handler	22375	Common/resources/GameCameras_HudCamera_Prompts_First_Map_Button__proxy_event_handler__fsm_22375.md
Common	resources	GameCameras_HudCamera_Prompts_First_Map_Inv_0017_divider	FSM	23287	Common/resources/GameCameras_HudCamera_Prompts_First_Map_Inv_0017_divider__FSM__fsm_23287.md
Common	resources	GameCameras_HudCamera_Prompts_First_Map_Map_prompt	FSM	20126	Common/resources/GameCameras_HudCamera_Prompts_First_Map_Map_prompt__FSM__fsm_20126.md
Common	resources	GameCameras_HudCamera_Prompts_First_Map_Stop	FSM	20241	Common/resources/GameCameras_HudCamera_Prompts_First_Map_Stop__FSM__fsm_20241.md
Common	resources	GameCameras_HudCamera_Prompts_First_Map_Text_1	FSM	21098	Common/resources/GameCameras_HudCamera_Prompts_First_Map_Text_1__FSM__fsm_21098.md
Common	resources	GameCameras_HudCamera_Prompts_First_Map_Text_2	FSM	21692	Common/resources/GameCameras_HudCamera_Prompts_First_Map_Text_2__FSM__fsm_21692.md
Common	resources	GameCameras_HudCamera_Prompts_First_Map_Text_3	FSM	21339	Common/resources/GameCameras_HudCamera_Prompts_First_Map_Text_3__FSM__fsm_21339.md
Common	resources	GameCameras_HudCamera_Prompts_First_Map_Text_Hold	FSM	21562	Common/resources/GameCameras_HudCamera_Prompts_First_Map_Text_Hold__FSM__fsm_21562.md
Common	resources	GameCameras_HudCamera_Prompts_First_Map	Control	20983	Common/resources/GameCameras_HudCamera_Prompts_First_Map__Control__fsm_20983.md
Common	resources	GameCameras_HudCamera_Prompts_Lore_Prompt	Prompt_Control	20922	Common/resources/GameCameras_HudCamera_Prompts_Lore_Prompt__Prompt_Control__fsm_20922.md
Common	resources	GameCameras_HudCamera_Prompts_Prompt_Blanker	FSM	19718	Common/resources/GameCameras_HudCamera_Prompts_Prompt_Blanker__FSM__fsm_19718.md
Common	resources	GameCameras_HudCamera_Prompts	Activate_Children	22516	Common/resources/GameCameras_HudCamera_Prompts__Activate_Children__fsm_22516.md
Common	resources	GameCameras_HudCamera_Quick_Map	Quick_Map	21952	Common/resources/GameCameras_HudCamera_Quick_Map__Quick_Map__fsm_21952.md
Common	resources	GameCameras_HudCamera	Globalise	23386	Common/resources/GameCameras_HudCamera__Globalise__fsm_23386.md
Common	resources	GameCameras_HudCamera	Instantiate_Game_Map	21549	Common/resources/GameCameras_HudCamera__Instantiate_Game_Map__fsm_21549.md
Common	resources	GameManager_AudioManager_Atmos_Atmos_Cave_Noises	Atmos_Control	23688	Common/resources/GameManager_AudioManager_Atmos_Atmos_Cave_Noises__Atmos_Control__fsm_23688.md
Common	resources	GameManager_AudioManager_Atmos_Atmos_Cave_Wind	Atmos_Control	23314	Common/resources/GameManager_AudioManager_Atmos_Atmos_Cave_Wind__Atmos_Control__fsm_23314.md
Common	resources	GameManager_AudioManager_Atmos_Atmos_Grass_Wind	Atmos_Control	22288	Common/resources/GameManager_AudioManager_Atmos_Atmos_Grass_Wind__Atmos_Control__fsm_22288.md
Common	resources	GameManager_AudioManager_Atmos_Atmos_Misc_Wind	Atmos_Control	19944	Common/resources/GameManager_AudioManager_Atmos_Atmos_Misc_Wind__Atmos_Control__fsm_19944.md
Common	resources	GameManager_AudioManager_Atmos_Atmos_Surface_Wind_C	Atmos_Control	22276	Common/resources/GameManager_AudioManager_Atmos_Atmos_Surface_Wind_C__Atmos_Control__fsm_22276.md
Common	resources	GameManager_AudioManager_Atmos_Atmos_Surface_Wind	Atmos_Control	23636	Common/resources/GameManager_AudioManager_Atmos_Atmos_Surface_Wind__Atmos_Control__fsm_23636.md
Common	resources	GameManager_AudioManager_Atmos_Deepnest	Atmos_Control	20023	Common/resources/GameManager_AudioManager_Atmos_Deepnest__Atmos_Control__fsm_20023.md
Common	resources	GameManager_AudioManager_Atmos_Fog_Canyon	Atmos_Control	21741	Common/resources/GameManager_AudioManager_Atmos_Fog_Canyon__Atmos_Control__fsm_21741.md
Common	resources	GameManager_AudioManager_Atmos_Fungus	Atmos_Control	23349	Common/resources/GameManager_AudioManager_Atmos_Fungus__Atmos_Control__fsm_23349.md
Common	resources	GameManager_AudioManager_Atmos_Greenpath	Atmos_Control	21873	Common/resources/GameManager_AudioManager_Atmos_Greenpath__Atmos_Control__fsm_21873.md
Common	resources	GameManager_AudioManager_Atmos_Mines_Crystal	Atmos_Control	19679	Common/resources/GameManager_AudioManager_Atmos_Mines_Crystal__Atmos_Control__fsm_19679.md
Common	resources	GameManager_AudioManager_Atmos_Mines_Machinrery	Atmos_Control	23230	Common/resources/GameManager_AudioManager_Atmos_Mines_Machinrery__Atmos_Control__fsm_23230.md
Common	resources	GameManager_AudioManager_Atmos_Rain_Indoor	Atmos_Control	22273	Common/resources/GameManager_AudioManager_Atmos_Rain_Indoor__Atmos_Control__fsm_22273.md
Common	resources	GameManager_AudioManager_Atmos_Rain_Outdoor	Atmos_Control	21696	Common/resources/GameManager_AudioManager_Atmos_Rain_Outdoor__Atmos_Control__fsm_21696.md
Common	resources	GameManager_AudioManager_Atmos_Waterfall_Med	Atmos_Control	20116	Common/resources/GameManager_AudioManager_Atmos_Waterfall_Med__Atmos_Control__fsm_20116.md
Common	resources	GameManager_AudioManager_Atmos_Waterways	Atmos_Control	22061	Common/resources/GameManager_AudioManager_Atmos_Waterways__Atmos_Control__fsm_22061.md
Common	resources	GameManager_AudioManager_Atmos	Globalise	22735	Common/resources/GameManager_AudioManager_Atmos__Globalise__fsm_22735.md
Common	resources	GameManager_AudioManager	Globalise	22048	Common/resources/GameManager_AudioManager__Globalise__fsm_22048.md
Common	resources	GameManager_AudioManager	Hero_Damaged_Effects	22045	Common/resources/GameManager_AudioManager__Hero_Damaged_Effects__fsm_22045.md
Common	resources	GameManager	Globalise	24100	Common/resources/GameManager__Globalise__fsm_24100.md
Common	resources	Game_Map_Ancient_Basin_Abyss_03_pin_tram	FSM	20774	Common/resources/Game_Map_Ancient_Basin_Abyss_03_pin_tram__FSM__fsm_20774.md
Common	resources	Game_Map_Ancient_Basin_Abyss_18_pin_bench	FSM	24774	Common/resources/Game_Map_Ancient_Basin_Abyss_18_pin_bench__FSM__fsm_24774.md
Common	resources	Game_Map_Ancient_Basin_Abyss_18_pin_bench	toll_bench_pin	24894	Common/resources/Game_Map_Ancient_Basin_Abyss_18_pin_bench__toll_bench_pin__fsm_24894.md
Common	resources	Game_Map_Ancient_Basin_Abyss_22_pin_bench	FSM	24771	Common/resources/Game_Map_Ancient_Basin_Abyss_22_pin_bench__FSM__fsm_24771.md
Common	resources	Game_Map_Ancient_Basin_Abyss_22_pin_stag_station	FSM	19792	Common/resources/Game_Map_Ancient_Basin_Abyss_22_pin_stag_station__FSM__fsm_19792.md
Common	resources	Game_Map_Ancient_Basin_Grub_Pins	Check_Grub_Map_Owned	24482	Common/resources/Game_Map_Ancient_Basin_Grub_Pins__Check_Grub_Map_Owned__fsm_24482.md
Common	resources	Game_Map_City_of_Tears_Grub_Pins	Check_Grub_Map_Owned	24824	Common/resources/Game_Map_City_of_Tears_Grub_Pins__Check_Grub_Map_Owned__fsm_24824.md
Common	resources	Game_Map_City_of_Tears_Ruins1_02_pin_bench	FSM	23472	Common/resources/Game_Map_City_of_Tears_Ruins1_02_pin_bench__FSM__fsm_23472.md
Common	resources	Game_Map_City_of_Tears_Ruins1_04_pin_nailsmith	FSM	20007	Common/resources/Game_Map_City_of_Tears_Ruins1_04_pin_nailsmith__FSM__fsm_20007.md
Common	resources	Game_Map_City_of_Tears_Ruins1_05b_pin_relic_dealer	FSM	22434	Common/resources/Game_Map_City_of_Tears_Ruins1_05b_pin_relic_dealer__FSM__fsm_22434.md
Common	resources	Game_Map_City_of_Tears_Ruins1_18_b_pin_bench	FSM	25310	Common/resources/Game_Map_City_of_Tears_Ruins1_18_b_pin_bench__FSM__fsm_25310.md
Common	resources	Game_Map_City_of_Tears_Ruins1_29_pin_bench	FSM	24723	Common/resources/Game_Map_City_of_Tears_Ruins1_29_pin_bench__FSM__fsm_24723.md
Common	resources	Game_Map_City_of_Tears_Ruins1_29_pin_stag_station	FSM	22871	Common/resources/Game_Map_City_of_Tears_Ruins1_29_pin_stag_station__FSM__fsm_22871.md
Common	resources	Game_Map_City_of_Tears_Ruins1_31_pin_bench	FSM	24209	Common/resources/Game_Map_City_of_Tears_Ruins1_31_pin_bench__FSM__fsm_24209.md
Common	resources	Game_Map_City_of_Tears_Ruins1_31_pin_bench	toll_bench_pin	24090	Common/resources/Game_Map_City_of_Tears_Ruins1_31_pin_bench__toll_bench_pin__fsm_24090.md
Common	resources	Game_Map_City_of_Tears_Ruins2_08_pin_bench	FSM	23659	Common/resources/Game_Map_City_of_Tears_Ruins2_08_pin_bench__FSM__fsm_23659.md
Common	resources	Game_Map_City_of_Tears_Ruins2_08_pin_stag_station	FSM	19899	Common/resources/Game_Map_City_of_Tears_Ruins2_08_pin_stag_station__FSM__fsm_19899.md
Common	resources	Game_Map_City_of_Tears_Ruins2_Watcher_Room	Dreamer_Pin	22418	Common/resources/Game_Map_City_of_Tears_Ruins2_Watcher_Room__Dreamer_Pin__fsm_22418.md
Common	resources	Game_Map_City_of_Tears_Ruins_Bathhouse_pin_bench	FSM	23894	Common/resources/Game_Map_City_of_Tears_Ruins_Bathhouse_pin_bench__FSM__fsm_23894.md
Common	resources	Game_Map_City_of_Tears_Ruins_Bathhouse_pin_spa	FSM	23138	Common/resources/Game_Map_City_of_Tears_Ruins_Bathhouse_pin_spa__FSM__fsm_23138.md
Common	resources	Game_Map_Cliffs_Cliffs_02_Pin_Backer_Ghost	FSM	20750	Common/resources/Game_Map_Cliffs_Cliffs_02_Pin_Backer_Ghost__FSM__fsm_20750.md
Common	resources	Game_Map_Cliffs_Cliffs_02_b_pin_stag_station	FSM	21932	Common/resources/Game_Map_Cliffs_Cliffs_02_b_pin_stag_station__FSM__fsm_21932.md
Common	resources	Game_Map_Cliffs_Cliffs_02_pin_bench	FSM	24927	Common/resources/Game_Map_Cliffs_Cliffs_02_pin_bench__FSM__fsm_24927.md
Common	resources	Game_Map_Cliffs_Grub_Pins	Check_Grub_Map_Owned	25316	Common/resources/Game_Map_Cliffs_Grub_Pins__Check_Grub_Map_Owned__fsm_25316.md
Common	resources	Game_Map_Compass_Icon	Mapwalk_Bob	23269	Common/resources/Game_Map_Compass_Icon__Mapwalk_Bob__fsm_23269.md
Common	resources	Game_Map_Crossroads_Crossroads_02	Dreamer_Pin	21803	Common/resources/Game_Map_Crossroads_Crossroads_02__Dreamer_Pin__fsm_21803.md
Common	resources	Game_Map_Crossroads_Crossroads_04_pin_bench	FSM	25053	Common/resources/Game_Map_Crossroads_Crossroads_04_pin_bench__FSM__fsm_25053.md
Common	resources	Game_Map_Crossroads_Crossroads_04_pin_charm_slug	FSM	22023	Common/resources/Game_Map_Crossroads_Crossroads_04_pin_charm_slug__FSM__fsm_22023.md
Common	resources	Game_Map_Crossroads_Crossroads_06_pin_bench	FSM	23685	Common/resources/Game_Map_Crossroads_Crossroads_06_pin_bench__FSM__fsm_23685.md
Common	resources	Game_Map_Crossroads_Crossroads_30_pin_bench	FSM	25312	Common/resources/Game_Map_Crossroads_Crossroads_30_pin_bench__FSM__fsm_25312.md
Common	resources	Game_Map_Crossroads_Crossroads_30_pin_spa	FSM	23065	Common/resources/Game_Map_Crossroads_Crossroads_30_pin_spa__FSM__fsm_23065.md
Common	resources	Game_Map_Crossroads_Crossroads_38_pin_grub_king	FSM	19614	Common/resources/Game_Map_Crossroads_Crossroads_38_pin_grub_king__FSM__fsm_19614.md
Common	resources	Game_Map_Crossroads_Crossroads_46_pin_tram	FSM	22007	Common/resources/Game_Map_Crossroads_Crossroads_46_pin_tram__FSM__fsm_22007.md
Common	resources	Game_Map_Crossroads_Crossroads_47_pin_bench	FSM	24221	Common/resources/Game_Map_Crossroads_Crossroads_47_pin_bench__FSM__fsm_24221.md
Common	resources	Game_Map_Crossroads_Crossroads_47_pin_stag_station	FSM	23900	Common/resources/Game_Map_Crossroads_Crossroads_47_pin_stag_station__FSM__fsm_23900.md
Common	resources	Game_Map_Crossroads_Grub_Pins	Check_Grub_Map_Owned	24606	Common/resources/Game_Map_Crossroads_Grub_Pins__Check_Grub_Map_Owned__fsm_24606.md
Common	resources	Game_Map_Crystal_Peak_Grub_Pins	Check_Grub_Map_Owned	24348	Common/resources/Game_Map_Crystal_Peak_Grub_Pins__Check_Grub_Map_Owned__fsm_24348.md
Common	resources	Game_Map_Crystal_Peak_Mines_18_pin_bench	FSM	23529	Common/resources/Game_Map_Crystal_Peak_Mines_18_pin_bench__FSM__fsm_23529.md
Common	resources	Game_Map_Crystal_Peak_Mines_29_pin_bench	FSM	24783	Common/resources/Game_Map_Crystal_Peak_Mines_29_pin_bench__FSM__fsm_24783.md
Common	resources	Game_Map_Deepnest_Abyss_03_b_pin_tram	FSM	19781	Common/resources/Game_Map_Deepnest_Abyss_03_b_pin_tram__FSM__fsm_19781.md
Common	resources	Game_Map_Deepnest_Deepnest_03	map_altsprite	19910	Common/resources/Game_Map_Deepnest_Deepnest_03__map_altsprite__fsm_19910.md
Common	resources	Game_Map_Deepnest_Deepnest_09_pin_stag_station	FSM	20431	Common/resources/Game_Map_Deepnest_Deepnest_09_pin_stag_station__FSM__fsm_20431.md
Common	resources	Game_Map_Deepnest_Deepnest_14_pin_bench	FSM	23466	Common/resources/Game_Map_Deepnest_Deepnest_14_pin_bench__FSM__fsm_23466.md
Common	resources	Game_Map_Deepnest_Deepnest_30_b_pin_bench	FSM	23696	Common/resources/Game_Map_Deepnest_Deepnest_30_b_pin_bench__FSM__fsm_23696.md
Common	resources	Game_Map_Deepnest_Deepnest_30_b_pin_spa	FSM	21577	Common/resources/Game_Map_Deepnest_Deepnest_30_b_pin_spa__FSM__fsm_21577.md
Common	resources	Game_Map_Deepnest_Deepnest_40_Pin_Backer_Ghost	FSM	20639	Common/resources/Game_Map_Deepnest_Deepnest_40_Pin_Backer_Ghost__FSM__fsm_20639.md
Common	resources	Game_Map_Deepnest_Grub_Pins	Check_Grub_Map_Owned	24439	Common/resources/Game_Map_Deepnest_Grub_Pins__Check_Grub_Map_Owned__fsm_24439.md
Common	resources	Game_Map_Dream_Gate_Pin	Deactivate_if_no_gate	24218	Common/resources/Game_Map_Dream_Gate_Pin__Deactivate_if_no_gate__fsm_24218.md
Common	resources	Game_Map_Dreamer_Pins_Pin_Beast	Display	20165	Common/resources/Game_Map_Dreamer_Pins_Pin_Beast__Display__fsm_20165.md
Common	resources	Game_Map_Dreamer_Pins_Pin_Teacher	Display	22294	Common/resources/Game_Map_Dreamer_Pins_Pin_Teacher__Display__fsm_22294.md
Common	resources	Game_Map_Dreamer_Pins_Pin_Watcher	Display	23108	Common/resources/Game_Map_Dreamer_Pins_Pin_Watcher__Display__fsm_23108.md
Common	resources	Game_Map_Flame_Pins	Check_Grimmchild_Equipped	25321	Common/resources/Game_Map_Flame_Pins__Check_Grimmchild_Equipped__fsm_25321.md
Common	resources	Game_Map_Fog_Canyon_Fungus3_35_pin_banker	pin_activation	20962	Common/resources/Game_Map_Fog_Canyon_Fungus3_35_pin_banker__pin_activation__fsm_20962.md
Common	resources	Game_Map_Fog_Canyon_Grub_Pins	Check_Grub_Map_Owned	24727	Common/resources/Game_Map_Fog_Canyon_Grub_Pins__Check_Grub_Map_Owned__fsm_24727.md
Common	resources	Game_Map_Fungal_Wastes_Deepnest_01	map_altsprite	19716	Common/resources/Game_Map_Fungal_Wastes_Deepnest_01__map_altsprite__fsm_19716.md
Common	resources	Game_Map_Fungal_Wastes_Fungus2_02_pin_bench	FSM	23630	Common/resources/Game_Map_Fungal_Wastes_Fungus2_02_pin_bench__FSM__fsm_23630.md
Common	resources	Game_Map_Fungal_Wastes_Fungus2_02_pin_stag_station	FSM	24897	Common/resources/Game_Map_Fungal_Wastes_Fungus2_02_pin_stag_station__FSM__fsm_24897.md
Common	resources	Game_Map_Fungal_Wastes_Fungus2_13_pin_bench	FSM	24976	Common/resources/Game_Map_Fungal_Wastes_Fungus2_13_pin_bench__FSM__fsm_24976.md
Common	resources	Game_Map_Fungal_Wastes_Fungus2_26_pin_bench	FSM	24964	Common/resources/Game_Map_Fungal_Wastes_Fungus2_26_pin_bench__FSM__fsm_24964.md
Common	resources	Game_Map_Fungal_Wastes_Fungus2_26_pin_leg_eater	FSM	21849	Common/resources/Game_Map_Fungal_Wastes_Fungus2_26_pin_leg_eater__FSM__fsm_21849.md
Common	resources	Game_Map_Fungal_Wastes_Fungus2_31_pin_bench	FSM	25146	Common/resources/Game_Map_Fungal_Wastes_Fungus2_31_pin_bench__FSM__fsm_25146.md
Common	resources	Game_Map_Fungal_Wastes_Fungus2_32_Pin_Backer_Ghost	FSM	21479	Common/resources/Game_Map_Fungal_Wastes_Fungus2_32_Pin_Backer_Ghost__FSM__fsm_21479.md
Common	resources	Game_Map_Fungal_Wastes_Grub_Pins	Check_Grub_Map_Owned	24851	Common/resources/Game_Map_Fungal_Wastes_Grub_Pins__Check_Grub_Map_Owned__fsm_24851.md
Common	resources	Game_Map_Green_Path_Fungus1_01b_pin_bench	FSM	23416	Common/resources/Game_Map_Green_Path_Fungus1_01b_pin_bench__FSM__fsm_23416.md
Common	resources	Game_Map_Green_Path_Fungus1_08_pin_hunter	FSM	21371	Common/resources/Game_Map_Green_Path_Fungus1_08_pin_hunter__FSM__fsm_21371.md
Common	resources	Game_Map_Green_Path_Fungus1_15_pin_bench	FSM	24117	Common/resources/Game_Map_Green_Path_Fungus1_15_pin_bench__FSM__fsm_24117.md
Common	resources	Game_Map_Green_Path_Fungus1_16_alt_pin_bench	FSM	24673	Common/resources/Game_Map_Green_Path_Fungus1_16_alt_pin_bench__FSM__fsm_24673.md
Common	resources	Game_Map_Green_Path_Fungus1_16_alt_pin_stag_station_(7)	FSM	21102	Common/resources/Game_Map_Green_Path_Fungus1_16_alt_pin_stag_station_(7)__FSM__fsm_21102.md
Common	resources	Game_Map_Green_Path_Fungus1_26_pin_bench	FSM	23846	Common/resources/Game_Map_Green_Path_Fungus1_26_pin_bench__FSM__fsm_23846.md
Common	resources	Game_Map_Green_Path_Fungus1_31_pin_bench	FSM	23834	Common/resources/Game_Map_Green_Path_Fungus1_31_pin_bench__FSM__fsm_23834.md
Common	resources	Game_Map_Green_Path_Fungus1_34_Pin_Backer_Ghost	FSM	19636	Common/resources/Game_Map_Green_Path_Fungus1_34_Pin_Backer_Ghost__FSM__fsm_19636.md
Common	resources	Game_Map_Green_Path_Fungus1_37_pin_bench	FSM	23459	Common/resources/Game_Map_Green_Path_Fungus1_37_pin_bench__FSM__fsm_23459.md
Common	resources	Game_Map_Green_Path_Grub_Pins	Check_Grub_Map_Owned	24313	Common/resources/Game_Map_Green_Path_Grub_Pins__Check_Grub_Map_Owned__fsm_24313.md
Common	resources	Game_Map_Kingdoms_Edge_Abyss_03_c	map_altsprite	20817	Common/resources/Game_Map_Kingdoms_Edge_Abyss_03_c__map_altsprite__fsm_20817.md
Common	resources	Game_Map_Kingdoms_Edge_Abyss_03_c_pin_tram	FSM	19992	Common/resources/Game_Map_Kingdoms_Edge_Abyss_03_c_pin_tram__FSM__fsm_19992.md
Common	resources	Game_Map_Kingdoms_Edge_Deepnest_East_01	map_altsprite	20896	Common/resources/Game_Map_Kingdoms_Edge_Deepnest_East_01__map_altsprite__fsm_20896.md
Common	resources	Game_Map_Kingdoms_Edge_Deepnest_East_06_pin_bench	FSM	24876	Common/resources/Game_Map_Kingdoms_Edge_Deepnest_East_06_pin_bench__FSM__fsm_24876.md
Common	resources	Game_Map_Kingdoms_Edge_Deepnest_East_09_pin_colosseum	FSM	23159	Common/resources/Game_Map_Kingdoms_Edge_Deepnest_East_09_pin_colosseum__FSM__fsm_23159.md
Common	resources	Game_Map_Kingdoms_Edge_Deepnest_East_10_Pin_Backer_Ghost	FSM	22432	Common/resources/Game_Map_Kingdoms_Edge_Deepnest_East_10_Pin_Backer_Ghost__FSM__fsm_22432.md
Common	resources	Game_Map_Kingdoms_Edge_Deepnest_East_13_pin_bench	FSM	24322	Common/resources/Game_Map_Kingdoms_Edge_Deepnest_East_13_pin_bench__FSM__fsm_24322.md
Common	resources	Game_Map_Kingdoms_Edge_Deepnest_East_Hornet_b_Sub_Area_Name_(1)	FSM	23014	Common/resources/Game_Map_Kingdoms_Edge_Deepnest_East_Hornet_b_Sub_Area_Name_(1)__FSM__fsm_23014.md
Common	resources	Game_Map_Kingdoms_Edge_Grub_Pins	Check_Grub_Map_Owned	24360	Common/resources/Game_Map_Kingdoms_Edge_Grub_Pins__Check_Grub_Map_Owned__fsm_24360.md
Common	resources	Game_Map_Kingdoms_Edge_Hive_01_b_pin_bench	FSM	23504	Common/resources/Game_Map_Kingdoms_Edge_Hive_01_b_pin_bench__FSM__fsm_23504.md
Common	resources	Game_Map_Queens_Gardens_Fungus1_24_pin_bench	FSM	24391	Common/resources/Game_Map_Queens_Gardens_Fungus1_24_pin_bench__FSM__fsm_24391.md
Common	resources	Game_Map_Queens_Gardens_Fungus3_40_Pin_Backer_Ghost	FSM	21649	Common/resources/Game_Map_Queens_Gardens_Fungus3_40_Pin_Backer_Ghost__FSM__fsm_21649.md
Common	resources	Game_Map_Queens_Gardens_Fungus3_40_pin_bench	FSM	24404	Common/resources/Game_Map_Queens_Gardens_Fungus3_40_pin_bench__FSM__fsm_24404.md
Common	resources	Game_Map_Queens_Gardens_Fungus3_40_pin_stag_station	FSM	20801	Common/resources/Game_Map_Queens_Gardens_Fungus3_40_pin_stag_station__FSM__fsm_20801.md
Common	resources	Game_Map_Queens_Gardens_Fungus3_50_pin_bench	FSM	24274	Common/resources/Game_Map_Queens_Gardens_Fungus3_50_pin_bench__FSM__fsm_24274.md
Common	resources	Game_Map_Queens_Gardens_Fungus3_50_pin_bench	toll_bench_pin	23920	Common/resources/Game_Map_Queens_Gardens_Fungus3_50_pin_bench__toll_bench_pin__fsm_23920.md
Common	resources	Game_Map_Queens_Gardens_Grub_Pins	Check_Grub_Map_Owned	25292	Common/resources/Game_Map_Queens_Gardens_Grub_Pins__Check_Grub_Map_Owned__fsm_25292.md
Common	resources	Game_Map_Resting_Grounds_Crossroads_46b_pin_tram	FSM	21947	Common/resources/Game_Map_Resting_Grounds_Crossroads_46b_pin_tram__FSM__fsm_21947.md
Common	resources	Game_Map_Resting_Grounds_Grub_Pins	Check_Grub_Map_Owned	24878	Common/resources/Game_Map_Resting_Grounds_Grub_Pins__Check_Grub_Map_Owned__fsm_24878.md
Common	resources	Game_Map_Resting_Grounds_RestingGrounds_02_Pin_Backer_Ghost	FSM	21047	Common/resources/Game_Map_Resting_Grounds_RestingGrounds_02_Pin_Backer_Ghost__FSM__fsm_21047.md
Common	resources	Game_Map_Resting_Grounds_RestingGrounds_05_pin_dream_moth	FSM	22041	Common/resources/Game_Map_Resting_Grounds_RestingGrounds_05_pin_dream_moth__FSM__fsm_22041.md
Common	resources	Game_Map_Resting_Grounds_RestingGrounds_09_pin_bench	FSM	24759	Common/resources/Game_Map_Resting_Grounds_RestingGrounds_09_pin_bench__FSM__fsm_24759.md
Common	resources	Game_Map_Resting_Grounds_RestingGrounds_09_pin_stag_station	FSM	21811	Common/resources/Game_Map_Resting_Grounds_RestingGrounds_09_pin_stag_station__FSM__fsm_21811.md
Common	resources	Game_Map_Resting_Grounds_RestingGrounds_12_pin_bench	FSM	23582	Common/resources/Game_Map_Resting_Grounds_RestingGrounds_12_pin_bench__FSM__fsm_23582.md
Common	resources	Game_Map_Shade_Pos	Deactivate_if_!SoulLimited	23729	Common/resources/Game_Map_Shade_Pos__Deactivate_if_!SoulLimited__fsm_23729.md
Common	resources	Game_Map_Town_Tutorial_Area_Name	FSM	20269	Common/resources/Game_Map_Town_Tutorial_Area_Name__FSM__fsm_20269.md
Common	resources	Game_Map_Town_Tutorial_Grub_Pins	Check_Grub_Map_Owned	24751	Common/resources/Game_Map_Town_Tutorial_Grub_Pins__Check_Grub_Map_Owned__fsm_24751.md
Common	resources	Game_Map_Town_Tutorial_Town	map_altsprite	22398	Common/resources/Game_Map_Town_Tutorial_Town__map_altsprite__fsm_22398.md
Common	resources	Game_Map_Town_Tutorial_Town_pin_bench	FSM	24215	Common/resources/Game_Map_Town_Tutorial_Town_pin_bench__FSM__fsm_24215.md
Common	resources	Game_Map_Town_Tutorial_Town_pin_jiji	FSM	22999	Common/resources/Game_Map_Town_Tutorial_Town_pin_jiji__FSM__fsm_22999.md
Common	resources	Game_Map_Town_Tutorial_Town_pin_mapper	FSM	22324	Common/resources/Game_Map_Town_Tutorial_Town_pin_mapper__FSM__fsm_22324.md
Common	resources	Game_Map_Town_Tutorial_Town_pin_sly	FSM	26427	Common/resources/Game_Map_Town_Tutorial_Town_pin_sly__FSM__fsm_26427.md
Common	resources	Game_Map_Town_Tutorial_Town_pin_stag_station	FSM	21340	Common/resources/Game_Map_Town_Tutorial_Town_pin_stag_station__FSM__fsm_21340.md
Common	resources	Game_Map_Waterways_GG_Waterways_pin_sly_(1)	FSM	20105	Common/resources/Game_Map_Waterways_GG_Waterways_pin_sly_(1)__FSM__fsm_20105.md
Common	resources	Game_Map_Waterways_Grub_Pins	Check_Grub_Map_Owned	24930	Common/resources/Game_Map_Waterways_Grub_Pins__Check_Grub_Map_Owned__fsm_24930.md
Common	resources	Game_Map_Waterways_Waterways_02_b_pin_bench	FSM	23972	Common/resources/Game_Map_Waterways_Waterways_02_b_pin_bench__FSM__fsm_23972.md
Common	resources	Game_Map	Globalise	25302	Common/resources/Game_Map__Globalise__fsm_25302.md
Common	resources	Game_Map	Initial_Shade_Dreamgate_Position	24021	Common/resources/Game_Map__Initial_Shade_Dreamgate_Position__fsm_24021.md
Common	resources	Game_Map	Map_FSM_State	20079	Common/resources/Game_Map__Map_FSM_State__fsm_20079.md
Common	resources	Gas_Explosion_Recycle_L	Explosion_Control	22765	Common/resources/Gas_Explosion_Recycle_L__Explosion_Control__fsm_22765.md
Common	resources	Gas_Explosion_Recycle_L	damages_enemy	22988	Common/resources/Gas_Explosion_Recycle_L__damages_enemy__fsm_22988.md
Common	resources	Gas_Explosion_Recycle_M	Explosion_Control	22763	Common/resources/Gas_Explosion_Recycle_M__Explosion_Control__fsm_22763.md
Common	resources	Gas_Explosion_Recycle_M	damages_enemy	22987	Common/resources/Gas_Explosion_Recycle_M__damages_enemy__fsm_22987.md
Common	resources	Grimmball_Enemy_Damager	Attack	23808	Common/resources/Grimmball_Enemy_Damager__Attack__fsm_23808.md
Common	resources	Grimmball	Control	23439	Common/resources/Grimmball__Control__fsm_23439.md
Common	resources	Grimmchild_Flame_Burst	FSM	24271	Common/resources/Grimmchild_Flame_Burst__FSM__fsm_24271.md
Common	resources	Grimmchild	Charm_Unequip	24052	Common/resources/Grimmchild__Charm_Unequip__fsm_24052.md
Common	resources	Grimmchild	Control	24995	Common/resources/Grimmchild__Control__fsm_24995.md
Common	resources	Grubberfly_BeamD_R_Terrain_Detector	FSM	20066	Common/resources/Grubberfly_BeamD_R_Terrain_Detector__FSM__fsm_20066.md
Common	resources	Grubberfly_BeamD_R	Control	23363	Common/resources/Grubberfly_BeamD_R__Control__fsm_23363.md
Common	resources	Grubberfly_BeamD_R	damages_enemy	22570	Common/resources/Grubberfly_BeamD_R__damages_enemy__fsm_22570.md
Common	resources	Grubberfly_BeamD_Terrain_Detector	FSM	20065	Common/resources/Grubberfly_BeamD_Terrain_Detector__FSM__fsm_20065.md
Common	resources	Grubberfly_BeamD	Control	23362	Common/resources/Grubberfly_BeamD__Control__fsm_23362.md
Common	resources	Grubberfly_BeamD	damages_enemy	22569	Common/resources/Grubberfly_BeamD__damages_enemy__fsm_22569.md
Common	resources	Grubberfly_BeamL_R_Terrain_Detector	FSM	22400	Common/resources/Grubberfly_BeamL_R_Terrain_Detector__FSM__fsm_22400.md
Common	resources	Grubberfly_BeamL_R	Control	23358	Common/resources/Grubberfly_BeamL_R__Control__fsm_23358.md
Common	resources	Grubberfly_BeamL_R	damages_enemy	22564	Common/resources/Grubberfly_BeamL_R__damages_enemy__fsm_22564.md
Common	resources	Grubberfly_BeamL_Terrain_Detector	FSM	22401	Common/resources/Grubberfly_BeamL_Terrain_Detector__FSM__fsm_22401.md
Common	resources	Grubberfly_BeamL	Control	23361	Common/resources/Grubberfly_BeamL__Control__fsm_23361.md
Common	resources	Grubberfly_BeamL	damages_enemy	22568	Common/resources/Grubberfly_BeamL__damages_enemy__fsm_22568.md
Common	resources	Grubberfly_BeamR_R_Terrain_Detector	FSM	20815	Common/resources/Grubberfly_BeamR_R_Terrain_Detector__FSM__fsm_20815.md
Common	resources	Grubberfly_BeamR_R	Control	23364	Common/resources/Grubberfly_BeamR_R__Control__fsm_23364.md
Common	resources	Grubberfly_BeamR_R	damages_enemy	22571	Common/resources/Grubberfly_BeamR_R__damages_enemy__fsm_22571.md
Common	resources	Grubberfly_BeamR_Terrain_Detector	FSM	20814	Common/resources/Grubberfly_BeamR_Terrain_Detector__FSM__fsm_20814.md
Common	resources	Grubberfly_BeamR	Control	23359	Common/resources/Grubberfly_BeamR__Control__fsm_23359.md
Common	resources	Grubberfly_BeamR	damages_enemy	22565	Common/resources/Grubberfly_BeamR__damages_enemy__fsm_22565.md
Common	resources	Grubberfly_BeamU_R_Terrain_Detector	FSM	20032	Common/resources/Grubberfly_BeamU_R_Terrain_Detector__FSM__fsm_20032.md
Common	resources	Grubberfly_BeamU_R	Control	23365	Common/resources/Grubberfly_BeamU_R__Control__fsm_23365.md
Common	resources	Grubberfly_BeamU_R	damages_enemy	22572	Common/resources/Grubberfly_BeamU_R__damages_enemy__fsm_22572.md
Common	resources	Grubberfly_BeamU_Terrain_Detector	FSM	20031	Common/resources/Grubberfly_BeamU_Terrain_Detector__FSM__fsm_20031.md
Common	resources	Grubberfly_BeamU	Control	23360	Common/resources/Grubberfly_BeamU__Control__fsm_23360.md
Common	resources	Grubberfly_BeamU	damages_enemy	22567	Common/resources/Grubberfly_BeamU__damages_enemy__fsm_22567.md
Common	resources	Hard_Land_Effect_Bone_Plane	Unparent	19629	Common/resources/Hard_Land_Effect_Bone_Plane__Unparent__fsm_19629.md
Common	resources	Hard_Land_Effect_Spa_Splash_In_Small	FSM	20164	Common/resources/Hard_Land_Effect_Spa_Splash_In_Small__FSM__fsm_20164.md
Common	resources	Hard_Land_Effect_Spa_Splash_Out_Medium	FSM	23328	Common/resources/Hard_Land_Effect_Spa_Splash_Out_Medium__FSM__fsm_23328.md
Common	resources	Hero_Death_Death_Crack	crack_control	22835	Common/resources/Hero_Death_Death_Crack__crack_control__fsm_22835.md
Common	resources	Hero_Death_Death_Crack	deactivate	22978	Common/resources/Hero_Death_Death_Crack__deactivate__fsm_22978.md
Common	resources	Hero_Death_Dream_Impact	Control	21360	Common/resources/Hero_Death_Dream_Impact__Control__fsm_21360.md
Common	resources	Hero_Death_Dream_Impact	FSM	19835	Common/resources/Hero_Death_Dream_Impact__FSM__fsm_19835.md
Common	resources	Hero_Death	Hero_Death_Anim	20154	Common/resources/Hero_Death__Hero_Death_Anim__fsm_20154.md
Common	resources	Hit_Crack	crack_control	22057	Common/resources/Hit_Crack__crack_control__fsm_22057.md
Common	resources	Hollow_Shade_Alert_Range_Lake	alert_range	22093	Common/resources/Hollow_Shade_Alert_Range_Lake__alert_range__fsm_22093.md
Common	resources	Hollow_Shade_Death_Death_Glow	FSM	21005	Common/resources/Hollow_Shade_Death_Death_Glow__FSM__fsm_21005.md
Common	resources	Hollow_Shade_Death	Shade_Control	19789	Common/resources/Hollow_Shade_Death__Shade_Control__fsm_19789.md
Common	resources	Hollow_Shade_Death	Shade_Orbs	20836	Common/resources/Hollow_Shade_Death__Shade_Orbs__fsm_20836.md
Common	resources	Hollow_Shade_Depart	Shade_Control	21624	Common/resources/Hollow_Shade_Depart__Shade_Control__fsm_21624.md
Common	resources	Hollow_Shade_Music_Control	Music_Control	23154	Common/resources/Hollow_Shade_Music_Control__Music_Control__fsm_23154.md
Common	resources	Hollow_Shade_Quake_Hit	Deactivate	21438	Common/resources/Hollow_Shade_Quake_Hit__Deactivate__fsm_21438.md
Common	resources	Hollow_Shade_Quake_Range	FSM	22880	Common/resources/Hollow_Shade_Quake_Range__FSM__fsm_22880.md
Common	resources	Hollow_Shade_Scream_Hit	Deactivate	21708	Common/resources/Hollow_Shade_Scream_Hit__Deactivate__fsm_21708.md
Common	resources	Hollow_Shade_Scream_Range	FSM	21342	Common/resources/Hollow_Shade_Scream_Range__FSM__fsm_21342.md
Common	resources	Hollow_Shade_Slash	nail_clash_tink	22505	Common/resources/Hollow_Shade_Slash__nail_clash_tink__fsm_22505.md
Common	resources	Hollow_Shade	Dreamnail_Kill	23885	Common/resources/Hollow_Shade__Dreamnail_Kill__fsm_23885.md
Common	resources	Hollow_Shade	Play_Audio	26175	Common/resources/Hollow_Shade__Play_Audio__fsm_26175.md
Common	resources	Hollow_Shade	Shade_Control	20416	Common/resources/Hollow_Shade__Shade_Control__fsm_20416.md
Common	resources	Journal_Mawlek_Turret	FSM	24409	Common/resources/Journal_Mawlek_Turret__FSM__fsm_24409.md
Common	resources	Journal_Update_Msg_Animation	FSM	21326	Common/resources/Journal_Update_Msg_Animation__FSM__fsm_21326.md
Common	resources	Journal_Update_Msg_Backboard_Large	FSM	23333	Common/resources/Journal_Update_Msg_Backboard_Large__FSM__fsm_23333.md
Common	resources	Journal_Update_Msg_Backboard_Small	FSM	22107	Common/resources/Journal_Update_Msg_Backboard_Small__FSM__fsm_22107.md
Common	resources	Journal_Update_Msg_Text	FSM	20252	Common/resources/Journal_Update_Msg_Text__FSM__fsm_20252.md
Common	resources	Journal_Update_Msg	Journal_Msg	21703	Common/resources/Journal_Update_Msg__Journal_Msg__fsm_21703.md
Common	resources	Knight_Acid_Death	Knight_Acid_Death	22034	Common/resources/Knight_Acid_Death__Knight_Acid_Death__fsm_22034.md
Common	resources	Knight_Attacks_AltSlash	damages_enemy	21319	Common/resources/Knight_Attacks_AltSlash__damages_enemy__fsm_21319.md
Common	resources	Knight_Attacks_AltSlash	nail_cancel_check	24934	Common/resources/Knight_Attacks_AltSlash__nail_cancel_check__fsm_24934.md
Common	resources	Knight_Attacks_Cyclone_Slash_Hits_Hit_L	damages_enemy	22652	Common/resources/Knight_Attacks_Cyclone_Slash_Hits_Hit_L__damages_enemy__fsm_22652.md
Common	resources	Knight_Attacks_Cyclone_Slash_Hits_Hit_L	nailart_damage	20033	Common/resources/Knight_Attacks_Cyclone_Slash_Hits_Hit_L__nailart_damage__fsm_20033.md
Common	resources	Knight_Attacks_Cyclone_Slash_Hits_Hit_R	damages_enemy	20395	Common/resources/Knight_Attacks_Cyclone_Slash_Hits_Hit_R__damages_enemy__fsm_20395.md
Common	resources	Knight_Attacks_Cyclone_Slash_Hits_Hit_R	nailart_damage	20362	Common/resources/Knight_Attacks_Cyclone_Slash_Hits_Hit_R__nailart_damage__fsm_20362.md
Common	resources	Knight_Attacks_Cyclone_Slash	Control_Collider	21477	Common/resources/Knight_Attacks_Cyclone_Slash__Control_Collider__fsm_21477.md
Common	resources	Knight_Attacks_Dash_Slash	Control_Collider	23104	Common/resources/Knight_Attacks_Dash_Slash__Control_Collider__fsm_23104.md
Common	resources	Knight_Attacks_Dash_Slash	damages_enemy	21048	Common/resources/Knight_Attacks_Dash_Slash__damages_enemy__fsm_21048.md
Common	resources	Knight_Attacks_Dash_Slash	nailart_damage	22098	Common/resources/Knight_Attacks_Dash_Slash__nailart_damage__fsm_22098.md
Common	resources	Knight_Attacks_DownSlash	damages_enemy	19666	Common/resources/Knight_Attacks_DownSlash__damages_enemy__fsm_19666.md
Common	resources	Knight_Attacks_DownSlash	nail_cancel_check	23575	Common/resources/Knight_Attacks_DownSlash__nail_cancel_check__fsm_23575.md
Common	resources	Knight_Attacks_Great_Slash	Control_Collider	20793	Common/resources/Knight_Attacks_Great_Slash__Control_Collider__fsm_20793.md
Common	resources	Knight_Attacks_Great_Slash	damages_enemy	21937	Common/resources/Knight_Attacks_Great_Slash__damages_enemy__fsm_21937.md
Common	resources	Knight_Attacks_Great_Slash	nailart_damage	22619	Common/resources/Knight_Attacks_Great_Slash__nailart_damage__fsm_22619.md
Common	resources	Knight_Attacks_Sharp_Shadow	damages_enemy	21715	Common/resources/Knight_Attacks_Sharp_Shadow__damages_enemy__fsm_21715.md
Common	resources	Knight_Attacks_Slash	damages_enemy	21390	Common/resources/Knight_Attacks_Slash__damages_enemy__fsm_21390.md
Common	resources	Knight_Attacks_Slash	nail_cancel_check	24525	Common/resources/Knight_Attacks_Slash__nail_cancel_check__fsm_24525.md
Common	resources	Knight_Attacks_UpSlash	damages_enemy	23339	Common/resources/Knight_Attacks_UpSlash__damages_enemy__fsm_23339.md
Common	resources	Knight_Attacks_UpSlash	nail_cancel_check	24429	Common/resources/Knight_Attacks_UpSlash__nail_cancel_check__fsm_24429.md
Common	resources	Knight_Attacks_WallSlash	damages_enemy	20964	Common/resources/Knight_Attacks_WallSlash__damages_enemy__fsm_20964.md
Common	resources	Knight_Attacks_WallSlash	nail_cancel_check	23581	Common/resources/Knight_Attacks_WallSlash__nail_cancel_check__fsm_23581.md
Common	resources	Knight_Attacks	Set_Sharp_Shadow_Damage	19648	Common/resources/Knight_Attacks__Set_Sharp_Shadow_Damage__fsm_19648.md
Common	resources	Knight_Attacks	Set_Slash_Damage	23027	Common/resources/Knight_Attacks__Set_Slash_Damage__fsm_23027.md
Common	resources	Knight_Blessing_Ghost	Blessing_Control	23597	Common/resources/Knight_Blessing_Ghost__Blessing_Control__fsm_23597.md
Common	resources	Knight_Can_Focus_Particles	Play	24152	Common/resources/Knight_Can_Focus_Particles__Play__fsm_24152.md
Common	resources	Knight_Charm_Effects_Blocker_Shield_Pusher_Hit_L	push_enemy	20025	Common/resources/Knight_Charm_Effects_Blocker_Shield_Pusher_Hit_L__push_enemy__fsm_20025.md
Common	resources	Knight_Charm_Effects_Blocker_Shield_Pusher_Hit_R	push_enemy	20098	Common/resources/Knight_Charm_Effects_Blocker_Shield_Pusher_Hit_R__push_enemy__fsm_20098.md
Common	resources	Knight_Charm_Effects_Blocker_Shield_Pusher_Hit_U	push_enemy	20278	Common/resources/Knight_Charm_Effects_Blocker_Shield_Pusher_Hit_U__push_enemy__fsm_20278.md
Common	resources	Knight_Charm_Effects_Blocker_Shield_Pusher	Deactivate	19810	Common/resources/Knight_Charm_Effects_Blocker_Shield_Pusher__Deactivate__fsm_19810.md
Common	resources	Knight_Charm_Effects_Blocker_Shield	Control	22290	Common/resources/Knight_Charm_Effects_Blocker_Shield__Control__fsm_22290.md
Common	resources	Knight_Charm_Effects_Dung	Control	22097	Common/resources/Knight_Charm_Effects_Dung__Control__fsm_22097.md
Common	resources	Knight_Charm_Effects_Fury	Control_Audio	20161	Common/resources/Knight_Charm_Effects_Fury__Control_Audio__fsm_20161.md
Common	resources	Knight_Charm_Effects_Rage_Burst_Effect	Deactivate	21846	Common/resources/Knight_Charm_Effects_Rage_Burst_Effect__Deactivate__fsm_21846.md
Common	resources	Knight_Charm_Effects_Thorn_Hit_Hit_D	damages_enemy	20697	Common/resources/Knight_Charm_Effects_Thorn_Hit_Hit_D__damages_enemy__fsm_20697.md
Common	resources	Knight_Charm_Effects_Thorn_Hit_Hit_D	set_thorn_damage	23761	Common/resources/Knight_Charm_Effects_Thorn_Hit_Hit_D__set_thorn_damage__fsm_23761.md
Common	resources	Knight_Charm_Effects_Thorn_Hit_Hit_L	damages_enemy	20112	Common/resources/Knight_Charm_Effects_Thorn_Hit_Hit_L__damages_enemy__fsm_20112.md
Common	resources	Knight_Charm_Effects_Thorn_Hit_Hit_L	set_thorn_damage	25065	Common/resources/Knight_Charm_Effects_Thorn_Hit_Hit_L__set_thorn_damage__fsm_25065.md
Common	resources	Knight_Charm_Effects_Thorn_Hit_Hit_R	damages_enemy	22605	Common/resources/Knight_Charm_Effects_Thorn_Hit_Hit_R__damages_enemy__fsm_22605.md
Common	resources	Knight_Charm_Effects_Thorn_Hit_Hit_R	set_thorn_damage	24201	Common/resources/Knight_Charm_Effects_Thorn_Hit_Hit_R__set_thorn_damage__fsm_24201.md
Common	resources	Knight_Charm_Effects_Thorn_Hit_Hit_U	damages_enemy	22389	Common/resources/Knight_Charm_Effects_Thorn_Hit_Hit_U__damages_enemy__fsm_22389.md
Common	resources	Knight_Charm_Effects_Thorn_Hit_Hit_U	set_thorn_damage	25062	Common/resources/Knight_Charm_Effects_Thorn_Hit_Hit_U__set_thorn_damage__fsm_25062.md
Common	resources	Knight_Charm_Effects	Enemy_Recoil_Up	20762	Common/resources/Knight_Charm_Effects__Enemy_Recoil_Up__fsm_20762.md
Common	resources	Knight_Charm_Effects	Fury	20110	Common/resources/Knight_Charm_Effects__Fury__fsm_20110.md
Common	resources	Knight_Charm_Effects	Hatchling_Spawn	21522	Common/resources/Knight_Charm_Effects__Hatchling_Spawn__fsm_21522.md
Common	resources	Knight_Charm_Effects	Pool_Flukes	25630	Common/resources/Knight_Charm_Effects__Pool_Flukes__fsm_25630.md
Common	resources	Knight_Charm_Effects	Pool_Flukes	25688	Common/resources/Knight_Charm_Effects__Pool_Flukes__fsm_25688.md
Common	resources	Knight_Charm_Effects	Set_Spell_Cost	22659	Common/resources/Knight_Charm_Effects__Set_Spell_Cost__fsm_22659.md
Common	resources	Knight_Charm_Effects	Slash_Size_Modifiers	22062	Common/resources/Knight_Charm_Effects__Slash_Size_Modifiers__fsm_22062.md
Common	resources	Knight_Charm_Effects	Spawn_Grimmchild	23578	Common/resources/Knight_Charm_Effects__Spawn_Grimmchild__fsm_23578.md
Common	resources	Knight_Charm_Effects	Spawn_Orbit_Shield	24863	Common/resources/Knight_Charm_Effects__Spawn_Orbit_Shield__fsm_24863.md
Common	resources	Knight_Charm_Effects	Thorn_Counter	22948	Common/resources/Knight_Charm_Effects__Thorn_Counter__fsm_22948.md
Common	resources	Knight_Charm_Effects	Weaverling_Control	24112	Common/resources/Knight_Charm_Effects__Weaverling_Control__fsm_24112.md
Common	resources	Knight_Charm_Effects	White_Charm	20761	Common/resources/Knight_Charm_Effects__White_Charm__fsm_20761.md
Common	resources	Knight_Damage_Effect	Knight_Damage	20307	Common/resources/Knight_Damage_Effect__Knight_Damage__fsm_20307.md
Common	resources	Knight_Damage_Effect_low_health_hit_effect	FSM	19969	Common/resources/Knight_Damage_Effect_low_health_hit_effect__FSM__fsm_19969.md
Common	resources	Knight_Dream_Effects_DG_Set_Impact	deactivate	24434	Common/resources/Knight_Dream_Effects_DG_Set_Impact__deactivate__fsm_24434.md
Common	resources	Knight_Dream_Effects_DG_Set_Ready	FSM	24150	Common/resources/Knight_Dream_Effects_DG_Set_Ready__FSM__fsm_24150.md
Common	resources	Knight_Dream_Effects_DG_Set_Release	FSM	23872	Common/resources/Knight_Dream_Effects_DG_Set_Release__FSM__fsm_23872.md
Common	resources	Knight_Dream_Effects_Hitbox	Deactivate	22027	Common/resources/Knight_Dream_Effects_Hitbox__Deactivate__fsm_22027.md
Common	resources	Knight_Dream_Effects_Hitbox	Send_Event	23531	Common/resources/Knight_Dream_Effects_Hitbox__Send_Event__fsm_23531.md
Common	resources	Knight_Dung_Cloud_Impact_Lines_(1)	Control	20317	Common/resources/Knight_Dung_Cloud_Impact_Lines_(1)__Control__fsm_20317.md
Common	resources	Knight_Dung_Cloud_Impact_Lines_(2)	Control	19803	Common/resources/Knight_Dung_Cloud_Impact_Lines_(2)__Control__fsm_19803.md
Common	resources	Knight_Dung_Cloud_Impact_Lines_(3)	Control	22743	Common/resources/Knight_Dung_Cloud_Impact_Lines_(3)__Control__fsm_22743.md
Common	resources	Knight_Dung_Cloud_Impact_Lines_(4)	Control	20083	Common/resources/Knight_Dung_Cloud_Impact_Lines_(4)__Control__fsm_20083.md
Common	resources	Knight_Dung_Cloud_Impact_Lines_(5)	Control	22578	Common/resources/Knight_Dung_Cloud_Impact_Lines_(5)__Control__fsm_22578.md
Common	resources	Knight_Dung_Cloud_Impact_Lines	Control	21291	Common/resources/Knight_Dung_Cloud_Impact_Lines__Control__fsm_21291.md
Common	resources	Knight_Dung_Cloud	Control	20844	Common/resources/Knight_Dung_Cloud__Control__fsm_20844.md
Common	resources	Knight_Dung_Trail	Control	20843	Common/resources/Knight_Dung_Trail__Control__fsm_20843.md
Common	resources	Knight_Effects_Acid_Armour	Control	20402	Common/resources/Knight_Effects_Acid_Armour__Control__fsm_20402.md
Common	resources	Knight_Effects_Damage_Effect	Knight_Damage	24140	Common/resources/Knight_Effects_Damage_Effect__Knight_Damage__fsm_24140.md
Common	resources	Knight_Effects_Damage_Effect_low_health_hit_effect	Deactivate_After_Delay	23389	Common/resources/Knight_Effects_Damage_Effect_low_health_hit_effect__Deactivate_After_Delay__fsm_23389.md
Common	resources	Knight_Effects_Dash_Burst	Effect_Control	21526	Common/resources/Knight_Effects_Dash_Burst__Effect_Control__fsm_21526.md
Common	resources	Knight_Effects_Fall_Trail	Trail_Control	24541	Common/resources/Knight_Effects_Fall_Trail__Trail_Control__fsm_24541.md
Common	resources	Knight_Effects_SD_Burst_Glow	FSM	21035	Common/resources/Knight_Effects_SD_Burst_Glow__FSM__fsm_21035.md
Common	resources	Knight_Effects_SD_Burst	Damage_Control	21362	Common/resources/Knight_Effects_SD_Burst__Damage_Control__fsm_21362.md
Common	resources	Knight_Effects_SD_Burst	FSM	21682	Common/resources/Knight_Effects_SD_Burst__FSM__fsm_21682.md
Common	resources	Knight_Effects_SD_Burst	damages_enemy	22386	Common/resources/Knight_Effects_SD_Burst__damages_enemy__fsm_22386.md
Common	resources	Knight_Effects_SD_Charge_Glow	FSM	25940	Common/resources/Knight_Effects_SD_Charge_Glow__FSM__fsm_25940.md
Common	resources	Knight_Effects_SD_Charge_Wall	color_fader	23348	Common/resources/Knight_Effects_SD_Charge_Wall__color_fader__fsm_23348.md
Common	resources	Knight_Effects_SD_Charge	color_fader	23239	Common/resources/Knight_Effects_SD_Charge__color_fader__fsm_23239.md
Common	resources	Knight_Effects_SD_Crystal_Gen_G1_Floor_Check	FSM	21567	Common/resources/Knight_Effects_SD_Crystal_Gen_G1_Floor_Check__FSM__fsm_21567.md
Common	resources	Knight_Effects_SD_Crystal_Gen_G1	Spawn	21013	Common/resources/Knight_Effects_SD_Crystal_Gen_G1__Spawn__fsm_21013.md
Common	resources	Knight_Effects_SD_Crystal_Gen_G1	superdash_crystal_gen	20034	Common/resources/Knight_Effects_SD_Crystal_Gen_G1__superdash_crystal_gen__fsm_20034.md
Common	resources	Knight_Effects_SD_Crystal_Gen_G2_Floor_Check	FSM	21350	Common/resources/Knight_Effects_SD_Crystal_Gen_G2_Floor_Check__FSM__fsm_21350.md
Common	resources	Knight_Effects_SD_Crystal_Gen_G2	Spawn	21828	Common/resources/Knight_Effects_SD_Crystal_Gen_G2__Spawn__fsm_21828.md
Common	resources	Knight_Effects_SD_Crystal_Gen_G2	superdash_crystal_gen	19809	Common/resources/Knight_Effects_SD_Crystal_Gen_G2__superdash_crystal_gen__fsm_19809.md
Common	resources	Knight_Effects_SD_Crystal_Gen_W1_Floor_Check	FSM	23098	Common/resources/Knight_Effects_SD_Crystal_Gen_W1_Floor_Check__FSM__fsm_23098.md
Common	resources	Knight_Effects_SD_Crystal_Gen_W1	Spawn	19625	Common/resources/Knight_Effects_SD_Crystal_Gen_W1__Spawn__fsm_19625.md
Common	resources	Knight_Effects_SD_Crystal_Gen_W1	superdash_crystal_gen	22655	Common/resources/Knight_Effects_SD_Crystal_Gen_W1__superdash_crystal_gen__fsm_22655.md
Common	resources	Knight_Effects_SD_Crystal_Gen_W2_Floor_Check	FSM	20771	Common/resources/Knight_Effects_SD_Crystal_Gen_W2_Floor_Check__FSM__fsm_20771.md
Common	resources	Knight_Effects_SD_Crystal_Gen_W2	Spawn	21919	Common/resources/Knight_Effects_SD_Crystal_Gen_W2__Spawn__fsm_21919.md
Common	resources	Knight_Effects_SD_Crystal_Gen_W2	superdash_crystal_gen	22923	Common/resources/Knight_Effects_SD_Crystal_Gen_W2__superdash_crystal_gen__fsm_22923.md
Common	resources	Knight_Effects_SD_Trail	FSM	22767	Common/resources/Knight_Effects_SD_Trail__FSM__fsm_22767.md
Common	resources	Knight_Effects_Shadow_Burst_Down	FSM	21695	Common/resources/Knight_Effects_Shadow_Burst_Down__FSM__fsm_21695.md
Common	resources	Knight_Effects_Shadow_Burst	FSM	22905	Common/resources/Knight_Effects_Shadow_Burst__FSM__fsm_22905.md
Common	resources	Knight_Effects_Shadow_Recharge	Recharge_Effect	21953	Common/resources/Knight_Effects_Shadow_Recharge__Recharge_Effect__fsm_21953.md
Common	resources	Knight_Effects_Shadow_Ring	Play_Effect	23218	Common/resources/Knight_Effects_Shadow_Ring__Play_Effect__fsm_23218.md
Common	resources	Knight_Effects_Soul_Burst	Deactivate	22640	Common/resources/Knight_Effects_Soul_Burst__Deactivate__fsm_22640.md
Common	resources	Knight_Effects_Soul_Burst	Rotate	19925	Common/resources/Knight_Effects_Soul_Burst__Rotate__fsm_19925.md
Common	resources	Knight_Effects_Wall_Hit_Effect	FSM	25899	Common/resources/Knight_Effects_Wall_Hit_Effect__FSM__fsm_25899.md
Common	resources	Knight_Effects_Wall_Puff	FSM	22077	Common/resources/Knight_Effects_Wall_Puff__FSM__fsm_22077.md
Common	resources	Knight_Effects_White_Flash_DJ	fade_and_deactivate	22404	Common/resources/Knight_Effects_White_Flash_DJ__fade_and_deactivate__fsm_22404.md
Common	resources	Knight_Effects_White_Flash_NA	fade_and_deactivate	22847	Common/resources/Knight_Effects_White_Flash_NA__fade_and_deactivate__fsm_22847.md
Common	resources	Knight_Hatchling_Damager	PassToParent	25454	Common/resources/Knight_Hatchling_Damager__PassToParent__fsm_25454.md
Common	resources	Knight_Hatchling	ProxyFSM	25403	Common/resources/Knight_Hatchling__ProxyFSM__fsm_25403.md
Common	resources	Knight_HeroBox_Geo_Get	Control	25172	Common/resources/Knight_HeroBox_Geo_Get__Control__fsm_25172.md
Common	resources	Knight_HeroBox	Geo_Get	23511	Common/resources/Knight_HeroBox__Geo_Get__fsm_23511.md
Common	resources	Knight_HeroLight	HeroLight_Control	22621	Common/resources/Knight_HeroLight__HeroLight_Control__fsm_22621.md
Common	resources	Knight_HeroLight	color_fader	22100	Common/resources/Knight_HeroLight__color_fader__fsm_22100.md
Common	resources	Knight_Hero_Death	Hero_Death_Anim	24069	Common/resources/Knight_Hero_Death__Hero_Death_Anim__fsm_24069.md
Common	resources	Knight_Spells_Q1_Pillar	FSM	22321	Common/resources/Knight_Spells_Q1_Pillar__FSM__fsm_22321.md
Common	resources	Knight_Spells_Q_Charge	color_fader	21354	Common/resources/Knight_Spells_Q_Charge__color_fader__fsm_21354.md
Common	resources	Knight_Spells_Q_Fall_Damage	Set_Damage	21854	Common/resources/Knight_Spells_Q_Fall_Damage__Set_Damage__fsm_21854.md
Common	resources	Knight_Spells_Q_Fall_Damage	damages_enemy	23060	Common/resources/Knight_Spells_Q_Fall_Damage__damages_enemy__fsm_23060.md
Common	resources	Knight_Spells_Q_Mega_Hit_L	damages_enemy	21040	Common/resources/Knight_Spells_Q_Mega_Hit_L__damages_enemy__fsm_21040.md
Common	resources	Knight_Spells_Q_Mega_Hit_R	damages_enemy	20932	Common/resources/Knight_Spells_Q_Mega_Hit_R__damages_enemy__fsm_20932.md
Common	resources	Knight_Spells_Q_Mega	Hit_Box_Control	20349	Common/resources/Knight_Spells_Q_Mega__Hit_Box_Control__fsm_20349.md
Common	resources	Knight_Spells_Q_Orbs_2	Play	21444	Common/resources/Knight_Spells_Q_Orbs_2__Play__fsm_21444.md
Common	resources	Knight_Spells_Q_Orbs	Play	20626	Common/resources/Knight_Spells_Q_Orbs__Play__fsm_20626.md
Common	resources	Knight_Spells_Q_Pillar	FSM	20388	Common/resources/Knight_Spells_Q_Pillar__FSM__fsm_20388.md
Common	resources	Knight_Spells_Q_Slam_2_Hit_L	Set_Damage	21753	Common/resources/Knight_Spells_Q_Slam_2_Hit_L__Set_Damage__fsm_21753.md
Common	resources	Knight_Spells_Q_Slam_2_Hit_L	damages_enemy	23273	Common/resources/Knight_Spells_Q_Slam_2_Hit_L__damages_enemy__fsm_23273.md
Common	resources	Knight_Spells_Q_Slam_2_Hit_R	Set_Damage	19952	Common/resources/Knight_Spells_Q_Slam_2_Hit_R__Set_Damage__fsm_19952.md
Common	resources	Knight_Spells_Q_Slam_2_Hit_R	damages_enemy	21822	Common/resources/Knight_Spells_Q_Slam_2_Hit_R__damages_enemy__fsm_21822.md
Common	resources	Knight_Spells_Q_Slam_2	Hit_Box_Control	21412	Common/resources/Knight_Spells_Q_Slam_2__Hit_Box_Control__fsm_21412.md
Common	resources	Knight_Spells_Q_Slam_Hit_L	Set_Damage	23178	Common/resources/Knight_Spells_Q_Slam_Hit_L__Set_Damage__fsm_23178.md
Common	resources	Knight_Spells_Q_Slam_Hit_L	damages_enemy	20231	Common/resources/Knight_Spells_Q_Slam_Hit_L__damages_enemy__fsm_20231.md
Common	resources	Knight_Spells_Q_Slam_Hit_R	Set_Damage	21511	Common/resources/Knight_Spells_Q_Slam_Hit_R__Set_Damage__fsm_21511.md
Common	resources	Knight_Spells_Q_Slam_Hit_R	damages_enemy	20991	Common/resources/Knight_Spells_Q_Slam_Hit_R__damages_enemy__fsm_20991.md
Common	resources	Knight_Spells_Q_Slam_Lines	FSM	22715	Common/resources/Knight_Spells_Q_Slam_Lines__FSM__fsm_22715.md
Common	resources	Knight_Spells_Q_Slam	Hit_Box_Control	22326	Common/resources/Knight_Spells_Q_Slam__Hit_Box_Control__fsm_22326.md
Common	resources	Knight_Spells_Q_Trail_2	color_fader	20437	Common/resources/Knight_Spells_Q_Trail_2__color_fader__fsm_20437.md
Common	resources	Knight_Spells_Q_Trail	color_fader	23214	Common/resources/Knight_Spells_Q_Trail__color_fader__fsm_23214.md
Common	resources	Knight_Spells_Scr_Base_2	FSM	21306	Common/resources/Knight_Spells_Scr_Base_2__FSM__fsm_21306.md
Common	resources	Knight_Spells_Scr_Base	FSM	22424	Common/resources/Knight_Spells_Scr_Base__FSM__fsm_22424.md
Common	resources	Knight_Spells_Scr_Heads_2_Hit_L	Set_Damage	19797	Common/resources/Knight_Spells_Scr_Heads_2_Hit_L__Set_Damage__fsm_19797.md
Common	resources	Knight_Spells_Scr_Heads_2_Hit_L	damages_enemy	19984	Common/resources/Knight_Spells_Scr_Heads_2_Hit_L__damages_enemy__fsm_19984.md
Common	resources	Knight_Spells_Scr_Heads_2_Hit_R	Set_Damage	21308	Common/resources/Knight_Spells_Scr_Heads_2_Hit_R__Set_Damage__fsm_21308.md
Common	resources	Knight_Spells_Scr_Heads_2_Hit_R	damages_enemy	22394	Common/resources/Knight_Spells_Scr_Heads_2_Hit_R__damages_enemy__fsm_22394.md
Common	resources	Knight_Spells_Scr_Heads_2_Hit_U	Set_Damage	22878	Common/resources/Knight_Spells_Scr_Heads_2_Hit_U__Set_Damage__fsm_22878.md
Common	resources	Knight_Spells_Scr_Heads_2_Hit_U	damages_enemy	20064	Common/resources/Knight_Spells_Scr_Heads_2_Hit_U__damages_enemy__fsm_20064.md
Common	resources	Knight_Spells_Scr_Heads_2	Deactivate_on_Hit	26214	Common/resources/Knight_Spells_Scr_Heads_2__Deactivate_on_Hit__fsm_26214.md
Common	resources	Knight_Spells_Scr_Heads_2	FSM	21384	Common/resources/Knight_Spells_Scr_Heads_2__FSM__fsm_21384.md
Common	resources	Knight_Spells_Scr_Heads_Hit_L	Set_Damage	23149	Common/resources/Knight_Spells_Scr_Heads_Hit_L__Set_Damage__fsm_23149.md
Common	resources	Knight_Spells_Scr_Heads_Hit_L	damages_enemy	23046	Common/resources/Knight_Spells_Scr_Heads_Hit_L__damages_enemy__fsm_23046.md
Common	resources	Knight_Spells_Scr_Heads_Hit_R	Set_Damage	22595	Common/resources/Knight_Spells_Scr_Heads_Hit_R__Set_Damage__fsm_22595.md
Common	resources	Knight_Spells_Scr_Heads_Hit_R	damages_enemy	20957	Common/resources/Knight_Spells_Scr_Heads_Hit_R__damages_enemy__fsm_20957.md
Common	resources	Knight_Spells_Scr_Heads_Hit_U	Set_Damage	22514	Common/resources/Knight_Spells_Scr_Heads_Hit_U__Set_Damage__fsm_22514.md
Common	resources	Knight_Spells_Scr_Heads_Hit_U	damages_enemy	20688	Common/resources/Knight_Spells_Scr_Heads_Hit_U__damages_enemy__fsm_20688.md
Common	resources	Knight_Spells_Scr_Heads	Deactivate_on_Hit	26331	Common/resources/Knight_Spells_Scr_Heads__Deactivate_on_Hit__fsm_26331.md
Common	resources	Knight_Spells_Scr_Heads	FSM	20081	Common/resources/Knight_Spells_Scr_Heads__FSM__fsm_20081.md
Common	resources	Knight_Spells_Scr_Heads	Hit_Box_Control	19601	Common/resources/Knight_Spells_Scr_Heads__Hit_Box_Control__fsm_19601.md
Common	resources	Knight_Spells_Scr_Orbs_2	Play	20748	Common/resources/Knight_Spells_Scr_Orbs_2__Play__fsm_20748.md
Common	resources	Knight_Spells_Scr_Orbs	Play	20047	Common/resources/Knight_Spells_Scr_Orbs__Play__fsm_20047.md
Common	resources	Knight_Spike_Death	Knight_Death_Control	22941	Common/resources/Knight_Spike_Death__Knight_Death_Control__fsm_22941.md
Common	resources	Knight_Spore_Cloud_Impact_Lines_(1)	Control	20316	Common/resources/Knight_Spore_Cloud_Impact_Lines_(1)__Control__fsm_20316.md
Common	resources	Knight_Spore_Cloud_Impact_Lines_(2)	Control	19802	Common/resources/Knight_Spore_Cloud_Impact_Lines_(2)__Control__fsm_19802.md
Common	resources	Knight_Spore_Cloud_Impact_Lines_(3)	Control	22742	Common/resources/Knight_Spore_Cloud_Impact_Lines_(3)__Control__fsm_22742.md
Common	resources	Knight_Spore_Cloud_Impact_Lines_(4)	Control	20082	Common/resources/Knight_Spore_Cloud_Impact_Lines_(4)__Control__fsm_20082.md
Common	resources	Knight_Spore_Cloud_Impact_Lines_(5)	Control	22577	Common/resources/Knight_Spore_Cloud_Impact_Lines_(5)__Control__fsm_22577.md
Common	resources	Knight_Spore_Cloud_Impact_Lines	Control	21290	Common/resources/Knight_Spore_Cloud_Impact_Lines__Control__fsm_21290.md
Common	resources	Knight_Spore_Cloud	Control	20842	Common/resources/Knight_Spore_Cloud__Control__fsm_20842.md
Common	resources	Knight_SuperDash_Damage	damages_enemy	19869	Common/resources/Knight_SuperDash_Damage__damages_enemy__fsm_19869.md
Common	resources	Knight_Vignette_Darkness_Plates_Darkness_BG	FSM	20394	Common/resources/Knight_Vignette_Darkness_Plates_Darkness_BG__FSM__fsm_20394.md
Common	resources	Knight_Vignette_Darkness_Plates_Darkness_FG	FSM	20270	Common/resources/Knight_Vignette_Darkness_Plates_Darkness_FG__FSM__fsm_20270.md
Common	resources	Knight_Vignette	Darkness_Control	19919	Common/resources/Knight_Vignette__Darkness_Control__fsm_19919.md
Common	resources	Knight_White_Flower_Break_white_fader	FSM	23684	Common/resources/Knight_White_Flower_Break_white_fader__FSM__fsm_23684.md
Common	resources	Knight	Control_Interpolation	23940	Common/resources/Knight__Control_Interpolation__fsm_23940.md
Common	resources	Knight	Dream_Nail	21686	Common/resources/Knight__Dream_Nail__fsm_21686.md
Common	resources	Knight	Dream_Return	23200	Common/resources/Knight__Dream_Return__fsm_23200.md
Common	resources	Knight	Globalise	23434	Common/resources/Knight__Globalise__fsm_23434.md
Common	resources	Knight	Map_Control	20797	Common/resources/Knight__Map_Control__fsm_20797.md
Common	resources	Knight	Nail_Arts	20011	Common/resources/Knight__Nail_Arts__fsm_20011.md
Common	resources	Knight	ProxyFSM	21915	Common/resources/Knight__ProxyFSM__fsm_21915.md
Common	resources	Knight	Roar_Lock	21512	Common/resources/Knight__Roar_Lock__fsm_21512.md
Common	resources	Knight	Spell_Control	20204	Common/resources/Knight__Spell_Control__fsm_20204.md
Common	resources	Knight	Spore_Cooldown	20383	Common/resources/Knight__Spore_Cooldown__fsm_20383.md
Common	resources	Knight	Superdash	22105	Common/resources/Knight__Superdash__fsm_22105.md
Common	resources	Knight	Surface_Water	23022	Common/resources/Knight__Surface_Water__fsm_23022.md
Common	resources	Lantern	Shrink	25427	Common/resources/Lantern__Shrink__fsm_25427.md
Common	resources	Orbit_Shield_Shield	Block_Effect	25000	Common/resources/Orbit_Shield_Shield__Block_Effect__fsm_25000.md
Common	resources	Orbit_Shield_Shield	Shield_Hit	24442	Common/resources/Orbit_Shield_Shield__Shield_Hit__fsm_24442.md
Common	resources	Orbit_Shield	Control	24703	Common/resources/Orbit_Shield__Control__fsm_24703.md
Common	resources	Orbit_Shield	Focus_Speedup	25112	Common/resources/Orbit_Shield__Focus_Speedup__fsm_25112.md
Common	resources	PlayMaker_Unity_2D	PlayMaker_Unity_2D	19577	Common/resources/PlayMaker_Unity_2D__PlayMaker_Unity_2D__fsm_19577.md
Common	resources	Relic_Get_Msg_Icon	FSM	22556	Common/resources/Relic_Get_Msg_Icon__FSM__fsm_22556.md
Common	resources	Relic_Get_Msg_Text	FSM	19772	Common/resources/Relic_Get_Msg_Text__FSM__fsm_19772.md
Common	resources	Relic_Get_Msg	Relic_Msg	22797	Common/resources/Relic_Get_Msg__Relic_Msg__fsm_22797.md
Common	resources	Relic_Get_Msg_pop_up_backboard	FSM	19654	Common/resources/Relic_Get_Msg_pop_up_backboard__FSM__fsm_19654.md
Common	resources	Roar_Wave_Emitter_Scream	emitter	19917	Common/resources/Roar_Wave_Emitter_Scream__emitter__fsm_19917.md
Common	resources	Run_Effects	Run_Effects	21016	Common/resources/Run_Effects__Run_Effects__fsm_21016.md
Common	resources	SD_Crystal	Control	20985	Common/resources/SD_Crystal__Control__fsm_20985.md
Common	resources	SceneManager	Music_Control	22051	Common/resources/SceneManager__Music_Control__fsm_22051.md
Common	resources	Shade_Orb	Shade_Orb_Control	22091	Common/resources/Shade_Orb__Shade_Orb_Control__fsm_22091.md
Common	resources	Shadow_Ball_HeroLight	HeroLight_Control	20188	Common/resources/Shadow_Ball_HeroLight__HeroLight_Control__fsm_20188.md
Common	resources	Shadow_Ball	Shadow_ball	21378	Common/resources/Shadow_Ball__Shadow_ball__fsm_21378.md
Common	resources	Shadow_Ball	damages_hero	19665	Common/resources/Shadow_Ball__damages_hero__fsm_19665.md
Common	resources	Shadow_Ring	Play_Effect	24502	Common/resources/Shadow_Ring__Play_Effect__fsm_24502.md
Common	resources	Sharp_Shadow_Impact	Control	22939	Common/resources/Sharp_Shadow_Impact__Control__fsm_22939.md
Common	resources	Slash_Impact_R	FSM	22716	Common/resources/Slash_Impact_R__FSM__fsm_22716.md
Common	resources	Spatter_Brown_Splash	Splash_Control	22579	Common/resources/Spatter_Brown_Splash__Splash_Control__fsm_22579.md
Common	resources	Spatter_Brown	Droplet_Control	22094	Common/resources/Spatter_Brown__Droplet_Control__fsm_22094.md
Common	resources	Spell_Fluke_Dung_Enemy_Detect	FSM	23377	Common/resources/Spell_Fluke_Dung_Enemy_Detect__FSM__fsm_23377.md
Common	resources	Spell_Fluke_Dung_Knight_Dung_Cloud_Impact_Lines_(1)	Control	21000	Common/resources/Spell_Fluke_Dung_Knight_Dung_Cloud_Impact_Lines_(1)__Control__fsm_21000.md
Common	resources	Spell_Fluke_Dung_Knight_Dung_Cloud_Impact_Lines_(2)	Control	19900	Common/resources/Spell_Fluke_Dung_Knight_Dung_Cloud_Impact_Lines_(2)__Control__fsm_19900.md
Common	resources	Spell_Fluke_Dung_Knight_Dung_Cloud_Impact_Lines_(3)	Control	19667	Common/resources/Spell_Fluke_Dung_Knight_Dung_Cloud_Impact_Lines_(3)__Control__fsm_19667.md
Common	resources	Spell_Fluke_Dung_Knight_Dung_Cloud_Impact_Lines_(4)	Control	22037	Common/resources/Spell_Fluke_Dung_Knight_Dung_Cloud_Impact_Lines_(4)__Control__fsm_22037.md
Common	resources	Spell_Fluke_Dung_Knight_Dung_Cloud_Impact_Lines_(5)	Control	20056	Common/resources/Spell_Fluke_Dung_Knight_Dung_Cloud_Impact_Lines_(5)__Control__fsm_20056.md
Common	resources	Spell_Fluke_Dung_Knight_Dung_Cloud_Impact_Lines	Control	21640	Common/resources/Spell_Fluke_Dung_Knight_Dung_Cloud_Impact_Lines__Control__fsm_21640.md
Common	resources	Spell_Fluke_Dung_Knight_Dung_Cloud	Control	22947	Common/resources/Spell_Fluke_Dung_Knight_Dung_Cloud__Control__fsm_22947.md
Common	resources	Spell_Fluke_Dung_Lv1_Damager	damages_enemy	26174	Common/resources/Spell_Fluke_Dung_Lv1_Damager__damages_enemy__fsm_26174.md
Common	resources	Spell_Fluke_Dung_Lv1_Enemy_Detect	FSM	23381	Common/resources/Spell_Fluke_Dung_Lv1_Enemy_Detect__FSM__fsm_23381.md
Common	resources	Spell_Fluke_Dung_Lv1_Knight_Dung_Cloud	Control	26007	Common/resources/Spell_Fluke_Dung_Lv1_Knight_Dung_Cloud__Control__fsm_26007.md
Common	resources	Spell_Fluke_Dung_Lv1_Terrain_Killer	Check	23044	Common/resources/Spell_Fluke_Dung_Lv1_Terrain_Killer__Check__fsm_23044.md
Common	resources	Spell_Fluke_Dung_Lv1	Control	21621	Common/resources/Spell_Fluke_Dung_Lv1__Control__fsm_21621.md
Common	resources	Spell_Fluke_Dung_Lv2_Damager	damages_enemy	25530	Common/resources/Spell_Fluke_Dung_Lv2_Damager__damages_enemy__fsm_25530.md
Common	resources	Spell_Fluke_Dung_Lv2_Enemy_Detect	FSM	23378	Common/resources/Spell_Fluke_Dung_Lv2_Enemy_Detect__FSM__fsm_23378.md
Common	resources	Spell_Fluke_Dung_Lv2_Knight_Dung_Cloud	Control	26553	Common/resources/Spell_Fluke_Dung_Lv2_Knight_Dung_Cloud__Control__fsm_26553.md
Common	resources	Spell_Fluke_Dung_Lv2_Terrain_Killer	Check	23043	Common/resources/Spell_Fluke_Dung_Lv2_Terrain_Killer__Check__fsm_23043.md
Common	resources	Spell_Fluke_Dung_Lv2	Control	21620	Common/resources/Spell_Fluke_Dung_Lv2__Control__fsm_21620.md
Common	resources	Spell_Fluke_Dung_Terrain_Killer	Check	23042	Common/resources/Spell_Fluke_Dung_Terrain_Killer__Check__fsm_23042.md
Common	resources	Spell_Fluke_Dung	Control	21619	Common/resources/Spell_Fluke_Dung__Control__fsm_21619.md
Common	resources	Stag_Map_Border	Border_Display	22387	Common/resources/Stag_Map_Border__Border_Display__fsm_22387.md
Common	resources	Stag_Map_Buttons_Action_Cancel	Down	22705	Common/resources/Stag_Map_Buttons_Action_Cancel__Down__fsm_22705.md
Common	resources	Stag_Map_Buttons_Action_Confirm	Down	20812	Common/resources/Stag_Map_Buttons_Action_Confirm__Down__fsm_20812.md
Common	resources	Stag_Map_Buttons	Activate	22035	Common/resources/Stag_Map_Buttons__Activate__fsm_22035.md
Common	resources	Stag_Map_Stag_Map_Pieces_City_Storerooms	stag_map_piece	21426	Common/resources/Stag_Map_Stag_Map_Pieces_City_Storerooms__stag_map_piece__fsm_21426.md
Common	resources	Stag_Map_Stag_Map_Pieces_Core	stag_map_piece	23265	Common/resources/Stag_Map_Stag_Map_Pieces_Core__stag_map_piece__fsm_23265.md
Common	resources	Stag_Map_Stag_Map_Pieces_Crossroads	stag_map_piece	22910	Common/resources/Stag_Map_Stag_Map_Pieces_Crossroads__stag_map_piece__fsm_22910.md
Common	resources	Stag_Map_Stag_Map_Pieces_Deepnest	stag_map_piece	24899	Common/resources/Stag_Map_Stag_Map_Pieces_Deepnest__stag_map_piece__fsm_24899.md
Common	resources	Stag_Map_Stag_Map_Pieces_Dirtmouth	stag_map_piece	20012	Common/resources/Stag_Map_Stag_Map_Pieces_Dirtmouth__stag_map_piece__fsm_20012.md
Common	resources	Stag_Map_Stag_Map_Pieces_Fungal_Wastes	stag_map_piece	22960	Common/resources/Stag_Map_Stag_Map_Pieces_Fungal_Wastes__stag_map_piece__fsm_22960.md
Common	resources	Stag_Map_Stag_Map_Pieces_Greenpath	stag_map_piece	19757	Common/resources/Stag_Map_Stag_Map_Pieces_Greenpath__stag_map_piece__fsm_19757.md
Common	resources	Stag_Map_Stag_Map_Pieces_Hidden_Station	stag_map_piece	21632	Common/resources/Stag_Map_Stag_Map_Pieces_Hidden_Station__stag_map_piece__fsm_21632.md
Common	resources	Stag_Map_Stag_Map_Pieces_Kings_Station	stag_map_piece	22036	Common/resources/Stag_Map_Stag_Map_Pieces_Kings_Station__stag_map_piece__fsm_22036.md
Common	resources	Stag_Map_Stag_Map_Pieces_Map_selector_Knight_Icon	Fader	21079	Common/resources/Stag_Map_Stag_Map_Pieces_Map_selector_Knight_Icon__Fader__fsm_21079.md
Common	resources	Stag_Map_Stag_Map_Pieces_Map_selector_Knight_Icon	Up_n_Down	20785	Common/resources/Stag_Map_Stag_Map_Pieces_Map_selector_Knight_Icon__Up_n_Down__fsm_20785.md
Common	resources	Stag_Map_Stag_Map_Pieces_Map_selector	Fader	20927	Common/resources/Stag_Map_Stag_Map_Pieces_Map_selector__Fader__fsm_20927.md
Common	resources	Stag_Map_Stag_Map_Pieces_Map_selector	Up_n_Down	19608	Common/resources/Stag_Map_Stag_Map_Pieces_Map_selector__Up_n_Down__fsm_19608.md
Common	resources	Stag_Map_Stag_Map_Pieces_Resting_Grounds	stag_map_piece	23068	Common/resources/Stag_Map_Stag_Map_Pieces_Resting_Grounds__stag_map_piece__fsm_23068.md
Common	resources	Stag_Map_Stag_Map_Pieces_Royal_Gardens	stag_map_piece	20974	Common/resources/Stag_Map_Stag_Map_Pieces_Royal_Gardens__stag_map_piece__fsm_20974.md
Common	resources	Stag_Map_Stag_Map_Pieces_Stag_Nest	stag_map_piece	21503	Common/resources/Stag_Map_Stag_Map_Pieces_Stag_Nest__stag_map_piece__fsm_21503.md
Common	resources	Stag_Map_UI_List_Stag_City_Storerooms_Glow	Fader	19732	Common/resources/Stag_Map_UI_List_Stag_City_Storerooms_Glow__Fader__fsm_19732.md
Common	resources	Stag_Map_UI_List_Stag_City_Storerooms_Pointer_L	menu_pointer	19794	Common/resources/Stag_Map_UI_List_Stag_City_Storerooms_Pointer_L__menu_pointer__fsm_19794.md
Common	resources	Stag_Map_UI_List_Stag_City_Storerooms_Pointer_R	menu_pointer	19770	Common/resources/Stag_Map_UI_List_Stag_City_Storerooms_Pointer_R__menu_pointer__fsm_19770.md
Common	resources	Stag_Map_UI_List_Stag_City_Storerooms	Fader	23209	Common/resources/Stag_Map_UI_List_Stag_City_Storerooms__Fader__fsm_23209.md
Common	resources	Stag_Map_UI_List_Stag_City_Storerooms	move_stagmap_marker	21032	Common/resources/Stag_Map_UI_List_Stag_City_Storerooms__move_stagmap_marker__fsm_21032.md
Common	resources	Stag_Map_UI_List_Stag_City_Storerooms	ui_list_item	22464	Common/resources/Stag_Map_UI_List_Stag_City_Storerooms__ui_list_item__fsm_22464.md
Common	resources	Stag_Map_UI_List_Stag_City_Storerooms	ui_list_item_decrement	20813	Common/resources/Stag_Map_UI_List_Stag_City_Storerooms__ui_list_item_decrement__fsm_20813.md
Common	resources	Stag_Map_UI_List_Stag_Crossroads_Glow	Fader	22547	Common/resources/Stag_Map_UI_List_Stag_Crossroads_Glow__Fader__fsm_22547.md
Common	resources	Stag_Map_UI_List_Stag_Crossroads_Pointer_L	menu_pointer	21071	Common/resources/Stag_Map_UI_List_Stag_Crossroads_Pointer_L__menu_pointer__fsm_21071.md
Common	resources	Stag_Map_UI_List_Stag_Crossroads_Pointer_R	menu_pointer	22975	Common/resources/Stag_Map_UI_List_Stag_Crossroads_Pointer_R__menu_pointer__fsm_22975.md
Common	resources	Stag_Map_UI_List_Stag_Crossroads	Fader	21844	Common/resources/Stag_Map_UI_List_Stag_Crossroads__Fader__fsm_21844.md
Common	resources	Stag_Map_UI_List_Stag_Crossroads	move_stagmap_marker	21043	Common/resources/Stag_Map_UI_List_Stag_Crossroads__move_stagmap_marker__fsm_21043.md
Common	resources	Stag_Map_UI_List_Stag_Crossroads	ui_list_item	22086	Common/resources/Stag_Map_UI_List_Stag_Crossroads__ui_list_item__fsm_22086.md
Common	resources	Stag_Map_UI_List_Stag_Crossroads	ui_list_item_decrement	22865	Common/resources/Stag_Map_UI_List_Stag_Crossroads__ui_list_item_decrement__fsm_22865.md
Common	resources	Stag_Map_UI_List_Stag_Deepnest_Glow	Fader	22076	Common/resources/Stag_Map_UI_List_Stag_Deepnest_Glow__Fader__fsm_22076.md
Common	resources	Stag_Map_UI_List_Stag_Deepnest_Pointer_L	menu_pointer	20347	Common/resources/Stag_Map_UI_List_Stag_Deepnest_Pointer_L__menu_pointer__fsm_20347.md
Common	resources	Stag_Map_UI_List_Stag_Deepnest_Pointer_R	menu_pointer	19847	Common/resources/Stag_Map_UI_List_Stag_Deepnest_Pointer_R__menu_pointer__fsm_19847.md
Common	resources	Stag_Map_UI_List_Stag_Deepnest	Fader	23187	Common/resources/Stag_Map_UI_List_Stag_Deepnest__Fader__fsm_23187.md
Common	resources	Stag_Map_UI_List_Stag_Deepnest	move_stagmap_marker	21647	Common/resources/Stag_Map_UI_List_Stag_Deepnest__move_stagmap_marker__fsm_21647.md
Common	resources	Stag_Map_UI_List_Stag_Deepnest	ui_list_item	22687	Common/resources/Stag_Map_UI_List_Stag_Deepnest__ui_list_item__fsm_22687.md
Common	resources	Stag_Map_UI_List_Stag_Deepnest	ui_list_item_decrement	22961	Common/resources/Stag_Map_UI_List_Stag_Deepnest__ui_list_item_decrement__fsm_22961.md
Common	resources	Stag_Map_UI_List_Stag_Dirtmouth_Glow	Fader	21275	Common/resources/Stag_Map_UI_List_Stag_Dirtmouth_Glow__Fader__fsm_21275.md
Common	resources	Stag_Map_UI_List_Stag_Dirtmouth_Pointer_L	menu_pointer	23100	Common/resources/Stag_Map_UI_List_Stag_Dirtmouth_Pointer_L__menu_pointer__fsm_23100.md
Common	resources	Stag_Map_UI_List_Stag_Dirtmouth_Pointer_R	menu_pointer	21610	Common/resources/Stag_Map_UI_List_Stag_Dirtmouth_Pointer_R__menu_pointer__fsm_21610.md
Common	resources	Stag_Map_UI_List_Stag_Dirtmouth	Fader	21766	Common/resources/Stag_Map_UI_List_Stag_Dirtmouth__Fader__fsm_21766.md
Common	resources	Stag_Map_UI_List_Stag_Dirtmouth	move_stagmap_marker	22047	Common/resources/Stag_Map_UI_List_Stag_Dirtmouth__move_stagmap_marker__fsm_22047.md
Common	resources	Stag_Map_UI_List_Stag_Dirtmouth	ui_list_item	21907	Common/resources/Stag_Map_UI_List_Stag_Dirtmouth__ui_list_item__fsm_21907.md
Common	resources	Stag_Map_UI_List_Stag_Dirtmouth	ui_list_item_decrement	23350	Common/resources/Stag_Map_UI_List_Stag_Dirtmouth__ui_list_item_decrement__fsm_23350.md
Common	resources	Stag_Map_UI_List_Stag_Divider	Fader	23176	Common/resources/Stag_Map_UI_List_Stag_Divider__Fader__fsm_23176.md
Common	resources	Stag_Map_UI_List_Stag_Fungal_Wastes_Glow	Fader	20838	Common/resources/Stag_Map_UI_List_Stag_Fungal_Wastes_Glow__Fader__fsm_20838.md
Common	resources	Stag_Map_UI_List_Stag_Fungal_Wastes_Pointer_L	menu_pointer	21413	Common/resources/Stag_Map_UI_List_Stag_Fungal_Wastes_Pointer_L__menu_pointer__fsm_21413.md
Common	resources	Stag_Map_UI_List_Stag_Fungal_Wastes_Pointer_R	menu_pointer	23332	Common/resources/Stag_Map_UI_List_Stag_Fungal_Wastes_Pointer_R__menu_pointer__fsm_23332.md
Common	resources	Stag_Map_UI_List_Stag_Fungal_Wastes	Fader	21324	Common/resources/Stag_Map_UI_List_Stag_Fungal_Wastes__Fader__fsm_21324.md
Common	resources	Stag_Map_UI_List_Stag_Fungal_Wastes	move_stagmap_marker	21959	Common/resources/Stag_Map_UI_List_Stag_Fungal_Wastes__move_stagmap_marker__fsm_21959.md
Common	resources	Stag_Map_UI_List_Stag_Fungal_Wastes	ui_list_item	22969	Common/resources/Stag_Map_UI_List_Stag_Fungal_Wastes__ui_list_item__fsm_22969.md
Common	resources	Stag_Map_UI_List_Stag_Fungal_Wastes	ui_list_item_decrement	21694	Common/resources/Stag_Map_UI_List_Stag_Fungal_Wastes__ui_list_item_decrement__fsm_21694.md
Common	resources	Stag_Map_UI_List_Stag_Greenpath_Glow	Fader	19637	Common/resources/Stag_Map_UI_List_Stag_Greenpath_Glow__Fader__fsm_19637.md
Common	resources	Stag_Map_UI_List_Stag_Greenpath_Pointer_L	menu_pointer	22504	Common/resources/Stag_Map_UI_List_Stag_Greenpath_Pointer_L__menu_pointer__fsm_22504.md
Common	resources	Stag_Map_UI_List_Stag_Greenpath_Pointer_R	menu_pointer	21383	Common/resources/Stag_Map_UI_List_Stag_Greenpath_Pointer_R__menu_pointer__fsm_21383.md
Common	resources	Stag_Map_UI_List_Stag_Greenpath	Fader	19681	Common/resources/Stag_Map_UI_List_Stag_Greenpath__Fader__fsm_19681.md
Common	resources	Stag_Map_UI_List_Stag_Greenpath	move_stagmap_marker	20967	Common/resources/Stag_Map_UI_List_Stag_Greenpath__move_stagmap_marker__fsm_20967.md
Common	resources	Stag_Map_UI_List_Stag_Greenpath	ui_list_item	21763	Common/resources/Stag_Map_UI_List_Stag_Greenpath__ui_list_item__fsm_21763.md
Common	resources	Stag_Map_UI_List_Stag_Greenpath	ui_list_item_decrement	21355	Common/resources/Stag_Map_UI_List_Stag_Greenpath__ui_list_item_decrement__fsm_21355.md
Common	resources	Stag_Map_UI_List_Stag_Hidden_Station_Glow	Fader	23054	Common/resources/Stag_Map_UI_List_Stag_Hidden_Station_Glow__Fader__fsm_23054.md
Common	resources	Stag_Map_UI_List_Stag_Hidden_Station_Pointer_L	menu_pointer	21676	Common/resources/Stag_Map_UI_List_Stag_Hidden_Station_Pointer_L__menu_pointer__fsm_21676.md
Common	resources	Stag_Map_UI_List_Stag_Hidden_Station_Pointer_R	menu_pointer	21419	Common/resources/Stag_Map_UI_List_Stag_Hidden_Station_Pointer_R__menu_pointer__fsm_21419.md
Common	resources	Stag_Map_UI_List_Stag_Hidden_Station	Fader	22476	Common/resources/Stag_Map_UI_List_Stag_Hidden_Station__Fader__fsm_22476.md
Common	resources	Stag_Map_UI_List_Stag_Hidden_Station	move_stagmap_marker	21501	Common/resources/Stag_Map_UI_List_Stag_Hidden_Station__move_stagmap_marker__fsm_21501.md
Common	resources	Stag_Map_UI_List_Stag_Hidden_Station	ui_list_item	22653	Common/resources/Stag_Map_UI_List_Stag_Hidden_Station__ui_list_item__fsm_22653.md
Common	resources	Stag_Map_UI_List_Stag_Hidden_Station	ui_list_item_decrement	23018	Common/resources/Stag_Map_UI_List_Stag_Hidden_Station__ui_list_item_decrement__fsm_23018.md
Common	resources	Stag_Map_UI_List_Stag_Kings_Station_Glow	Fader	19762	Common/resources/Stag_Map_UI_List_Stag_Kings_Station_Glow__Fader__fsm_19762.md
Common	resources	Stag_Map_UI_List_Stag_Kings_Station_Pointer_L	menu_pointer	21356	Common/resources/Stag_Map_UI_List_Stag_Kings_Station_Pointer_L__menu_pointer__fsm_21356.md
Common	resources	Stag_Map_UI_List_Stag_Kings_Station_Pointer_R	menu_pointer	19711	Common/resources/Stag_Map_UI_List_Stag_Kings_Station_Pointer_R__menu_pointer__fsm_19711.md
Common	resources	Stag_Map_UI_List_Stag_Kings_Station	Fader	22407	Common/resources/Stag_Map_UI_List_Stag_Kings_Station__Fader__fsm_22407.md
Common	resources	Stag_Map_UI_List_Stag_Kings_Station	move_stagmap_marker	22380	Common/resources/Stag_Map_UI_List_Stag_Kings_Station__move_stagmap_marker__fsm_22380.md
Common	resources	Stag_Map_UI_List_Stag_Kings_Station	ui_list_item	19796	Common/resources/Stag_Map_UI_List_Stag_Kings_Station__ui_list_item__fsm_19796.md
Common	resources	Stag_Map_UI_List_Stag_Kings_Station	ui_list_item_decrement	21590	Common/resources/Stag_Map_UI_List_Stag_Kings_Station__ui_list_item_decrement__fsm_21590.md
Common	resources	Stag_Map_UI_List_Stag_Knight_Icon	Fader	21681	Common/resources/Stag_Map_UI_List_Stag_Knight_Icon__Fader__fsm_21681.md
Common	resources	Stag_Map_UI_List_Stag_Resting_Grounds_Glow	Fader	20305	Common/resources/Stag_Map_UI_List_Stag_Resting_Grounds_Glow__Fader__fsm_20305.md
Common	resources	Stag_Map_UI_List_Stag_Resting_Grounds_Pointer_L	menu_pointer	21585	Common/resources/Stag_Map_UI_List_Stag_Resting_Grounds_Pointer_L__menu_pointer__fsm_21585.md
Common	resources	Stag_Map_UI_List_Stag_Resting_Grounds_Pointer_R	menu_pointer	19870	Common/resources/Stag_Map_UI_List_Stag_Resting_Grounds_Pointer_R__menu_pointer__fsm_19870.md
Common	resources	Stag_Map_UI_List_Stag_Resting_Grounds	Fader	19940	Common/resources/Stag_Map_UI_List_Stag_Resting_Grounds__Fader__fsm_19940.md
Common	resources	Stag_Map_UI_List_Stag_Resting_Grounds	move_stagmap_marker	21532	Common/resources/Stag_Map_UI_List_Stag_Resting_Grounds__move_stagmap_marker__fsm_21532.md
Common	resources	Stag_Map_UI_List_Stag_Resting_Grounds	ui_list_item	21592	Common/resources/Stag_Map_UI_List_Stag_Resting_Grounds__ui_list_item__fsm_21592.md
Common	resources	Stag_Map_UI_List_Stag_Resting_Grounds	ui_list_item_decrement	21287	Common/resources/Stag_Map_UI_List_Stag_Resting_Grounds__ui_list_item_decrement__fsm_21287.md
Common	resources	Stag_Map_UI_List_Stag_Royal_Gardens_Glow	Fader	20357	Common/resources/Stag_Map_UI_List_Stag_Royal_Gardens_Glow__Fader__fsm_20357.md
Common	resources	Stag_Map_UI_List_Stag_Royal_Gardens_Pointer_L	menu_pointer	22406	Common/resources/Stag_Map_UI_List_Stag_Royal_Gardens_Pointer_L__menu_pointer__fsm_22406.md
Common	resources	Stag_Map_UI_List_Stag_Royal_Gardens_Pointer_R	menu_pointer	22522	Common/resources/Stag_Map_UI_List_Stag_Royal_Gardens_Pointer_R__menu_pointer__fsm_22522.md
Common	resources	Stag_Map_UI_List_Stag_Royal_Gardens	Fader	22306	Common/resources/Stag_Map_UI_List_Stag_Royal_Gardens__Fader__fsm_22306.md
Common	resources	Stag_Map_UI_List_Stag_Royal_Gardens	move_stagmap_marker	22833	Common/resources/Stag_Map_UI_List_Stag_Royal_Gardens__move_stagmap_marker__fsm_22833.md
Common	resources	Stag_Map_UI_List_Stag_Royal_Gardens	ui_list_item	20745	Common/resources/Stag_Map_UI_List_Stag_Royal_Gardens__ui_list_item__fsm_20745.md
Common	resources	Stag_Map_UI_List_Stag_Royal_Gardens	ui_list_item_decrement	20077	Common/resources/Stag_Map_UI_List_Stag_Royal_Gardens__ui_list_item_decrement__fsm_20077.md
Common	resources	Stag_Map_UI_List_Stag_Stag_Nest_Glow	Fader	23645	Common/resources/Stag_Map_UI_List_Stag_Stag_Nest_Glow__Fader__fsm_23645.md
Common	resources	Stag_Map_UI_List_Stag_Stag_Nest_Pointer_L	menu_pointer	23643	Common/resources/Stag_Map_UI_List_Stag_Stag_Nest_Pointer_L__menu_pointer__fsm_23643.md
Common	resources	Stag_Map_UI_List_Stag_Stag_Nest_Pointer_R	menu_pointer	24737	Common/resources/Stag_Map_UI_List_Stag_Stag_Nest_Pointer_R__menu_pointer__fsm_24737.md
Common	resources	Stag_Map_UI_List_Stag_Stag_Nest	Fader	24580	Common/resources/Stag_Map_UI_List_Stag_Stag_Nest__Fader__fsm_24580.md
Common	resources	Stag_Map_UI_List_Stag_Stag_Nest	move_stagmap_marker	24036	Common/resources/Stag_Map_UI_List_Stag_Stag_Nest__move_stagmap_marker__fsm_24036.md
Common	resources	Stag_Map_UI_List_Stag_Stag_Nest	ui_list_item	23903	Common/resources/Stag_Map_UI_List_Stag_Stag_Nest__ui_list_item__fsm_23903.md
Common	resources	Stag_Map_UI_List_Stag_Stag_Nest	ui_list_item_decrement	23770	Common/resources/Stag_Map_UI_List_Stag_Stag_Nest__ui_list_item_decrement__fsm_23770.md
Common	resources	Stag_Map_UI_List_Stag_Stations	Fader	20620	Common/resources/Stag_Map_UI_List_Stag_Stations__Fader__fsm_20620.md
Common	resources	Stag_Map_UI_List_Stag	UI_List_Stag	21573	Common/resources/Stag_Map_UI_List_Stag__UI_List_Stag__fsm_21573.md
Common	resources	Stag_Map_UI_List_Stag	ui_list	21466	Common/resources/Stag_Map_UI_List_Stag__ui_list__fsm_21466.md
Common	resources	Stag_Map_UI_List_Stag	ui_list_button_listen	20070	Common/resources/Stag_Map_UI_List_Stag__ui_list_button_listen__fsm_20070.md
Common	resources	Stag_Map	Control	23194	Common/resources/Stag_Map__Control__fsm_23194.md
Common	resources	Stag_Map	Globalise	20172	Common/resources/Stag_Map__Globalise__fsm_20172.md
Common	resources	Stag_Map_backing	Fader	21500	Common/resources/Stag_Map_backing__Fader__fsm_21500.md
Common	resources	Strike_Nail_R	Strike	22996	Common/resources/Strike_Nail_R__Strike__fsm_22996.md
Common	resources	Stun_Effect	Stun_Effect	21855	Common/resources/Stun_Effect__Stun_Effect__fsm_21855.md
Common	resources	UIManager	InitFSM	21504	Common/resources/UIManager__InitFSM__fsm_21504.md
Common	resources	Unnamed	Activate_Infected	19509	Common/resources/Unnamed__Activate_Infected__fsm_19509.md
Common	resources	Unnamed	Control	19529	Common/resources/Unnamed__Control__fsm_19529.md
Common	resources	Unnamed	FSM	19513	Common/resources/Unnamed__FSM__fsm_19513.md
Common	resources	Unnamed	FSM	19514	Common/resources/Unnamed__FSM__fsm_19514.md
Common	resources	Unnamed	FSM	19515	Common/resources/Unnamed__FSM__fsm_19515.md
Common	resources	Unnamed	FSM	19516	Common/resources/Unnamed__FSM__fsm_19516.md
Common	resources	Unnamed	FSM	19519	Common/resources/Unnamed__FSM__fsm_19519.md
Common	resources	Unnamed	FSM	19522	Common/resources/Unnamed__FSM__fsm_19522.md
Common	resources	Unnamed	FSM	19523	Common/resources/Unnamed__FSM__fsm_19523.md
Common	resources	Unnamed	FSM	19527	Common/resources/Unnamed__FSM__fsm_19527.md
Common	resources	Unnamed	FSM	19531	Common/resources/Unnamed__FSM__fsm_19531.md
Common	resources	Unnamed	FSM	19532	Common/resources/Unnamed__FSM__fsm_19532.md
Common	resources	Unnamed	FSM	19533	Common/resources/Unnamed__FSM__fsm_19533.md
Common	resources	Unnamed	FSM	19534	Common/resources/Unnamed__FSM__fsm_19534.md
Common	resources	Unnamed	FSM	19536	Common/resources/Unnamed__FSM__fsm_19536.md
Common	resources	Unnamed	FSM	19539	Common/resources/Unnamed__FSM__fsm_19539.md
Common	resources	Unnamed	FSM	19541	Common/resources/Unnamed__FSM__fsm_19541.md
Common	resources	Unnamed	FSM	19542	Common/resources/Unnamed__FSM__fsm_19542.md
Common	resources	Unnamed	FSM	19543	Common/resources/Unnamed__FSM__fsm_19543.md
Common	resources	Unnamed	FSM	19544	Common/resources/Unnamed__FSM__fsm_19544.md
Common	resources	Unnamed	FSM	19546	Common/resources/Unnamed__FSM__fsm_19546.md
Common	resources	Unnamed	FSM	19547	Common/resources/Unnamed__FSM__fsm_19547.md
Common	resources	Unnamed	FSM	19549	Common/resources/Unnamed__FSM__fsm_19549.md
Common	resources	Unnamed	FSM	19550	Common/resources/Unnamed__FSM__fsm_19550.md
Common	resources	Unnamed	FSM	19551	Common/resources/Unnamed__FSM__fsm_19551.md
Common	resources	Unnamed	FSM	19557	Common/resources/Unnamed__FSM__fsm_19557.md
Common	resources	Unnamed	Fader	19517	Common/resources/Unnamed__Fader__fsm_19517.md
Common	resources	Unnamed	Fader	19518	Common/resources/Unnamed__Fader__fsm_19518.md
Common	resources	Unnamed	Selection_Colour	19535	Common/resources/Unnamed__Selection_Colour__fsm_19535.md
Common	resources	Unnamed	Spike_Hit_Effect	19540	Common/resources/Unnamed__Spike_Hit_Effect__fsm_19540.md
Common	resources	Unnamed	UI_List	19552	Common/resources/Unnamed__UI_List__fsm_19552.md
Common	resources	Unnamed	UI_List	19554	Common/resources/Unnamed__UI_List__fsm_19554.md
Common	resources	Unnamed	damages_hero	19520	Common/resources/Unnamed__damages_hero__fsm_19520.md
Common	resources	Unnamed	destroy_after_anim	19521	Common/resources/Unnamed__destroy_after_anim__fsm_19521.md
Common	resources	Unnamed	destroy_after_anim	19524	Common/resources/Unnamed__destroy_after_anim__fsm_19524.md
Common	resources	Unnamed	destroy_out_of_camera	19525	Common/resources/Unnamed__destroy_out_of_camera__fsm_19525.md
Common	resources	Unnamed	equip_position	19526	Common/resources/Unnamed__equip_position__fsm_19526.md
Common	resources	Unnamed	get_game_text	19528	Common/resources/Unnamed__get_game_text__fsm_19528.md
Common	resources	Unnamed	health_display	19510	Common/resources/Unnamed__health_display__fsm_19510.md
Common	resources	Unnamed	health_display	19511	Common/resources/Unnamed__health_display__fsm_19511.md
Common	resources	Unnamed	health_display	19512	Common/resources/Unnamed__health_display__fsm_19512.md
Common	resources	Unnamed	health_display	19530	Common/resources/Unnamed__health_display__fsm_19530.md
Common	resources	Unnamed	menu_pointer	19537	Common/resources/Unnamed__menu_pointer__fsm_19537.md
Common	resources	Unnamed	move_stagmap_marker	19538	Common/resources/Unnamed__move_stagmap_marker__fsm_19538.md
Common	resources	Unnamed	recycle_after_delay	19545	Common/resources/Unnamed__recycle_after_delay__fsm_19545.md
Common	resources	Unnamed	stag_map_piece	19548	Common/resources/Unnamed__stag_map_piece__fsm_19548.md
Common	resources	Unnamed	ui_list_button_listen	19553	Common/resources/Unnamed__ui_list_button_listen__fsm_19553.md
Common	resources	Unnamed	ui_list_item	19555	Common/resources/Unnamed__ui_list_item__fsm_19555.md
Common	resources	Unnamed	ui_list_item_decrement	19556	Common/resources/Unnamed__ui_list_item_decrement__fsm_19556.md
Common	resources	Unnamed	vessel_size	19558	Common/resources/Unnamed__vessel_size__fsm_19558.md
Common	resources	Weaverling_Enemy_Damager	Attack	24765	Common/resources/Weaverling_Enemy_Damager__Attack__fsm_24765.md
Common	resources	Weaverling	Control	24739	Common/resources/Weaverling__Control__fsm_24739.md
Common	resources	Weaverling	Warp_To_Hero	23937	Common/resources/Weaverling__Warp_To_Hero__fsm_23937.md
Common	resources	double_health_hit	FSM	23373	Common/resources/double_health_hit__FSM__fsm_23373.md
Common	resources	dream_essence_corpse_get_Audio_Essence_flash	Control	23809	Common/resources/dream_essence_corpse_get_Audio_Essence_flash__Control__fsm_23809.md
Common	resources	dream_gate_fail_Dream_Gate_Dream_Gate_Other_pieces_0000_1	color_fader	24519	Common/resources/dream_gate_fail_Dream_Gate_Dream_Gate_Other_pieces_0000_1__color_fader__fsm_24519.md
Common	resources	dream_gate_fail_Dream_Gate_Other_pieces_0001_2_(1)_Dream_Gate_Other_pieces_0001_2	color_fader	25216	Common/resources/dream_gate_fail_Dream_Gate_Other_pieces_0001_2_(1)_Dream_Gate_Other_pieces_0001_2__color_fader__fsm_25216.md
Common	resources	dream_gate_fail_beam_(1)_Dream_Gate_Object_0002_1	color_fader	23478	Common/resources/dream_gate_fail_beam_(1)_Dream_Gate_Object_0002_1__color_fader__fsm_23478.md
Common	resources	dream_gate_fail_beam_Dream_Gate_Object_0002_1	color_fader	24811	Common/resources/dream_gate_fail_beam_Dream_Gate_Object_0002_1__color_fader__fsm_24811.md
Common	resources	dream_gate_object	Cancel	24469	Common/resources/dream_gate_object__Cancel__fsm_24469.md
Common	resources	dream_gate_object	Fade_Control	24980	Common/resources/dream_gate_object__Fade_Control__fsm_24980.md
Common	resources	dream_gate_object_haze2_(1)	color_fader	23961	Common/resources/dream_gate_object_haze2_(1)__color_fader__fsm_23961.md
Common	resources	skull_chip1	FSM	21403	Common/resources/skull_chip1__FSM__fsm_21403.md
Common	resources	skull_chip1	Shrink_N_Destroy	21570	Common/resources/skull_chip1__Shrink_N_Destroy__fsm_21570.md
Common	resources	skull_chip2	FSM	21484	Common/resources/skull_chip2__FSM__fsm_21484.md
Common	resources	skull_chip2	FSM	23284	Common/resources/skull_chip2__FSM__fsm_23284.md
Crossroads	Crossroads_01	Crawler	Crawler	184	Crossroads/Crossroads_01/Crawler__Crawler__fsm_184.md
Crossroads	Crossroads_01	Unnamed	Zombie_Swipe	145	Crossroads/Crossroads_01/Unnamed__Zombie_Swipe__fsm_145.md
Crossroads	Crossroads_03	Slash_Impact	FSM	110	Crossroads/Crossroads_03/Slash_Impact__FSM__fsm_110.md
Crossroads	Crossroads_03	Unnamed	FSM	100	Crossroads/Crossroads_03/Unnamed__FSM__fsm_100.md
Crossroads	Crossroads_04	Corpse_Big_Fly_1	corpse	263	Crossroads/Crossroads_04/Corpse_Big_Fly_1__corpse__fsm_263.md
Crossroads	Crossroads_04	Corpse_Big_Fly_Burster	burster	210	Crossroads/Crossroads_04/Corpse_Big_Fly_Burster__burster__fsm_210.md
Crossroads	Crossroads_04	Fly	Bouncer_Control	219	Crossroads/Crossroads_04/Fly__Bouncer_Control__fsm_219.md
Crossroads	Crossroads_04	Zombie_Hornhead	Zombie_Swipe	229	Crossroads/Crossroads_04/Zombie_Hornhead__Zombie_Swipe__fsm_229.md
Crossroads	Crossroads_05	Breakable_Pole_Top	FSM	21	Crossroads/Crossroads_05/Breakable_Pole_Top__FSM__fsm_21.md
Crossroads	Crossroads_05	Breakable_Pole_Top	pole	19	Crossroads/Crossroads_05/Breakable_Pole_Top__pole__fsm_19.md
Crossroads	Crossroads_08	Unnamed	summon	18	Crossroads/Crossroads_08/Unnamed__summon__fsm_18.md
Crossroads	Crossroads_09	Corpse_Egg_Guardian	corpse	135	Crossroads/Crossroads_09/Corpse_Egg_Guardian__corpse__fsm_135.md
Crossroads	Crossroads_09	Piece_Wood_3	FSM	129	Crossroads/Crossroads_09/Piece_Wood_3__FSM__fsm_129.md
Crossroads	Crossroads_10	Unnamed	EnemyHealthManager	55	Crossroads/Crossroads_10/Unnamed__EnemyHealthManager__fsm_55.md
Crossroads	Crossroads_10_boss	Falling_Barrel	Fall_Barrel_Control	146	Crossroads/Crossroads_10_boss/Falling_Barrel__Fall_Barrel_Control__fsm_146.md
Crossroads	Crossroads_10_boss	Falling_Barrel	damages_enemy	148	Crossroads/Crossroads_10_boss/Falling_Barrel__damages_enemy__fsm_148.md
Crossroads	Crossroads_10_boss	Mace_Head_Bug	Mace_Control	135	Crossroads/Crossroads_10_boss/Mace_Head_Bug__Mace_Control__fsm_135.md
Crossroads	Crossroads_10_boss	Mace_Head_Bug	enemy_dreamnail_reaction	142	Crossroads/Crossroads_10_boss/Mace_Head_Bug__enemy_dreamnail_reaction__fsm_142.md
Crossroads	Crossroads_10_boss	Shockwave_Spurt_L	Damage_timing	129	Crossroads/Crossroads_10_boss/Shockwave_Spurt_L__Damage_timing__fsm_129.md
Crossroads	Crossroads_10_boss	Shockwave_Spurt_L	y_rotate	137	Crossroads/Crossroads_10_boss/Shockwave_Spurt_L__y_rotate__fsm_137.md
Crossroads	Crossroads_10_boss	Shockwave_Spurt	Damage_timing	147	Crossroads/Crossroads_10_boss/Shockwave_Spurt__Damage_timing__fsm_147.md
Crossroads	Crossroads_10_boss	Shockwave_Wave	shockwave	149	Crossroads/Crossroads_10_boss/Shockwave_Wave__shockwave__fsm_149.md
Crossroads	Crossroads_11_alt	Corpse_Blocker	corpse	114	Crossroads/Crossroads_11_alt/Corpse_Blocker__corpse__fsm_114.md
Crossroads	Crossroads_11_alt	Dripper_Black	Spawn_Drops	107	Crossroads/Crossroads_11_alt/Dripper_Black__Spawn_Drops__fsm_107.md
Crossroads	Crossroads_11_alt	Spawn_Roller_v2	Roller	136	Crossroads/Crossroads_11_alt/Spawn_Roller_v2__Roller__fsm_136.md
Crossroads	Crossroads_11_alt	Unnamed	Enemy_Msg	100	Crossroads/Crossroads_11_alt/Unnamed__Enemy_Msg__fsm_100.md
Crossroads	Crossroads_14	Corpse_Orange_Scuttler	Spatter	34	Crossroads/Crossroads_14/Corpse_Orange_Scuttler__Spatter__fsm_34.md
Crossroads	Crossroads_14	Unnamed	Spawn	32	Crossroads/Crossroads_14/Unnamed__Spawn__fsm_32.md
Crossroads	Crossroads_15	Corpse_Nail	Corpse_Weapon	59	Crossroads/Crossroads_15/Corpse_Nail__Corpse_Weapon__fsm_59.md
Crossroads	Crossroads_15	Corpse_Nail	FSM	63	Crossroads/Crossroads_15/Corpse_Nail__FSM__fsm_63.md
Crossroads	Crossroads_15	Corpse_Zombie_Shield	Fling	58	Crossroads/Crossroads_15/Corpse_Zombie_Shield__Fling__fsm_58.md
Crossroads	Crossroads_18	Unnamed	unnamed	26	Crossroads/Crossroads_18/Unnamed__unnamed__fsm_26.md
Crossroads	Crossroads_19	Zombie_Runner	Zombie_Swipe	111	Crossroads/Crossroads_19/Zombie_Runner__Zombie_Swipe__fsm_111.md
Crossroads	Crossroads_21	Corpse_Zombie_Guard	FSM	72	Crossroads/Crossroads_21/Corpse_Zombie_Guard__FSM__fsm_72.md
Crossroads	Crossroads_21	Unnamed	Shadow_Dash	61	Crossroads/Crossroads_21/Unnamed__Shadow_Dash__fsm_61.md
Crossroads	Crossroads_22	Hatcher_Baby	Control	46	Crossroads/Crossroads_22/Hatcher_Baby__Control__fsm_46.md
Crossroads	Crossroads_22	Hatcher_Baby	flyer_receive_direction_msg	43	Crossroads/Crossroads_22/Hatcher_Baby__flyer_receive_direction_msg__fsm_43.md
Crossroads	Crossroads_25	Unnamed	Spike_Hit_Effect	7	Crossroads/Crossroads_25/Unnamed__Spike_Hit_Effect__fsm_7.md
Crossroads	Crossroads_33	Map_Get_Msg_Icon	FSM	38	Crossroads/Crossroads_33/Map_Get_Msg_Icon__FSM__fsm_38.md
Crossroads	Crossroads_33	Map_Get_Msg_Text	FSM	37	Crossroads/Crossroads_33/Map_Get_Msg_Text__FSM__fsm_37.md
Crossroads	Crossroads_33	Map_Get_Msg	Map_Msg	36	Crossroads/Crossroads_33/Map_Get_Msg__Map_Msg__fsm_36.md
Crossroads	Crossroads_33	Map_Get_Msg_pop_up_backboard	FSM	40	Crossroads/Crossroads_33/Map_Get_Msg_pop_up_backboard__FSM__fsm_40.md
Crossroads	Crossroads_33	Unnamed	Delete_if_PlayerData	33	Crossroads/Crossroads_33/Unnamed__Delete_if_PlayerData__fsm_33.md
Crossroads	Crossroads_36	Unnamed	unnamed	16	Crossroads/Crossroads_36/Unnamed__unnamed__fsm_16.md
Crossroads	Crossroads_38	Unnamed	FSM	52	Crossroads/Crossroads_38/Unnamed__FSM__fsm_52.md
Crossroads	Crossroads_38	Unnamed	FSM	53	Crossroads/Crossroads_38/Unnamed__FSM__fsm_53.md
Crossroads	Crossroads_38	Unnamed	FSM	54	Crossroads/Crossroads_38/Unnamed__FSM__fsm_54.md
Crossroads	Crossroads_45	Shot_PickAxe	collide_with_wall	173	Crossroads/Crossroads_45/Shot_PickAxe__collide_with_wall__fsm_173.md
Crossroads	Crossroads_45	Shot_PickAxe	damages_enemy	167	Crossroads/Crossroads_45/Shot_PickAxe__damages_enemy__fsm_167.md
Crossroads	Crossroads_50	Corpse_Egg_Sac	Control	78	Crossroads/Crossroads_50/Corpse_Egg_Sac__Control__fsm_78.md
Crossroads	Crossroads_50	Shiny_Item_Inspect_Region_Prompt_Marker	Prompt	81	Crossroads/Crossroads_50/Shiny_Item_Inspect_Region_Prompt_Marker__Prompt__fsm_81.md
Crossroads	Crossroads_50	Shiny_Item_Inspect_Region	inspect	93	Crossroads/Crossroads_50/Shiny_Item_Inspect_Region__inspect__fsm_93.md
Crossroads	Crossroads_50	Shiny_Item	Generate_Wave	89	Crossroads/Crossroads_50/Shiny_Item__Generate_Wave__fsm_89.md
Crossroads	Crossroads_50	Shiny_Item	Shiny_Control	85	Crossroads/Crossroads_50/Shiny_Item__Shiny_Control__fsm_85.md
Crossroads	Crossroads_52	Quake_Floor_Effects_Crack_1_(1)	FSM	60	Crossroads/Crossroads_52/Quake_Floor_Effects_Crack_1_(1)__FSM__fsm_60.md
Crossroads	Crossroads_52	Quake_Floor_Effects_Crack_1	FSM	64	Crossroads/Crossroads_52/Quake_Floor_Effects_Crack_1__FSM__fsm_64.md
Crossroads	Crossroads_52	Quake_Floor	quake_floor	63	Crossroads/Crossroads_52/Quake_Floor__quake_floor__fsm_63.md
Crossroads	Crossroads_52	Quake_Floor	quake_floor_shake	58	Crossroads/Crossroads_52/Quake_Floor__quake_floor_shake__fsm_58.md
Crossroads	Crossroads_52	Unnamed	FSM	56	Crossroads/Crossroads_52/Unnamed__FSM__fsm_56.md
Crossroads	Crossroads_52	Unnamed	unnamed	55	Crossroads/Crossroads_52/Unnamed__unnamed__fsm_55.md
Crossroads	Crossroads_ShamanTemple	Corpse_Roller_Spawned	corpse	103	Crossroads/Crossroads_ShamanTemple/Corpse_Roller_Spawned__corpse__fsm_103.md
Crossroads	Crossroads_ShamanTemple	Shaman_Trapped	Conversation_Control	114	Crossroads/Crossroads_ShamanTemple/Shaman_Trapped__Conversation_Control__fsm_114.md
Crossroads	Crossroads_ShamanTemple	Shaman_Trapped	advance_conversation	111	Crossroads/Crossroads_ShamanTemple/Shaman_Trapped__advance_conversation__fsm_111.md
Crossroads	Crossroads_ShamanTemple	Shaman_Trapped	npc_control	116	Crossroads/Crossroads_ShamanTemple/Shaman_Trapped__npc_control__fsm_116.md
Crossroads	Crossroads_ShamanTemple	Unnamed	FSM	98	Crossroads/Crossroads_ShamanTemple/Unnamed__FSM__fsm_98.md
Crossroads	Crossroads_ShamanTemple	Unnamed	FSM	99	Crossroads/Crossroads_ShamanTemple/Unnamed__FSM__fsm_99.md
Crystal_Peak	Mines_01	Unnamed	FSM	43	Crystal_Peak/Mines_01/Unnamed__FSM__fsm_43.md
Crystal_Peak	Mines_01	Unnamed	FSM	44	Crystal_Peak/Mines_01/Unnamed__FSM__fsm_44.md
Crystal_Peak	Mines_04	Crystal_Shot	Crystal_Form	83	Crystal_Peak/Mines_04/Crystal_Shot__Crystal_Form__fsm_83.md
Crystal_Peak	Mines_04	Crystal_Shot	FSM	75	Crystal_Peak/Mines_04/Crystal_Shot__FSM__fsm_75.md
Crystal_Peak	Mines_04	Crystal_Shot	damages_enemy	80	Crystal_Peak/Mines_04/Crystal_Shot__damages_enemy__fsm_80.md
Crystal_Peak	Mines_04	Crystal_Shot	damages_hero	76	Crystal_Peak/Mines_04/Crystal_Shot__damages_hero__fsm_76.md
Crystal_Peak	Mines_10	Crystal_Hazard_v2	damages_enemy	11	Crystal_Peak/Mines_10/Crystal_Hazard_v2__damages_enemy__fsm_11.md
Crystal_Peak	Mines_18_boss	Corpse_Mega_Zombie_Beam_Miner_Esc	Control	42	Crystal_Peak/Mines_18_boss/Corpse_Mega_Zombie_Beam_Miner_Esc__Control__fsm_42.md
Crystal_Peak	Mines_31	Unnamed	FSM	28	Crystal_Peak/Mines_31/Unnamed__FSM__fsm_28.md
Crystal_Peak	Mines_32	Corpse_Mega_Zombie_Beam_Miner	corpse	142	Crystal_Peak/Mines_32/Corpse_Mega_Zombie_Beam_Miner__corpse__fsm_142.md
Crystal_Peak	Mines_32	Mega_Zombie_Beam_Miner_Beam_Ball	destroy_if_gameobject_null	124	Crystal_Peak/Mines_32/Mega_Zombie_Beam_Miner_Beam_Ball__destroy_if_gameobject_null__fsm_124.md
Crystal_Peak	Mines_32	Mega_Zombie_Beam_Miner_Beam_Beam_Glow	FSM	116	Crystal_Peak/Mines_32/Mega_Zombie_Beam_Miner_Beam_Beam_Glow__FSM__fsm_116.md
Crystal_Peak	Mines_32	Mega_Zombie_Beam_Miner_Beam_Impact	destroy_if_gameobject_null	123	Crystal_Peak/Mines_32/Mega_Zombie_Beam_Miner_Beam_Impact__destroy_if_gameobject_null__fsm_123.md
Crystal_Peak	Mines_32	Mega_Zombie_Beam_Miner_Beam_Range_L	hero_detect	118	Crystal_Peak/Mines_32/Mega_Zombie_Beam_Miner_Beam_Range_L__hero_detect__fsm_118.md
Crystal_Peak	Mines_32	Mega_Zombie_Beam_Miner_Beam_Range_R	hero_detect	117	Crystal_Peak/Mines_32/Mega_Zombie_Beam_Miner_Beam_Range_R__hero_detect__fsm_117.md
Crystal_Peak	Mines_32	Mega_Zombie_Beam_Miner_Beam	Beam_Extender	153	Crystal_Peak/Mines_32/Mega_Zombie_Beam_Miner_Beam__Beam_Extender__fsm_153.md
Crystal_Peak	Mines_32	Mega_Zombie_Beam_Miner_Beam	destroy_if_gameobject_null	151	Crystal_Peak/Mines_32/Mega_Zombie_Beam_Miner_Beam__destroy_if_gameobject_null__fsm_151.md
Crystal_Peak	Mines_32	Mega_Zombie_Beam_Miner_Hero_Range	FSM	147	Crystal_Peak/Mines_32/Mega_Zombie_Beam_Miner_Hero_Range__FSM__fsm_147.md
Crystal_Peak	Mines_32	Mega_Zombie_Beam_Miner_TooClose	FSM	129	Crystal_Peak/Mines_32/Mega_Zombie_Beam_Miner_TooClose__FSM__fsm_129.md
Crystal_Peak	Mines_32	Mega_Zombie_Beam_Miner	Beam_Miner	148	Crystal_Peak/Mines_32/Mega_Zombie_Beam_Miner__Beam_Miner__fsm_148.md
Crystal_Peak	Mines_32	Unnamed	corpse	112	Crystal_Peak/Mines_32/Unnamed__corpse__fsm_112.md
Crystal_Peak	Mines_35	Spell_Get_Orb_Black	Spell_Get_Orb_Control	22	Crystal_Peak/Mines_35/Spell_Get_Orb_Black__Spell_Get_Orb_Control__fsm_22.md
Deepnest	Deepnest_01b	Baby_Centipede_Attack_Range	FSM	107	Deepnest/Deepnest_01b/Baby_Centipede_Attack_Range__FSM__fsm_107.md
Deepnest	Deepnest_01b	Baby_Centipede_Corner_Check	FSM	105	Deepnest/Deepnest_01b/Baby_Centipede_Corner_Check__FSM__fsm_105.md
Deepnest	Deepnest_01b	Baby_Centipede_Dig_Away_Range	FSM	113	Deepnest/Deepnest_01b/Baby_Centipede_Dig_Away_Range__FSM__fsm_113.md
Deepnest	Deepnest_01b	Baby_Centipede_ReWarper	ReWarp	109	Deepnest/Deepnest_01b/Baby_Centipede_ReWarper__ReWarp__fsm_109.md
Deepnest	Deepnest_01b	Baby_Centipede_Wake_Range	FSM	110	Deepnest/Deepnest_01b/Baby_Centipede_Wake_Range__FSM__fsm_110.md
Deepnest	Deepnest_01b	Baby_Centipede	Attack_Decision	96	Deepnest/Deepnest_01b/Baby_Centipede__Attack_Decision__fsm_96.md
Deepnest	Deepnest_01b	Baby_Centipede	Centipede	106	Deepnest/Deepnest_01b/Baby_Centipede__Centipede__fsm_106.md
Deepnest	Deepnest_01b	Baby_Centipede	Dig_Away	83	Deepnest/Deepnest_01b/Baby_Centipede__Dig_Away__fsm_83.md
Deepnest	Deepnest_01b	Baby_Centipede	Dig_Decision	93	Deepnest/Deepnest_01b/Baby_Centipede__Dig_Decision__fsm_93.md
Deepnest	Deepnest_01b	Corpse_Centipede_Baby	Centipede_Corpse	108	Deepnest/Deepnest_01b/Corpse_Centipede_Baby__Centipede_Corpse__fsm_108.md
Deepnest	Deepnest_03	Unnamed	Chase	37	Deepnest/Deepnest_03/Unnamed__Chase__fsm_37.md
Deepnest	Deepnest_03	Unnamed	No_Climb_Msg	38	Deepnest/Deepnest_03/Unnamed__No_Climb_Msg__fsm_38.md
Deepnest	Deepnest_03	Zombie_Spider_1	Chase	44	Deepnest/Deepnest_03/Zombie_Spider_1__Chase__fsm_44.md
Deepnest	Deepnest_03	Zombie_Spider_1	No_Climb_Msg	56	Deepnest/Deepnest_03/Zombie_Spider_1__No_Climb_Msg__fsm_56.md
Deepnest	Deepnest_03	Zombie_Spider_2	Chase	49	Deepnest/Deepnest_03/Zombie_Spider_2__Chase__fsm_49.md
Deepnest	Deepnest_03	Zombie_Spider_2	No_Climb_Msg	47	Deepnest/Deepnest_03/Zombie_Spider_2__No_Climb_Msg__fsm_47.md
Deepnest	Deepnest_26	Corpse_Centipede_Hatcher_Chunks	Fling	69	Deepnest/Deepnest_26/Corpse_Centipede_Hatcher_Chunks__Fling__fsm_69.md
Deepnest	Deepnest_26	Corpse_Centipede_Hatcher_Chunks_death_chunks_0000_a_(1)	FSM	81	Deepnest/Deepnest_26/Corpse_Centipede_Hatcher_Chunks_death_chunks_0000_a_(1)__FSM__fsm_81.md
Deepnest	Deepnest_26	Corpse_Centipede_Hatcher_Chunks_death_chunks_0000_a_(2)	FSM	78	Deepnest/Deepnest_26/Corpse_Centipede_Hatcher_Chunks_death_chunks_0000_a_(2)__FSM__fsm_78.md
Deepnest	Deepnest_26	Corpse_Centipede_Hatcher_Chunks_death_chunks_0000_a_(3)	FSM	79	Deepnest/Deepnest_26/Corpse_Centipede_Hatcher_Chunks_death_chunks_0000_a_(3)__FSM__fsm_79.md
Deepnest	Deepnest_26	Corpse_Centipede_Hatcher_Chunks_death_chunks_0000_a_(4)	FSM	73	Deepnest/Deepnest_26/Corpse_Centipede_Hatcher_Chunks_death_chunks_0000_a_(4)__FSM__fsm_73.md
Deepnest	Deepnest_26	Corpse_Centipede_Hatcher_Chunks_death_chunks_0000_a	FSM	72	Deepnest/Deepnest_26/Corpse_Centipede_Hatcher_Chunks_death_chunks_0000_a__FSM__fsm_72.md
Deepnest	Deepnest_26	Corpse_Centipede_Hatcher	Spatter	80	Deepnest/Deepnest_26/Corpse_Centipede_Hatcher__Spatter__fsm_80.md
Deepnest	Deepnest_32	Corpse_Mimic_Spider_Head	Head_Control	90	Deepnest/Deepnest_32/Corpse_Mimic_Spider_Head__Head_Control__fsm_90.md
Deepnest	Deepnest_32	Corpse_Mimic_Spider	Corpse_Control	98	Deepnest/Deepnest_32/Corpse_Mimic_Spider__Corpse_Control__fsm_98.md
Deepnest	Deepnest_32	Corpse_Mimic_Spider	corpse	95	Deepnest/Deepnest_32/Corpse_Mimic_Spider__corpse__fsm_95.md
Deepnest	Deepnest_32	Unnamed	Constrain_X	82	Deepnest/Deepnest_32/Unnamed__Constrain_X__fsm_82.md
Deepnest	Deepnest_32	Vomit_Glob_Nosk	Vomit_Glob	88	Deepnest/Deepnest_32/Vomit_Glob_Nosk__Vomit_Glob__fsm_88.md
Deepnest	Deepnest_33	Corpse_Mini_Spider	Remove	66	Deepnest/Deepnest_33/Corpse_Mini_Spider__Remove__fsm_66.md
Deepnest	Deepnest_33	Tiny_Spider	Spawn	68	Deepnest/Deepnest_33/Tiny_Spider__Spawn__fsm_68.md
Deepnest	Deepnest_33	Unnamed	Spider_Spawn	45	Deepnest/Deepnest_33/Unnamed__Spider_Spawn__fsm_45.md
Deepnest	Deepnest_40	Galien_Mini_Hammer_Sprite	Spin	62	Deepnest/Deepnest_40/Galien_Mini_Hammer_Sprite__Spin__fsm_62.md
Deepnest	Deepnest_40	Galien_Mini_Hammer	Dissipate	63	Deepnest/Deepnest_40/Galien_Mini_Hammer__Dissipate__fsm_63.md
Deepnest	Deepnest_40	Galien_Mini_Hammer	FSM	66	Deepnest/Deepnest_40/Galien_Mini_Hammer__FSM__fsm_66.md
Deepnest	Deepnest_40	Ghost_Death_Galien	Control	69	Deepnest/Deepnest_40/Ghost_Death_Galien__Control__fsm_69.md
Deepnest	Deepnest_East_03	Unnamed	FSM	113	Deepnest/Deepnest_East_03/Unnamed__FSM__fsm_113.md
Deepnest	Deepnest_East_07	Col_Drop_Corpse_01_Colosseum_Drop_Corpse	Control	37	Deepnest/Deepnest_East_07/Col_Drop_Corpse_01_Colosseum_Drop_Corpse__Control__fsm_37.md
Deepnest	Deepnest_East_07	Col_Drop_Corpse_01	FSM	38	Deepnest/Deepnest_East_07/Col_Drop_Corpse_01__FSM__fsm_38.md
Deepnest	Deepnest_East_10	Ghost_Death_Markoth	Control	88	Deepnest/Deepnest_East_10/Ghost_Death_Markoth__Control__fsm_88.md
Deepnest	Deepnest_East_10	Markoth_Shield_Shield_2	Dissipate	75	Deepnest/Deepnest_East_10/Markoth_Shield_Shield_2__Dissipate__fsm_75.md
Deepnest	Deepnest_East_10	Markoth_Shield_Shield	Dissipate	79	Deepnest/Deepnest_East_10/Markoth_Shield_Shield__Dissipate__fsm_79.md
Deepnest	Deepnest_East_10	Markoth_Shield	Control	85	Deepnest/Deepnest_East_10/Markoth_Shield__Control__fsm_85.md
Deepnest	Deepnest_East_10	Markoth_Shield	Summon_Shield	82	Deepnest/Deepnest_East_10/Markoth_Shield__Summon_Shield__fsm_82.md
Deepnest	Deepnest_East_10	Shot_Markoth_Nail	Control	77	Deepnest/Deepnest_East_10/Shot_Markoth_Nail__Control__fsm_77.md
Deepnest	Deepnest_East_17	Unnamed	Geo_Rock	150	Deepnest/Deepnest_East_17/Unnamed__Geo_Rock__fsm_150.md
Deepnest	Deepnest_East_Hornet	Hornet_Barb_Spell_Detect	Detect	57	Deepnest/Deepnest_East_Hornet/Hornet_Barb_Spell_Detect__Detect__fsm_57.md
Deepnest	Deepnest_East_Hornet	Hornet_Barb	Control	60	Deepnest/Deepnest_East_Hornet/Hornet_Barb__Control__fsm_60.md
Deepnest	Deepnest_East_Hornet_boss	Corpse_Hornet_Outskirts_NPC_Prompt_Marker	Prompt	51	Deepnest/Deepnest_East_Hornet_boss/Corpse_Hornet_Outskirts_NPC_Prompt_Marker__Prompt__fsm_51.md
Deepnest	Deepnest_East_Hornet_boss	Corpse_Hornet_Outskirts_NPC	Conversation_Control	42	Deepnest/Deepnest_East_Hornet_boss/Corpse_Hornet_Outskirts_NPC__Conversation_Control__fsm_42.md
Deepnest	Deepnest_East_Hornet_boss	Corpse_Hornet_Outskirts_NPC	npc_control	48	Deepnest/Deepnest_East_Hornet_boss/Corpse_Hornet_Outskirts_NPC__npc_control__fsm_48.md
Deepnest	Deepnest_East_Hornet_boss	Corpse_Hornet_Outskirts	Control	44	Deepnest/Deepnest_East_Hornet_boss/Corpse_Hornet_Outskirts__Control__fsm_44.md
Deepnest	Deepnest_East_Hornet_boss	Corpse_Hornet_Outskirts	Stay_In_Bounds	58	Deepnest/Deepnest_East_Hornet_boss/Corpse_Hornet_Outskirts__Stay_In_Bounds__fsm_58.md
Dreams	Dream_01_False_Knight	Dream_Orb_Get_Vanish_Get_Pt	Parent	36	Dreams/Dream_01_False_Knight/Dream_Orb_Get_Vanish_Get_Pt__Parent__fsm_36.md
Dreams	Dream_01_False_Knight	Dream_Orb_Get_White_Flash_Get	fade_and_destroy	35	Dreams/Dream_01_False_Knight/Dream_Orb_Get_White_Flash_Get__fade_and_destroy__fsm_35.md
Dreams	Dream_01_False_Knight	Dream_Orb_Get_White_Flash	fade_and_destroy	39	Dreams/Dream_01_False_Knight/Dream_Orb_Get_White_Flash__fade_and_destroy__fsm_39.md
Dreams	Dream_01_False_Knight	Dream_Orb_Get	Control	34	Dreams/Dream_01_False_Knight/Dream_Orb_Get__Control__fsm_34.md
Dreams	Dream_02_Mage_Lord	Corpse_Dream_Mage_Lord_2	corpse	20	Dreams/Dream_02_Mage_Lord/Corpse_Dream_Mage_Lord_2__corpse__fsm_20.md
Dreams	Dream_03_Infected_Knight	Corpse_Infected_Knight_Dream	corpse	13	Dreams/Dream_03_Infected_Knight/Corpse_Infected_Knight_Dream__corpse__fsm_13.md
Dreams	Dream_03_Infected_Knight	Unnamed	recoil	12	Dreams/Dream_03_Infected_Knight/Unnamed__recoil__fsm_12.md
Dreams	Dream_04_White_Defender	Corpse_White_Defender	Control	256	Dreams/Dream_04_White_Defender/Corpse_White_Defender__Control__fsm_256.md
Dreams	Dream_04_White_Defender	Dung_Ball_Large_W	Ball_Control_X	221	Dreams/Dream_04_White_Defender/Dung_Ball_Large_W__Ball_Control_X__fsm_221.md
Dreams	Dream_04_White_Defender	Dung_Ball_Large_W	Ball_Control	219	Dreams/Dream_04_White_Defender/Dung_Ball_Large_W__Ball_Control__fsm_219.md
Dreams	Dream_04_White_Defender	Dung_Ball_Large_W	Nail_Hit	222	Dreams/Dream_04_White_Defender/Dung_Ball_Large_W__Nail_Hit__fsm_222.md
Dreams	Dream_04_White_Defender	Dung_Pillar	Control	242	Dreams/Dream_04_White_Defender/Dung_Pillar__Control__fsm_242.md
Dreams	Dream_04_White_Defender	Unnamed	Control	217	Dreams/Dream_04_White_Defender/Unnamed__Control__fsm_217.md
Dreams	Dream_04_White_Defender	Unnamed	Control	218	Dreams/Dream_04_White_Defender/Unnamed__Control__fsm_218.md
Dreams	Dream_04_White_Defender	White_Defender_Burrow_Effect	Burrow_Effect	275	Dreams/Dream_04_White_Defender/White_Defender_Burrow_Effect__Burrow_Effect__fsm_275.md
Dreams	Dream_04_White_Defender	White_Defender_Burrow_Effect	Keep_Y	257	Dreams/Dream_04_White_Defender/White_Defender_Burrow_Effect__Keep_Y__fsm_257.md
Dreams	Dream_04_White_Defender	White_Defender_Burst_Effect	FSM	261	Dreams/Dream_04_White_Defender/White_Defender_Burst_Effect__FSM__fsm_261.md
Dreams	Dream_04_White_Defender	White_Defender_Evade_Check	FSM	291	Dreams/Dream_04_White_Defender/White_Defender_Evade_Check__FSM__fsm_291.md
Dreams	Dream_04_White_Defender	White_Defender_Evade_Range	FSM	277	Dreams/Dream_04_White_Defender/White_Defender_Evade_Range__FSM__fsm_277.md
Dreams	Dream_04_White_Defender	White_Defender_Slam_Effect_Big	Deactivate	229	Dreams/Dream_04_White_Defender/White_Defender_Slam_Effect_Big__Deactivate__fsm_229.md
Dreams	Dream_04_White_Defender	White_Defender_Slam_Effect	Deactivate	237	Dreams/Dream_04_White_Defender/White_Defender_Slam_Effect__Deactivate__fsm_237.md
Dreams	Dream_04_White_Defender	White_Defender_Slam_Pillars_Dung_Pillar_(1)	Control	227	Dreams/Dream_04_White_Defender/White_Defender_Slam_Pillars_Dung_Pillar_(1)__Control__fsm_227.md
Dreams	Dream_04_White_Defender	White_Defender_Slam_Pillars_Dung_Pillar_(2)	Control	236	Dreams/Dream_04_White_Defender/White_Defender_Slam_Pillars_Dung_Pillar_(2)__Control__fsm_236.md
Dreams	Dream_04_White_Defender	White_Defender_Slam_Pillars_Dung_Pillar_(3)	Control	301	Dreams/Dream_04_White_Defender/White_Defender_Slam_Pillars_Dung_Pillar_(3)__Control__fsm_301.md
Dreams	Dream_04_White_Defender	White_Defender_Slam_Pillars_Dung_Pillar_(4)	Control	249	Dreams/Dream_04_White_Defender/White_Defender_Slam_Pillars_Dung_Pillar_(4)__Control__fsm_249.md
Dreams	Dream_04_White_Defender	White_Defender_Slam_Pillars_Dung_Pillar_(5)	Control	243	Dreams/Dream_04_White_Defender/White_Defender_Slam_Pillars_Dung_Pillar_(5)__Control__fsm_243.md
Dreams	Dream_04_White_Defender	White_Defender_Slam_Pillars_Dung_Pillar_(6)	Control	265	Dreams/Dream_04_White_Defender/White_Defender_Slam_Pillars_Dung_Pillar_(6)__Control__fsm_265.md
Dreams	Dream_04_White_Defender	White_Defender_Splash_Out_Erupt	FSM	262	Dreams/Dream_04_White_Defender/White_Defender_Splash_Out_Erupt__FSM__fsm_262.md
Dreams	Dream_04_White_Defender	White_Defender_Splash_Out_Erupt	Splash_Out_Control	251	Dreams/Dream_04_White_Defender/White_Defender_Splash_Out_Erupt__Splash_Out_Control__fsm_251.md
Dreams	Dream_04_White_Defender	White_Defender_Splash_Out	FSM	267	Dreams/Dream_04_White_Defender/White_Defender_Splash_Out__FSM__fsm_267.md
Dreams	Dream_04_White_Defender	White_Defender_Splash_Out	Splash_Out_Control	245	Dreams/Dream_04_White_Defender/White_Defender_Splash_Out__Splash_Out_Control__fsm_245.md
Dreams	Dream_04_White_Defender	White_Defender	Constrain_X	302	Dreams/Dream_04_White_Defender/White_Defender__Constrain_X__fsm_302.md
Dreams	Dream_04_White_Defender	White_Defender	Dung_Defender	285	Dreams/Dream_04_White_Defender/White_Defender__Dung_Defender__fsm_285.md
Dreams	Dream_Final_Boss	Boss_Control_Abyss_Pit_Tendrils_1_Tendril1	Audio	2324	Dreams/Dream_Final_Boss/Boss_Control_Abyss_Pit_Tendrils_1_Tendril1__Audio__fsm_2324.md
Dreams	Dream_Final_Boss	Boss_Control_Abyss_Pit_Tendrils_1_Tendril1	FSM	2323	Dreams/Dream_Final_Boss/Boss_Control_Abyss_Pit_Tendrils_1_Tendril1__FSM__fsm_2323.md
Dreams	Dream_Final_Boss	Boss_Control_Abyss_Pit_Tendrils_1_Tendril4	Audio	2351	Dreams/Dream_Final_Boss/Boss_Control_Abyss_Pit_Tendrils_1_Tendril4__Audio__fsm_2351.md
Dreams	Dream_Final_Boss	Boss_Control_Abyss_Pit_Tendrils_1_Tendril4	FSM	2350	Dreams/Dream_Final_Boss/Boss_Control_Abyss_Pit_Tendrils_1_Tendril4__FSM__fsm_2350.md
Dreams	Dream_Final_Boss	Boss_Control_Abyss_Pit_Tendrils_1_Tendril5	Audio	2383	Dreams/Dream_Final_Boss/Boss_Control_Abyss_Pit_Tendrils_1_Tendril5__Audio__fsm_2383.md
Dreams	Dream_Final_Boss	Boss_Control_Abyss_Pit_Tendrils_1_Tendril5	FSM	2382	Dreams/Dream_Final_Boss/Boss_Control_Abyss_Pit_Tendrils_1_Tendril5__FSM__fsm_2382.md
Dreams	Dream_Final_Boss	Boss_Control_Abyss_Pit_Tendrils_2_Tendril2	Audio	2387	Dreams/Dream_Final_Boss/Boss_Control_Abyss_Pit_Tendrils_2_Tendril2__Audio__fsm_2387.md
Dreams	Dream_Final_Boss	Boss_Control_Abyss_Pit_Tendrils_2_Tendril2	FSM	2386	Dreams/Dream_Final_Boss/Boss_Control_Abyss_Pit_Tendrils_2_Tendril2__FSM__fsm_2386.md
Dreams	Dream_Final_Boss	Boss_Control_Abyss_Pit_Tendrils_2_Tendril3	Audio	2342	Dreams/Dream_Final_Boss/Boss_Control_Abyss_Pit_Tendrils_2_Tendril3__Audio__fsm_2342.md
Dreams	Dream_Final_Boss	Boss_Control_Abyss_Pit_Tendrils_2_Tendril3	FSM	2341	Dreams/Dream_Final_Boss/Boss_Control_Abyss_Pit_Tendrils_2_Tendril3__FSM__fsm_2341.md
Dreams	Dream_Final_Boss	Boss_Control_Abyss_Pit_Tendrils_3_Tendril1_(1)	Audio	2322	Dreams/Dream_Final_Boss/Boss_Control_Abyss_Pit_Tendrils_3_Tendril1_(1)__Audio__fsm_2322.md
Dreams	Dream_Final_Boss	Boss_Control_Abyss_Pit_Tendrils_3_Tendril1_(1)	FSM	2321	Dreams/Dream_Final_Boss/Boss_Control_Abyss_Pit_Tendrils_3_Tendril1_(1)__FSM__fsm_2321.md
Dreams	Dream_Final_Boss	Boss_Control_Abyss_Pit_Tendrils_3_Tendril4_(1)	Audio	2316	Dreams/Dream_Final_Boss/Boss_Control_Abyss_Pit_Tendrils_3_Tendril4_(1)__Audio__fsm_2316.md
Dreams	Dream_Final_Boss	Boss_Control_Abyss_Pit_Tendrils_3_Tendril4_(1)	FSM	2315	Dreams/Dream_Final_Boss/Boss_Control_Abyss_Pit_Tendrils_3_Tendril4_(1)__FSM__fsm_2315.md
Dreams	Dream_Final_Boss	Boss_Control_Abyss_Pit_Tendrils_3_Tendril5_(1)	Audio	2378	Dreams/Dream_Final_Boss/Boss_Control_Abyss_Pit_Tendrils_3_Tendril5_(1)__Audio__fsm_2378.md
Dreams	Dream_Final_Boss	Boss_Control_Abyss_Pit_Tendrils_3_Tendril5_(1)	FSM	2377	Dreams/Dream_Final_Boss/Boss_Control_Abyss_Pit_Tendrils_3_Tendril5_(1)__FSM__fsm_2377.md
Dreams	Dream_Final_Boss	Boss_Control_Abyss_Pit	Ascend	2384	Dreams/Dream_Final_Boss/Boss_Control_Abyss_Pit__Ascend__fsm_2384.md
Dreams	Dream_Final_Boss	Boss_Control_Ascend_Respawns_Hazard_Respawn_Trigger_v2_(1)	raise_abyss_pit	2328	Dreams/Dream_Final_Boss/Boss_Control_Ascend_Respawns_Hazard_Respawn_Trigger_v2_(1)__raise_abyss_pit__fsm_2328.md
Dreams	Dream_Final_Boss	Boss_Control_Ascend_Respawns_Hazard_Respawn_Trigger_v2_(10)	raise_abyss_pit	2401	Dreams/Dream_Final_Boss/Boss_Control_Ascend_Respawns_Hazard_Respawn_Trigger_v2_(10)__raise_abyss_pit__fsm_2401.md
Dreams	Dream_Final_Boss	Boss_Control_Ascend_Respawns_Hazard_Respawn_Trigger_v2_(11)	raise_abyss_pit	2359	Dreams/Dream_Final_Boss/Boss_Control_Ascend_Respawns_Hazard_Respawn_Trigger_v2_(11)__raise_abyss_pit__fsm_2359.md
Dreams	Dream_Final_Boss	Boss_Control_Ascend_Respawns_Hazard_Respawn_Trigger_v2_(12)	raise_abyss_pit	2307	Dreams/Dream_Final_Boss/Boss_Control_Ascend_Respawns_Hazard_Respawn_Trigger_v2_(12)__raise_abyss_pit__fsm_2307.md
Dreams	Dream_Final_Boss	Boss_Control_Ascend_Respawns_Hazard_Respawn_Trigger_v2_(13)	raise_abyss_pit	2371	Dreams/Dream_Final_Boss/Boss_Control_Ascend_Respawns_Hazard_Respawn_Trigger_v2_(13)__raise_abyss_pit__fsm_2371.md
Dreams	Dream_Final_Boss	Boss_Control_Ascend_Respawns_Hazard_Respawn_Trigger_v2_(2)	raise_abyss_pit	2325	Dreams/Dream_Final_Boss/Boss_Control_Ascend_Respawns_Hazard_Respawn_Trigger_v2_(2)__raise_abyss_pit__fsm_2325.md
Dreams	Dream_Final_Boss	Boss_Control_Ascend_Respawns_Hazard_Respawn_Trigger_v2_(3)	raise_abyss_pit	2385	Dreams/Dream_Final_Boss/Boss_Control_Ascend_Respawns_Hazard_Respawn_Trigger_v2_(3)__raise_abyss_pit__fsm_2385.md
Dreams	Dream_Final_Boss	Boss_Control_Ascend_Respawns_Hazard_Respawn_Trigger_v2_(4)	raise_abyss_pit	2334	Dreams/Dream_Final_Boss/Boss_Control_Ascend_Respawns_Hazard_Respawn_Trigger_v2_(4)__raise_abyss_pit__fsm_2334.md
Dreams	Dream_Final_Boss	Boss_Control_Ascend_Respawns_Hazard_Respawn_Trigger_v2_(5)	raise_abyss_pit	2348	Dreams/Dream_Final_Boss/Boss_Control_Ascend_Respawns_Hazard_Respawn_Trigger_v2_(5)__raise_abyss_pit__fsm_2348.md
Dreams	Dream_Final_Boss	Boss_Control_Ascend_Respawns_Hazard_Respawn_Trigger_v2_(6)	raise_abyss_pit	2360	Dreams/Dream_Final_Boss/Boss_Control_Ascend_Respawns_Hazard_Respawn_Trigger_v2_(6)__raise_abyss_pit__fsm_2360.md
Dreams	Dream_Final_Boss	Boss_Control_Ascend_Respawns_Hazard_Respawn_Trigger_v2_(7)	raise_abyss_pit	2308	Dreams/Dream_Final_Boss/Boss_Control_Ascend_Respawns_Hazard_Respawn_Trigger_v2_(7)__raise_abyss_pit__fsm_2308.md
Dreams	Dream_Final_Boss	Boss_Control_Ascend_Respawns_Hazard_Respawn_Trigger_v2_(8)	raise_abyss_pit	2310	Dreams/Dream_Final_Boss/Boss_Control_Ascend_Respawns_Hazard_Respawn_Trigger_v2_(8)__raise_abyss_pit__fsm_2310.md
Dreams	Dream_Final_Boss	Boss_Control_Ascend_Respawns_Hazard_Respawn_Trigger_v2_(9)	raise_abyss_pit	2381	Dreams/Dream_Final_Boss/Boss_Control_Ascend_Respawns_Hazard_Respawn_Trigger_v2_(9)__raise_abyss_pit__fsm_2381.md
Dreams	Dream_Final_Boss	Boss_Control_Ascend_Respawns_Hazard_Respawn_Trigger_v2	raise_abyss_pit	2393	Dreams/Dream_Final_Boss/Boss_Control_Ascend_Respawns_Hazard_Respawn_Trigger_v2__raise_abyss_pit__fsm_2393.md
Dreams	Dream_Final_Boss	Boss_Control_Ascend_Respawns_Shades_Radiant_BG_Shade_(1)	radiant_bg_shade	2454	Dreams/Dream_Final_Boss/Boss_Control_Ascend_Respawns_Shades_Radiant_BG_Shade_(1)__radiant_bg_shade__fsm_2454.md
Dreams	Dream_Final_Boss	Boss_Control_Ascend_Respawns_Shades_Radiant_BG_Shade_(10)	radiant_bg_shade	2517	Dreams/Dream_Final_Boss/Boss_Control_Ascend_Respawns_Shades_Radiant_BG_Shade_(10)__radiant_bg_shade__fsm_2517.md
Dreams	Dream_Final_Boss	Boss_Control_Ascend_Respawns_Shades_Radiant_BG_Shade_(11)	radiant_bg_shade	2455	Dreams/Dream_Final_Boss/Boss_Control_Ascend_Respawns_Shades_Radiant_BG_Shade_(11)__radiant_bg_shade__fsm_2455.md
Dreams	Dream_Final_Boss	Boss_Control_Ascend_Respawns_Shades_Radiant_BG_Shade_(12)	radiant_bg_shade	2513	Dreams/Dream_Final_Boss/Boss_Control_Ascend_Respawns_Shades_Radiant_BG_Shade_(12)__radiant_bg_shade__fsm_2513.md
Dreams	Dream_Final_Boss	Boss_Control_Ascend_Respawns_Shades_Radiant_BG_Shade_(13)	radiant_bg_shade	2453	Dreams/Dream_Final_Boss/Boss_Control_Ascend_Respawns_Shades_Radiant_BG_Shade_(13)__radiant_bg_shade__fsm_2453.md
Dreams	Dream_Final_Boss	Boss_Control_Ascend_Respawns_Shades_Radiant_BG_Shade_(14)	radiant_bg_shade	2452	Dreams/Dream_Final_Boss/Boss_Control_Ascend_Respawns_Shades_Radiant_BG_Shade_(14)__radiant_bg_shade__fsm_2452.md
Dreams	Dream_Final_Boss	Boss_Control_Ascend_Respawns_Shades_Radiant_BG_Shade_(15)	radiant_bg_shade	2414	Dreams/Dream_Final_Boss/Boss_Control_Ascend_Respawns_Shades_Radiant_BG_Shade_(15)__radiant_bg_shade__fsm_2414.md
Dreams	Dream_Final_Boss	Boss_Control_Ascend_Respawns_Shades_Radiant_BG_Shade_(16)	radiant_bg_shade	2422	Dreams/Dream_Final_Boss/Boss_Control_Ascend_Respawns_Shades_Radiant_BG_Shade_(16)__radiant_bg_shade__fsm_2422.md
Dreams	Dream_Final_Boss	Boss_Control_Ascend_Respawns_Shades_Radiant_BG_Shade_(17)	radiant_bg_shade	2509	Dreams/Dream_Final_Boss/Boss_Control_Ascend_Respawns_Shades_Radiant_BG_Shade_(17)__radiant_bg_shade__fsm_2509.md
Dreams	Dream_Final_Boss	Boss_Control_Ascend_Respawns_Shades_Radiant_BG_Shade_(18)	radiant_bg_shade	2447	Dreams/Dream_Final_Boss/Boss_Control_Ascend_Respawns_Shades_Radiant_BG_Shade_(18)__radiant_bg_shade__fsm_2447.md
Dreams	Dream_Final_Boss	Boss_Control_Ascend_Respawns_Shades_Radiant_BG_Shade_(19)	radiant_bg_shade	2446	Dreams/Dream_Final_Boss/Boss_Control_Ascend_Respawns_Shades_Radiant_BG_Shade_(19)__radiant_bg_shade__fsm_2446.md
Dreams	Dream_Final_Boss	Boss_Control_Ascend_Respawns_Shades_Radiant_BG_Shade_(2)	radiant_bg_shade	2468	Dreams/Dream_Final_Boss/Boss_Control_Ascend_Respawns_Shades_Radiant_BG_Shade_(2)__radiant_bg_shade__fsm_2468.md
Dreams	Dream_Final_Boss	Boss_Control_Ascend_Respawns_Shades_Radiant_BG_Shade_(20)	radiant_bg_shade	2432	Dreams/Dream_Final_Boss/Boss_Control_Ascend_Respawns_Shades_Radiant_BG_Shade_(20)__radiant_bg_shade__fsm_2432.md
Dreams	Dream_Final_Boss	Boss_Control_Ascend_Respawns_Shades_Radiant_BG_Shade_(21)	radiant_bg_shade	2442	Dreams/Dream_Final_Boss/Boss_Control_Ascend_Respawns_Shades_Radiant_BG_Shade_(21)__radiant_bg_shade__fsm_2442.md
Dreams	Dream_Final_Boss	Boss_Control_Ascend_Respawns_Shades_Radiant_BG_Shade_(22)	radiant_bg_shade	2456	Dreams/Dream_Final_Boss/Boss_Control_Ascend_Respawns_Shades_Radiant_BG_Shade_(22)__radiant_bg_shade__fsm_2456.md
Dreams	Dream_Final_Boss	Boss_Control_Ascend_Respawns_Shades_Radiant_BG_Shade_(23)	radiant_bg_shade	2485	Dreams/Dream_Final_Boss/Boss_Control_Ascend_Respawns_Shades_Radiant_BG_Shade_(23)__radiant_bg_shade__fsm_2485.md
Dreams	Dream_Final_Boss	Boss_Control_Ascend_Respawns_Shades_Radiant_BG_Shade_(24)	radiant_bg_shade	2436	Dreams/Dream_Final_Boss/Boss_Control_Ascend_Respawns_Shades_Radiant_BG_Shade_(24)__radiant_bg_shade__fsm_2436.md
Dreams	Dream_Final_Boss	Boss_Control_Ascend_Respawns_Shades_Radiant_BG_Shade_(25)	radiant_bg_shade	2435	Dreams/Dream_Final_Boss/Boss_Control_Ascend_Respawns_Shades_Radiant_BG_Shade_(25)__radiant_bg_shade__fsm_2435.md
Dreams	Dream_Final_Boss	Boss_Control_Ascend_Respawns_Shades_Radiant_BG_Shade_(26)	radiant_bg_shade	2463	Dreams/Dream_Final_Boss/Boss_Control_Ascend_Respawns_Shades_Radiant_BG_Shade_(26)__radiant_bg_shade__fsm_2463.md
Dreams	Dream_Final_Boss	Boss_Control_Ascend_Respawns_Shades_Radiant_BG_Shade_(27)	radiant_bg_shade	2487	Dreams/Dream_Final_Boss/Boss_Control_Ascend_Respawns_Shades_Radiant_BG_Shade_(27)__radiant_bg_shade__fsm_2487.md
Dreams	Dream_Final_Boss	Boss_Control_Ascend_Respawns_Shades_Radiant_BG_Shade_(28)	radiant_bg_shade	2502	Dreams/Dream_Final_Boss/Boss_Control_Ascend_Respawns_Shades_Radiant_BG_Shade_(28)__radiant_bg_shade__fsm_2502.md
Dreams	Dream_Final_Boss	Boss_Control_Ascend_Respawns_Shades_Radiant_BG_Shade_(29)	radiant_bg_shade	2418	Dreams/Dream_Final_Boss/Boss_Control_Ascend_Respawns_Shades_Radiant_BG_Shade_(29)__radiant_bg_shade__fsm_2418.md
Dreams	Dream_Final_Boss	Boss_Control_Ascend_Respawns_Shades_Radiant_BG_Shade_(3)	radiant_bg_shade	2404	Dreams/Dream_Final_Boss/Boss_Control_Ascend_Respawns_Shades_Radiant_BG_Shade_(3)__radiant_bg_shade__fsm_2404.md
Dreams	Dream_Final_Boss	Boss_Control_Ascend_Respawns_Shades_Radiant_BG_Shade_(30)	radiant_bg_shade	2457	Dreams/Dream_Final_Boss/Boss_Control_Ascend_Respawns_Shades_Radiant_BG_Shade_(30)__radiant_bg_shade__fsm_2457.md
Dreams	Dream_Final_Boss	Boss_Control_Ascend_Respawns_Shades_Radiant_BG_Shade_(31)	radiant_bg_shade	2439	Dreams/Dream_Final_Boss/Boss_Control_Ascend_Respawns_Shades_Radiant_BG_Shade_(31)__radiant_bg_shade__fsm_2439.md
Dreams	Dream_Final_Boss	Boss_Control_Ascend_Respawns_Shades_Radiant_BG_Shade_(32)	radiant_bg_shade	2462	Dreams/Dream_Final_Boss/Boss_Control_Ascend_Respawns_Shades_Radiant_BG_Shade_(32)__radiant_bg_shade__fsm_2462.md
Dreams	Dream_Final_Boss	Boss_Control_Ascend_Respawns_Shades_Radiant_BG_Shade_(33)	radiant_bg_shade	2518	Dreams/Dream_Final_Boss/Boss_Control_Ascend_Respawns_Shades_Radiant_BG_Shade_(33)__radiant_bg_shade__fsm_2518.md
Dreams	Dream_Final_Boss	Boss_Control_Ascend_Respawns_Shades_Radiant_BG_Shade_(34)	radiant_bg_shade	2483	Dreams/Dream_Final_Boss/Boss_Control_Ascend_Respawns_Shades_Radiant_BG_Shade_(34)__radiant_bg_shade__fsm_2483.md
Dreams	Dream_Final_Boss	Boss_Control_Ascend_Respawns_Shades_Radiant_BG_Shade_(35)	radiant_bg_shade	2515	Dreams/Dream_Final_Boss/Boss_Control_Ascend_Respawns_Shades_Radiant_BG_Shade_(35)__radiant_bg_shade__fsm_2515.md
Dreams	Dream_Final_Boss	Boss_Control_Ascend_Respawns_Shades_Radiant_BG_Shade_(36)	radiant_bg_shade	2519	Dreams/Dream_Final_Boss/Boss_Control_Ascend_Respawns_Shades_Radiant_BG_Shade_(36)__radiant_bg_shade__fsm_2519.md
Dreams	Dream_Final_Boss	Boss_Control_Ascend_Respawns_Shades_Radiant_BG_Shade_(4)	radiant_bg_shade	2476	Dreams/Dream_Final_Boss/Boss_Control_Ascend_Respawns_Shades_Radiant_BG_Shade_(4)__radiant_bg_shade__fsm_2476.md
Dreams	Dream_Final_Boss	Boss_Control_Ascend_Respawns_Shades_Radiant_BG_Shade_(5)	radiant_bg_shade	2421	Dreams/Dream_Final_Boss/Boss_Control_Ascend_Respawns_Shades_Radiant_BG_Shade_(5)__radiant_bg_shade__fsm_2421.md
Dreams	Dream_Final_Boss	Boss_Control_Ascend_Respawns_Shades_Radiant_BG_Shade_(6)	radiant_bg_shade	2410	Dreams/Dream_Final_Boss/Boss_Control_Ascend_Respawns_Shades_Radiant_BG_Shade_(6)__radiant_bg_shade__fsm_2410.md
Dreams	Dream_Final_Boss	Boss_Control_Ascend_Respawns_Shades_Radiant_BG_Shade_(7)	radiant_bg_shade	2406	Dreams/Dream_Final_Boss/Boss_Control_Ascend_Respawns_Shades_Radiant_BG_Shade_(7)__radiant_bg_shade__fsm_2406.md
Dreams	Dream_Final_Boss	Boss_Control_Ascend_Respawns_Shades_Radiant_BG_Shade_(8)	radiant_bg_shade	2467	Dreams/Dream_Final_Boss/Boss_Control_Ascend_Respawns_Shades_Radiant_BG_Shade_(8)__radiant_bg_shade__fsm_2467.md
Dreams	Dream_Final_Boss	Boss_Control_Ascend_Respawns_Shades_Radiant_BG_Shade_(9)	radiant_bg_shade	2431	Dreams/Dream_Final_Boss/Boss_Control_Ascend_Respawns_Shades_Radiant_BG_Shade_(9)__radiant_bg_shade__fsm_2431.md
Dreams	Dream_Final_Boss	Boss_Control_Ascend_Respawns_Shades_Radiant_BG_Shade	radiant_bg_shade	2477	Dreams/Dream_Final_Boss/Boss_Control_Ascend_Respawns_Shades_Radiant_BG_Shade__radiant_bg_shade__fsm_2477.md
Dreams	Dream_Final_Boss	Boss_Control_Beam_Sweeper	Control	2358	Dreams/Dream_Final_Boss/Boss_Control_Beam_Sweeper__Control__fsm_2358.md
Dreams	Dream_Final_Boss	Boss_Control_Challenge_Prompt_Radiant	Challenge_Start	2655	Dreams/Dream_Final_Boss/Boss_Control_Challenge_Prompt_Radiant__Challenge_Start__fsm_2655.md
Dreams	Dream_Final_Boss	Boss_Control_Phase2_Detector	Detect	2331	Dreams/Dream_Final_Boss/Boss_Control_Phase2_Detector__Detect__fsm_2331.md
Dreams	Dream_Final_Boss	Boss_Control_Plat_Sets_Ascend_Set_Radiant_Plat_Small_(4)	radiant_plat	2602	Dreams/Dream_Final_Boss/Boss_Control_Plat_Sets_Ascend_Set_Radiant_Plat_Small_(4)__radiant_plat__fsm_2602.md
Dreams	Dream_Final_Boss	Boss_Control_Plat_Sets_Ascend_Set_Radiant_Plat_Small_(5)	radiant_plat	2531	Dreams/Dream_Final_Boss/Boss_Control_Plat_Sets_Ascend_Set_Radiant_Plat_Small_(5)__radiant_plat__fsm_2531.md
Dreams	Dream_Final_Boss	Boss_Control_Plat_Sets_Ascend_Set_Radiant_Plat_Small_(6)	radiant_plat	2562	Dreams/Dream_Final_Boss/Boss_Control_Plat_Sets_Ascend_Set_Radiant_Plat_Small_(6)__radiant_plat__fsm_2562.md
Dreams	Dream_Final_Boss	Boss_Control_Plat_Sets_Ascend_Set_Radiant_Plat_Small_(7)	radiant_plat	2588	Dreams/Dream_Final_Boss/Boss_Control_Plat_Sets_Ascend_Set_Radiant_Plat_Small_(7)__radiant_plat__fsm_2588.md
Dreams	Dream_Final_Boss	Boss_Control_Plat_Sets_Ascend_Set_Radiant_Plat_Small_(8)	radiant_plat	2548	Dreams/Dream_Final_Boss/Boss_Control_Plat_Sets_Ascend_Set_Radiant_Plat_Small_(8)__radiant_plat__fsm_2548.md
Dreams	Dream_Final_Boss	Boss_Control_Plat_Sets_Ascend_Set_Radiant_Plat_Small_(9)	radiant_plat	2539	Dreams/Dream_Final_Boss/Boss_Control_Plat_Sets_Ascend_Set_Radiant_Plat_Small_(9)__radiant_plat__fsm_2539.md
Dreams	Dream_Final_Boss	Boss_Control_Plat_Sets_Ascend_Set_Radiant_Plat_Thick_(3)	radiant_plat	2625	Dreams/Dream_Final_Boss/Boss_Control_Plat_Sets_Ascend_Set_Radiant_Plat_Thick_(3)__radiant_plat__fsm_2625.md
Dreams	Dream_Final_Boss	Boss_Control_Plat_Sets_Ascend_Set_Radiant_Plat_Thick_(4)	radiant_plat	2559	Dreams/Dream_Final_Boss/Boss_Control_Plat_Sets_Ascend_Set_Radiant_Plat_Thick_(4)__radiant_plat__fsm_2559.md
Dreams	Dream_Final_Boss	Boss_Control_Plat_Sets_Ascend_Set_Radiant_Plat_Thick_(5)	radiant_plat	2547	Dreams/Dream_Final_Boss/Boss_Control_Plat_Sets_Ascend_Set_Radiant_Plat_Thick_(5)__radiant_plat__fsm_2547.md
Dreams	Dream_Final_Boss	Boss_Control_Plat_Sets_Ascend_Set_Radiant_Plat_Thick_(6)	radiant_plat	2577	Dreams/Dream_Final_Boss/Boss_Control_Plat_Sets_Ascend_Set_Radiant_Plat_Thick_(6)__radiant_plat__fsm_2577.md
Dreams	Dream_Final_Boss	Boss_Control_Plat_Sets_Ascend_Set_Radiant_Plat_Wide_(2)	radiant_plat	2491	Dreams/Dream_Final_Boss/Boss_Control_Plat_Sets_Ascend_Set_Radiant_Plat_Wide_(2)__radiant_plat__fsm_2491.md
Dreams	Dream_Final_Boss	Boss_Control_Plat_Sets_Ascend_Set_Radiant_Plat_Wide_(3)	radiant_plat	2448	Dreams/Dream_Final_Boss/Boss_Control_Plat_Sets_Ascend_Set_Radiant_Plat_Wide_(3)__radiant_plat__fsm_2448.md
Dreams	Dream_Final_Boss	Boss_Control_Plat_Sets_Ascend_Set_Radiant_Plat_Wide_(4)	radiant_plat	2424	Dreams/Dream_Final_Boss/Boss_Control_Plat_Sets_Ascend_Set_Radiant_Plat_Wide_(4)__radiant_plat__fsm_2424.md
Dreams	Dream_Final_Boss	Boss_Control_Plat_Sets_Ascend_Set_Radiant_Plat_Wide_(5)	radiant_plat	2425	Dreams/Dream_Final_Boss/Boss_Control_Plat_Sets_Ascend_Set_Radiant_Plat_Wide_(5)__radiant_plat__fsm_2425.md
Dreams	Dream_Final_Boss	Boss_Control_Plat_Sets_Ascend_Set_Radiant_Plat_Wide_(6)	radiant_plat	2489	Dreams/Dream_Final_Boss/Boss_Control_Plat_Sets_Ascend_Set_Radiant_Plat_Wide_(6)__radiant_plat__fsm_2489.md
Dreams	Dream_Final_Boss	Boss_Control_Plat_Sets_Climb_Set_Radiant_Plat_Wide_(2)	radiant_plat	2478	Dreams/Dream_Final_Boss/Boss_Control_Plat_Sets_Climb_Set_Radiant_Plat_Wide_(2)__radiant_plat__fsm_2478.md
Dreams	Dream_Final_Boss	Boss_Control_Plat_Sets_Hazard_Plat_Radiant_Plat_Small_(1)	radiant_plat	2620	Dreams/Dream_Final_Boss/Boss_Control_Plat_Sets_Hazard_Plat_Radiant_Plat_Small_(1)__radiant_plat__fsm_2620.md
Dreams	Dream_Final_Boss	Boss_Control_Plat_Sets_Hazard_Plat_Radiant_Plat_Wide_(3)	radiant_plat	2523	Dreams/Dream_Final_Boss/Boss_Control_Plat_Sets_Hazard_Plat_Radiant_Plat_Wide_(3)__radiant_plat__fsm_2523.md
Dreams	Dream_Final_Boss	Boss_Control_Plat_Sets_Hazard_Plat_Radiant_Plat_Wide_(4)	radiant_plat	2512	Dreams/Dream_Final_Boss/Boss_Control_Plat_Sets_Hazard_Plat_Radiant_Plat_Wide_(4)__radiant_plat__fsm_2512.md
Dreams	Dream_Final_Boss	Boss_Control_Plat_Sets_Init_Radiant_Plat_Small	radiant_plat	2606	Dreams/Dream_Final_Boss/Boss_Control_Plat_Sets_Init_Radiant_Plat_Small__radiant_plat__fsm_2606.md
Dreams	Dream_Final_Boss	Boss_Control_Plat_Sets_Init_Radiant_Plat_Thick	radiant_plat	2532	Dreams/Dream_Final_Boss/Boss_Control_Plat_Sets_Init_Radiant_Plat_Thick__radiant_plat__fsm_2532.md
Dreams	Dream_Final_Boss	Boss_Control_Plat_Sets_Init_Radiant_Plat_Wide	radiant_plat	2496	Dreams/Dream_Final_Boss/Boss_Control_Plat_Sets_Init_Radiant_Plat_Wide__radiant_plat__fsm_2496.md
Dreams	Dream_Final_Boss	Boss_Control_Plat_Sets_P2_SetA_Radiant_Plat_Small_(2)	radiant_plat	2566	Dreams/Dream_Final_Boss/Boss_Control_Plat_Sets_P2_SetA_Radiant_Plat_Small_(2)__radiant_plat__fsm_2566.md
Dreams	Dream_Final_Boss	Boss_Control_Plat_Sets_P2_SetA_Radiant_Plat_Small_(3)	radiant_plat	2632	Dreams/Dream_Final_Boss/Boss_Control_Plat_Sets_P2_SetA_Radiant_Plat_Small_(3)__radiant_plat__fsm_2632.md
Dreams	Dream_Final_Boss	Boss_Control_Plat_Sets_P2_SetA_Radiant_Plat_Thick_(2)	radiant_plat	2576	Dreams/Dream_Final_Boss/Boss_Control_Plat_Sets_P2_SetA_Radiant_Plat_Thick_(2)__radiant_plat__fsm_2576.md
Dreams	Dream_Final_Boss	Boss_Control_Plat_Sets_P2_SetA_Radiant_Plat_Wide_(1)	radiant_plat	2464	Dreams/Dream_Final_Boss/Boss_Control_Plat_Sets_P2_SetA_Radiant_Plat_Wide_(1)__radiant_plat__fsm_2464.md
Dreams	Dream_Final_Boss	Boss_Control_Plat_Sets_P2_SetA_Radiant_Plat_Wide_(2)	radiant_plat	2466	Dreams/Dream_Final_Boss/Boss_Control_Plat_Sets_P2_SetA_Radiant_Plat_Wide_(2)__radiant_plat__fsm_2466.md
Dreams	Dream_Final_Boss	Boss_Control_Radiance_Death_Eye_Glow	FSM	2557	Dreams/Dream_Final_Boss/Boss_Control_Radiance_Death_Eye_Glow__FSM__fsm_2557.md
Dreams	Dream_Final_Boss	Boss_Control_Radiance_Death_Hollow_Shade	KILL_HIT	2507	Dreams/Dream_Final_Boss/Boss_Control_Radiance_Death_Hollow_Shade__KILL_HIT__fsm_2507.md
Dreams	Dream_Final_Boss	Boss_Control_Radiance_Death_Knight_Split_Knight_Ball	KILL_HIT	2514	Dreams/Dream_Final_Boss/Boss_Control_Radiance_Death_Knight_Split_Knight_Ball__KILL_HIT__fsm_2514.md
Dreams	Dream_Final_Boss	Boss_Control_Radiance_Death_Knight_Split	Split	2628	Dreams/Dream_Final_Boss/Boss_Control_Radiance_Death_Knight_Split__Split__fsm_2628.md
Dreams	Dream_Final_Boss	Boss_Control_Radiance_Death_Knight_Split_hollow_knight_skull_left_(1)	FSM	2590	Dreams/Dream_Final_Boss/Boss_Control_Radiance_Death_Knight_Split_hollow_knight_skull_left_(1)__FSM__fsm_2590.md
Dreams	Dream_Final_Boss	Boss_Control_Radiance_Death_Knight_Split_hollow_knight_skull_left	FSM	2623	Dreams/Dream_Final_Boss/Boss_Control_Radiance_Death_Knight_Split_hollow_knight_skull_left__FSM__fsm_2623.md
Dreams	Dream_Final_Boss	Boss_Control_Radiance_Death_Vignette	FSM	2629	Dreams/Dream_Final_Boss/Boss_Control_Radiance_Death_Vignette__FSM__fsm_2629.md
Dreams	Dream_Final_Boss	Boss_Control_Radiance_Eye_Beam_Glow_Ascend_Beam	Control	2571	Dreams/Dream_Final_Boss/Boss_Control_Radiance_Eye_Beam_Glow_Ascend_Beam__Control__fsm_2571.md
Dreams	Dream_Final_Boss	Boss_Control_Radiance_Eye_Beam_Glow_Burst_1_Radiant_Beam_(1)	Control	2551	Dreams/Dream_Final_Boss/Boss_Control_Radiance_Eye_Beam_Glow_Burst_1_Radiant_Beam_(1)__Control__fsm_2551.md
Dreams	Dream_Final_Boss	Boss_Control_Radiance_Eye_Beam_Glow_Burst_1_Radiant_Beam_(2)	Control	2495	Dreams/Dream_Final_Boss/Boss_Control_Radiance_Eye_Beam_Glow_Burst_1_Radiant_Beam_(2)__Control__fsm_2495.md
Dreams	Dream_Final_Boss	Boss_Control_Radiance_Eye_Beam_Glow_Burst_1_Radiant_Beam_(3)	Control	2585	Dreams/Dream_Final_Boss/Boss_Control_Radiance_Eye_Beam_Glow_Burst_1_Radiant_Beam_(3)__Control__fsm_2585.md
Dreams	Dream_Final_Boss	Boss_Control_Radiance_Eye_Beam_Glow_Burst_1_Radiant_Beam_(4)	Control	2579	Dreams/Dream_Final_Boss/Boss_Control_Radiance_Eye_Beam_Glow_Burst_1_Radiant_Beam_(4)__Control__fsm_2579.md
Dreams	Dream_Final_Boss	Boss_Control_Radiance_Eye_Beam_Glow_Burst_1_Radiant_Beam_(5)	Control	2633	Dreams/Dream_Final_Boss/Boss_Control_Radiance_Eye_Beam_Glow_Burst_1_Radiant_Beam_(5)__Control__fsm_2633.md
Dreams	Dream_Final_Boss	Boss_Control_Radiance_Eye_Beam_Glow_Burst_1_Radiant_Beam_(6)	Control	2573	Dreams/Dream_Final_Boss/Boss_Control_Radiance_Eye_Beam_Glow_Burst_1_Radiant_Beam_(6)__Control__fsm_2573.md
Dreams	Dream_Final_Boss	Boss_Control_Radiance_Eye_Beam_Glow_Burst_1_Radiant_Beam_(7)	Control	2607	Dreams/Dream_Final_Boss/Boss_Control_Radiance_Eye_Beam_Glow_Burst_1_Radiant_Beam_(7)__Control__fsm_2607.md
Dreams	Dream_Final_Boss	Boss_Control_Radiance_Eye_Beam_Glow_Burst_1_Radiant_Beam	Control	2647	Dreams/Dream_Final_Boss/Boss_Control_Radiance_Eye_Beam_Glow_Burst_1_Radiant_Beam__Control__fsm_2647.md
Dreams	Dream_Final_Boss	Boss_Control_Radiance_Eye_Beam_Glow_Burst_2_Radiant_Beam_(1)	Control	2612	Dreams/Dream_Final_Boss/Boss_Control_Radiance_Eye_Beam_Glow_Burst_2_Radiant_Beam_(1)__Control__fsm_2612.md
Dreams	Dream_Final_Boss	Boss_Control_Radiance_Eye_Beam_Glow_Burst_2_Radiant_Beam_(2)	Control	2469	Dreams/Dream_Final_Boss/Boss_Control_Radiance_Eye_Beam_Glow_Burst_2_Radiant_Beam_(2)__Control__fsm_2469.md
Dreams	Dream_Final_Boss	Boss_Control_Radiance_Eye_Beam_Glow_Burst_2_Radiant_Beam_(3)	Control	2626	Dreams/Dream_Final_Boss/Boss_Control_Radiance_Eye_Beam_Glow_Burst_2_Radiant_Beam_(3)__Control__fsm_2626.md
Dreams	Dream_Final_Boss	Boss_Control_Radiance_Eye_Beam_Glow_Burst_2_Radiant_Beam_(4)	Control	2591	Dreams/Dream_Final_Boss/Boss_Control_Radiance_Eye_Beam_Glow_Burst_2_Radiant_Beam_(4)__Control__fsm_2591.md
Dreams	Dream_Final_Boss	Boss_Control_Radiance_Eye_Beam_Glow_Burst_2_Radiant_Beam_(5)	Control	2572	Dreams/Dream_Final_Boss/Boss_Control_Radiance_Eye_Beam_Glow_Burst_2_Radiant_Beam_(5)__Control__fsm_2572.md
Dreams	Dream_Final_Boss	Boss_Control_Radiance_Eye_Beam_Glow_Burst_2_Radiant_Beam_(6)	Control	2589	Dreams/Dream_Final_Boss/Boss_Control_Radiance_Eye_Beam_Glow_Burst_2_Radiant_Beam_(6)__Control__fsm_2589.md
Dreams	Dream_Final_Boss	Boss_Control_Radiance_Eye_Beam_Glow_Burst_2_Radiant_Beam_(7)	Control	2586	Dreams/Dream_Final_Boss/Boss_Control_Radiance_Eye_Beam_Glow_Burst_2_Radiant_Beam_(7)__Control__fsm_2586.md
Dreams	Dream_Final_Boss	Boss_Control_Radiance_Eye_Beam_Glow_Burst_2_Radiant_Beam	Control	2461	Dreams/Dream_Final_Boss/Boss_Control_Radiance_Eye_Beam_Glow_Burst_2_Radiant_Beam__Control__fsm_2461.md
Dreams	Dream_Final_Boss	Boss_Control_Radiance_Eye_Beam_Glow_Burst_3_Radiant_Beam_(1)	Control	2594	Dreams/Dream_Final_Boss/Boss_Control_Radiance_Eye_Beam_Glow_Burst_3_Radiant_Beam_(1)__Control__fsm_2594.md
Dreams	Dream_Final_Boss	Boss_Control_Radiance_Eye_Beam_Glow_Burst_3_Radiant_Beam_(2)	Control	2488	Dreams/Dream_Final_Boss/Boss_Control_Radiance_Eye_Beam_Glow_Burst_3_Radiant_Beam_(2)__Control__fsm_2488.md
Dreams	Dream_Final_Boss	Boss_Control_Radiance_Eye_Beam_Glow_Burst_3_Radiant_Beam_(3)	Control	2580	Dreams/Dream_Final_Boss/Boss_Control_Radiance_Eye_Beam_Glow_Burst_3_Radiant_Beam_(3)__Control__fsm_2580.md
Dreams	Dream_Final_Boss	Boss_Control_Radiance_Eye_Beam_Glow_Burst_3_Radiant_Beam_(4)	Control	2637	Dreams/Dream_Final_Boss/Boss_Control_Radiance_Eye_Beam_Glow_Burst_3_Radiant_Beam_(4)__Control__fsm_2637.md
Dreams	Dream_Final_Boss	Boss_Control_Radiance_Eye_Beam_Glow_Burst_3_Radiant_Beam_(5)	Control	2619	Dreams/Dream_Final_Boss/Boss_Control_Radiance_Eye_Beam_Glow_Burst_3_Radiant_Beam_(5)__Control__fsm_2619.md
Dreams	Dream_Final_Boss	Boss_Control_Radiance_Eye_Beam_Glow_Burst_3_Radiant_Beam_(6)	Control	2610	Dreams/Dream_Final_Boss/Boss_Control_Radiance_Eye_Beam_Glow_Burst_3_Radiant_Beam_(6)__Control__fsm_2610.md
Dreams	Dream_Final_Boss	Boss_Control_Radiance_Eye_Beam_Glow_Burst_3_Radiant_Beam_(7)	Control	2634	Dreams/Dream_Final_Boss/Boss_Control_Radiance_Eye_Beam_Glow_Burst_3_Radiant_Beam_(7)__Control__fsm_2634.md
Dreams	Dream_Final_Boss	Boss_Control_Radiance_Eye_Beam_Glow_Burst_3_Radiant_Beam	Control	2605	Dreams/Dream_Final_Boss/Boss_Control_Radiance_Eye_Beam_Glow_Burst_3_Radiant_Beam__Control__fsm_2605.md
Dreams	Dream_Final_Boss	Boss_Control_Radiance_Eye_Beam_Glow_Sprite	FSM	2611	Dreams/Dream_Final_Boss/Boss_Control_Radiance_Eye_Beam_Glow_Sprite__FSM__fsm_2611.md
Dreams	Dream_Final_Boss	Boss_Control_Radiance_Halo	Fader	2465	Dreams/Dream_Final_Boss/Boss_Control_Radiance_Halo__Fader__fsm_2465.md
Dreams	Dream_Final_Boss	Boss_Control_Radiance_Halo	Rotation	2640	Dreams/Dream_Final_Boss/Boss_Control_Radiance_Halo__Rotation__fsm_2640.md
Dreams	Dream_Final_Boss	Boss_Control_Radiance_Legs	Flash	2592	Dreams/Dream_Final_Boss/Boss_Control_Radiance_Legs__Flash__fsm_2592.md
Dreams	Dream_Final_Boss	Boss_Control_Radiance_Roar_Halo	FSM	2326	Dreams/Dream_Final_Boss/Boss_Control_Radiance_Roar_Halo__FSM__fsm_2326.md
Dreams	Dream_Final_Boss	Boss_Control_Radiance_Roar_Legs	Flash	2389	Dreams/Dream_Final_Boss/Boss_Control_Radiance_Roar_Legs__Flash__fsm_2389.md
Dreams	Dream_Final_Boss	Boss_Control_Radiance_Roar_Roar_Wave_Emitter_White	emitter	2364	Dreams/Dream_Final_Boss/Boss_Control_Radiance_Roar_Roar_Wave_Emitter_White__emitter__fsm_2364.md
Dreams	Dream_Final_Boss	Boss_Control_Radiance_Roar_Wave_Stun	emitter	2472	Dreams/Dream_Final_Boss/Boss_Control_Radiance_Roar_Wave_Stun__emitter__fsm_2472.md
Dreams	Dream_Final_Boss	Boss_Control_Radiance_Roar	Flash	2362	Dreams/Dream_Final_Boss/Boss_Control_Radiance_Roar__Flash__fsm_2362.md
Dreams	Dream_Final_Boss	Boss_Control_Radiance_Shade_Hit_Vignette	Shade_Hit	2609	Dreams/Dream_Final_Boss/Boss_Control_Radiance_Shade_Hit_Vignette__Shade_Hit__fsm_2609.md
Dreams	Dream_Final_Boss	Boss_Control_Radiance_Stun_Eye_Glow	FSM	2593	Dreams/Dream_Final_Boss/Boss_Control_Radiance_Stun_Eye_Glow__FSM__fsm_2593.md
Dreams	Dream_Final_Boss	Boss_Control_Radiance_Tele_Flash	FSM	2555	Dreams/Dream_Final_Boss/Boss_Control_Radiance_Tele_Flash__FSM__fsm_2555.md
Dreams	Dream_Final_Boss	Boss_Control_Radiance	Attack_Choices	2643	Dreams/Dream_Final_Boss/Boss_Control_Radiance__Attack_Choices__fsm_2643.md
Dreams	Dream_Final_Boss	Boss_Control_Radiance	Attack_Commands	2521	Dreams/Dream_Final_Boss/Boss_Control_Radiance__Attack_Commands__fsm_2521.md
Dreams	Dream_Final_Boss	Boss_Control_Radiance	Control	2646	Dreams/Dream_Final_Boss/Boss_Control_Radiance__Control__fsm_2646.md
Dreams	Dream_Final_Boss	Boss_Control_Radiance	Phase_Control	2644	Dreams/Dream_Final_Boss/Boss_Control_Radiance__Phase_Control__fsm_2644.md
Dreams	Dream_Final_Boss	Boss_Control_Radiance	Teleport	2524	Dreams/Dream_Final_Boss/Boss_Control_Radiance__Teleport__fsm_2524.md
Dreams	Dream_Final_Boss	Boss_Control_Radiant_Beam	Control	2558	Dreams/Dream_Final_Boss/Boss_Control_Radiant_Beam__Control__fsm_2558.md
Dreams	Dream_Final_Boss	Boss_Control_Spike_Control_Centre_Radiant_Spike_(8)	Control	2405	Dreams/Dream_Final_Boss/Boss_Control_Spike_Control_Centre_Radiant_Spike_(8)__Control__fsm_2405.md
Dreams	Dream_Final_Boss	Boss_Control_Spike_Control_Centre_Radiant_Spike_(8)	Hero_Saver	2481	Dreams/Dream_Final_Boss/Boss_Control_Spike_Control_Centre_Radiant_Spike_(8)__Hero_Saver__fsm_2481.md
Dreams	Dream_Final_Boss	Boss_Control_Spike_Control_Far_L_Radiant_Spike_(1)	Control	2527	Dreams/Dream_Final_Boss/Boss_Control_Spike_Control_Far_L_Radiant_Spike_(1)__Control__fsm_2527.md
Dreams	Dream_Final_Boss	Boss_Control_Spike_Control_Far_L_Radiant_Spike_(1)	Hero_Saver	2449	Dreams/Dream_Final_Boss/Boss_Control_Spike_Control_Far_L_Radiant_Spike_(1)__Hero_Saver__fsm_2449.md
Dreams	Dream_Final_Boss	Boss_Control_Spike_Control_Far_L_Radiant_Spike_(2)	Control	2417	Dreams/Dream_Final_Boss/Boss_Control_Spike_Control_Far_L_Radiant_Spike_(2)__Control__fsm_2417.md
Dreams	Dream_Final_Boss	Boss_Control_Spike_Control_Far_L_Radiant_Spike_(2)	Hero_Saver	2470	Dreams/Dream_Final_Boss/Boss_Control_Spike_Control_Far_L_Radiant_Spike_(2)__Hero_Saver__fsm_2470.md
Dreams	Dream_Final_Boss	Boss_Control_Spike_Control_Far_L_Radiant_Spike_(3)	Control	2474	Dreams/Dream_Final_Boss/Boss_Control_Spike_Control_Far_L_Radiant_Spike_(3)__Control__fsm_2474.md
Dreams	Dream_Final_Boss	Boss_Control_Spike_Control_Far_L_Radiant_Spike_(3)	Hero_Saver	2413	Dreams/Dream_Final_Boss/Boss_Control_Spike_Control_Far_L_Radiant_Spike_(3)__Hero_Saver__fsm_2413.md
Dreams	Dream_Final_Boss	Boss_Control_Spike_Control_Far_L_Radiant_Spike_(6)	Control	2438	Dreams/Dream_Final_Boss/Boss_Control_Spike_Control_Far_L_Radiant_Spike_(6)__Control__fsm_2438.md
Dreams	Dream_Final_Boss	Boss_Control_Spike_Control_Far_L_Radiant_Spike_(6)	Hero_Saver	2506	Dreams/Dream_Final_Boss/Boss_Control_Spike_Control_Far_L_Radiant_Spike_(6)__Hero_Saver__fsm_2506.md
Dreams	Dream_Final_Boss	Boss_Control_Spike_Control_Far_L_Radiant_Spike_(7)	Control	2408	Dreams/Dream_Final_Boss/Boss_Control_Spike_Control_Far_L_Radiant_Spike_(7)__Control__fsm_2408.md
Dreams	Dream_Final_Boss	Boss_Control_Spike_Control_Far_L_Radiant_Spike_(7)	Hero_Saver	2482	Dreams/Dream_Final_Boss/Boss_Control_Spike_Control_Far_L_Radiant_Spike_(7)__Hero_Saver__fsm_2482.md
Dreams	Dream_Final_Boss	Boss_Control_Spike_Control_Far_L_Radiant_Spike	Control	2437	Dreams/Dream_Final_Boss/Boss_Control_Spike_Control_Far_L_Radiant_Spike__Control__fsm_2437.md
Dreams	Dream_Final_Boss	Boss_Control_Spike_Control_Far_L_Radiant_Spike	Hero_Saver	2511	Dreams/Dream_Final_Boss/Boss_Control_Spike_Control_Far_L_Radiant_Spike__Hero_Saver__fsm_2511.md
Dreams	Dream_Final_Boss	Boss_Control_Spike_Control_Far_R_Radiant_Spike_(18)	Control	2426	Dreams/Dream_Final_Boss/Boss_Control_Spike_Control_Far_R_Radiant_Spike_(18)__Control__fsm_2426.md
Dreams	Dream_Final_Boss	Boss_Control_Spike_Control_Far_R_Radiant_Spike_(18)	Hero_Saver	2498	Dreams/Dream_Final_Boss/Boss_Control_Spike_Control_Far_R_Radiant_Spike_(18)__Hero_Saver__fsm_2498.md
Dreams	Dream_Final_Boss	Boss_Control_Spike_Control_Far_R_Radiant_Spike_(20)	Control	2434	Dreams/Dream_Final_Boss/Boss_Control_Spike_Control_Far_R_Radiant_Spike_(20)__Control__fsm_2434.md
Dreams	Dream_Final_Boss	Boss_Control_Spike_Control_Far_R_Radiant_Spike_(20)	Hero_Saver	2510	Dreams/Dream_Final_Boss/Boss_Control_Spike_Control_Far_R_Radiant_Spike_(20)__Hero_Saver__fsm_2510.md
Dreams	Dream_Final_Boss	Boss_Control_Spike_Control_Far_R_Radiant_Spike_(21)	Control	2420	Dreams/Dream_Final_Boss/Boss_Control_Spike_Control_Far_R_Radiant_Spike_(21)__Control__fsm_2420.md
Dreams	Dream_Final_Boss	Boss_Control_Spike_Control_Far_R_Radiant_Spike_(21)	Hero_Saver	2499	Dreams/Dream_Final_Boss/Boss_Control_Spike_Control_Far_R_Radiant_Spike_(21)__Hero_Saver__fsm_2499.md
Dreams	Dream_Final_Boss	Boss_Control_Spike_Control_Far_R_Radiant_Spike_(22)	Control	2471	Dreams/Dream_Final_Boss/Boss_Control_Spike_Control_Far_R_Radiant_Spike_(22)__Control__fsm_2471.md
Dreams	Dream_Final_Boss	Boss_Control_Spike_Control_Far_R_Radiant_Spike_(22)	Hero_Saver	2419	Dreams/Dream_Final_Boss/Boss_Control_Spike_Control_Far_R_Radiant_Spike_(22)__Hero_Saver__fsm_2419.md
Dreams	Dream_Final_Boss	Boss_Control_Spike_Control_Far_R_Radiant_Spike_(23)	Control	2460	Dreams/Dream_Final_Boss/Boss_Control_Spike_Control_Far_R_Radiant_Spike_(23)__Control__fsm_2460.md
Dreams	Dream_Final_Boss	Boss_Control_Spike_Control_Far_R_Radiant_Spike_(23)	Hero_Saver	2520	Dreams/Dream_Final_Boss/Boss_Control_Spike_Control_Far_R_Radiant_Spike_(23)__Hero_Saver__fsm_2520.md
Dreams	Dream_Final_Boss	Boss_Control_Spike_Control_Far_R_Radiant_Spike_(24)	Control	2486	Dreams/Dream_Final_Boss/Boss_Control_Spike_Control_Far_R_Radiant_Spike_(24)__Control__fsm_2486.md
Dreams	Dream_Final_Boss	Boss_Control_Spike_Control_Far_R_Radiant_Spike_(24)	Hero_Saver	2433	Dreams/Dream_Final_Boss/Boss_Control_Spike_Control_Far_R_Radiant_Spike_(24)__Hero_Saver__fsm_2433.md
Dreams	Dream_Final_Boss	Boss_Control_Spike_Control_Mid_L_Radiant_Spike_(12)	Control	2484	Dreams/Dream_Final_Boss/Boss_Control_Spike_Control_Mid_L_Radiant_Spike_(12)__Control__fsm_2484.md
Dreams	Dream_Final_Boss	Boss_Control_Spike_Control_Mid_L_Radiant_Spike_(12)	Hero_Saver	2403	Dreams/Dream_Final_Boss/Boss_Control_Spike_Control_Mid_L_Radiant_Spike_(12)__Hero_Saver__fsm_2403.md
Dreams	Dream_Final_Boss	Boss_Control_Spike_Control_Mid_L_Radiant_Spike_(13)	Control	2451	Dreams/Dream_Final_Boss/Boss_Control_Spike_Control_Mid_L_Radiant_Spike_(13)__Control__fsm_2451.md
Dreams	Dream_Final_Boss	Boss_Control_Spike_Control_Mid_L_Radiant_Spike_(13)	Hero_Saver	2522	Dreams/Dream_Final_Boss/Boss_Control_Spike_Control_Mid_L_Radiant_Spike_(13)__Hero_Saver__fsm_2522.md
Dreams	Dream_Final_Boss	Boss_Control_Spike_Control_Mid_L_Radiant_Spike_(14)	Control	2503	Dreams/Dream_Final_Boss/Boss_Control_Spike_Control_Mid_L_Radiant_Spike_(14)__Control__fsm_2503.md
Dreams	Dream_Final_Boss	Boss_Control_Spike_Control_Mid_L_Radiant_Spike_(14)	Hero_Saver	2444	Dreams/Dream_Final_Boss/Boss_Control_Spike_Control_Mid_L_Radiant_Spike_(14)__Hero_Saver__fsm_2444.md
Dreams	Dream_Final_Boss	Boss_Control_Spike_Control_Mid_L_Radiant_Spike_(15)	Control	2428	Dreams/Dream_Final_Boss/Boss_Control_Spike_Control_Mid_L_Radiant_Spike_(15)__Control__fsm_2428.md
Dreams	Dream_Final_Boss	Boss_Control_Spike_Control_Mid_L_Radiant_Spike_(15)	Hero_Saver	2492	Dreams/Dream_Final_Boss/Boss_Control_Spike_Control_Mid_L_Radiant_Spike_(15)__Hero_Saver__fsm_2492.md
Dreams	Dream_Final_Boss	Boss_Control_Spike_Control_Mid_L_Radiant_Spike_(4)	Control	2494	Dreams/Dream_Final_Boss/Boss_Control_Spike_Control_Mid_L_Radiant_Spike_(4)__Control__fsm_2494.md
Dreams	Dream_Final_Boss	Boss_Control_Spike_Control_Mid_L_Radiant_Spike_(4)	Hero_Saver	2430	Dreams/Dream_Final_Boss/Boss_Control_Spike_Control_Mid_L_Radiant_Spike_(4)__Hero_Saver__fsm_2430.md
Dreams	Dream_Final_Boss	Boss_Control_Spike_Control_Mid_L_Radiant_Spike_(5)	Control	2407	Dreams/Dream_Final_Boss/Boss_Control_Spike_Control_Mid_L_Radiant_Spike_(5)__Control__fsm_2407.md
Dreams	Dream_Final_Boss	Boss_Control_Spike_Control_Mid_L_Radiant_Spike_(5)	Hero_Saver	2480	Dreams/Dream_Final_Boss/Boss_Control_Spike_Control_Mid_L_Radiant_Spike_(5)__Hero_Saver__fsm_2480.md
Dreams	Dream_Final_Boss	Boss_Control_Spike_Control_Mid_R_Radiant_Spike_(10)	Control	2475	Dreams/Dream_Final_Boss/Boss_Control_Spike_Control_Mid_R_Radiant_Spike_(10)__Control__fsm_2475.md
Dreams	Dream_Final_Boss	Boss_Control_Spike_Control_Mid_R_Radiant_Spike_(10)	Hero_Saver	2412	Dreams/Dream_Final_Boss/Boss_Control_Spike_Control_Mid_R_Radiant_Spike_(10)__Hero_Saver__fsm_2412.md
Dreams	Dream_Final_Boss	Boss_Control_Spike_Control_Mid_R_Radiant_Spike_(11)	Control	2525	Dreams/Dream_Final_Boss/Boss_Control_Spike_Control_Mid_R_Radiant_Spike_(11)__Control__fsm_2525.md
Dreams	Dream_Final_Boss	Boss_Control_Spike_Control_Mid_R_Radiant_Spike_(11)	Hero_Saver	2458	Dreams/Dream_Final_Boss/Boss_Control_Spike_Control_Mid_R_Radiant_Spike_(11)__Hero_Saver__fsm_2458.md
Dreams	Dream_Final_Boss	Boss_Control_Spike_Control_Mid_R_Radiant_Spike_(16)	Control	2516	Dreams/Dream_Final_Boss/Boss_Control_Spike_Control_Mid_R_Radiant_Spike_(16)__Control__fsm_2516.md
Dreams	Dream_Final_Boss	Boss_Control_Spike_Control_Mid_R_Radiant_Spike_(16)	Hero_Saver	2459	Dreams/Dream_Final_Boss/Boss_Control_Spike_Control_Mid_R_Radiant_Spike_(16)__Hero_Saver__fsm_2459.md
Dreams	Dream_Final_Boss	Boss_Control_Spike_Control_Mid_R_Radiant_Spike_(17)	Control	2429	Dreams/Dream_Final_Boss/Boss_Control_Spike_Control_Mid_R_Radiant_Spike_(17)__Control__fsm_2429.md
Dreams	Dream_Final_Boss	Boss_Control_Spike_Control_Mid_R_Radiant_Spike_(17)	Hero_Saver	2490	Dreams/Dream_Final_Boss/Boss_Control_Spike_Control_Mid_R_Radiant_Spike_(17)__Hero_Saver__fsm_2490.md
Dreams	Dream_Final_Boss	Boss_Control_Spike_Control_Mid_R_Radiant_Spike_(19)	Control	2505	Dreams/Dream_Final_Boss/Boss_Control_Spike_Control_Mid_R_Radiant_Spike_(19)__Control__fsm_2505.md
Dreams	Dream_Final_Boss	Boss_Control_Spike_Control_Mid_R_Radiant_Spike_(19)	Hero_Saver	2445	Dreams/Dream_Final_Boss/Boss_Control_Spike_Control_Mid_R_Radiant_Spike_(19)__Hero_Saver__fsm_2445.md
Dreams	Dream_Final_Boss	Boss_Control_Spike_Control_Mid_R_Radiant_Spike_(9)	Control	2427	Dreams/Dream_Final_Boss/Boss_Control_Spike_Control_Mid_R_Radiant_Spike_(9)__Control__fsm_2427.md
Dreams	Dream_Final_Boss	Boss_Control_Spike_Control_Mid_R_Radiant_Spike_(9)	Hero_Saver	2493	Dreams/Dream_Final_Boss/Boss_Control_Spike_Control_Mid_R_Radiant_Spike_(9)__Hero_Saver__fsm_2493.md
Dreams	Dream_Final_Boss	Boss_Control_Spike_Control	Control	2332	Dreams/Dream_Final_Boss/Boss_Control_Spike_Control__Control__fsm_2332.md
Dreams	Dream_Final_Boss	Boss_Control	Control	2394	Dreams/Dream_Final_Boss/Boss_Control__Control__fsm_2394.md
Dreams	Dream_Final_Boss	Boss_Control_feather_particles	FSM	2392	Dreams/Dream_Final_Boss/Boss_Control_feather_particles__FSM__fsm_2392.md
Dreams	Dream_Final_Boss	Boss_Control_white_solid	FSM	2309	Dreams/Dream_Final_Boss/Boss_Control_white_solid__FSM__fsm_2309.md
Dreams	Dream_Final_Boss	Cloud_Hazard	damages_hero	2349	Dreams/Dream_Final_Boss/Cloud_Hazard__damages_hero__fsm_2349.md
Dreams	Dream_Final_Boss	Dream_Entry_Knight_Dream_Arrival_Spark	FSM	2357	Dreams/Dream_Final_Boss/Dream_Entry_Knight_Dream_Arrival_Spark__FSM__fsm_2357.md
Dreams	Dream_Final_Boss	Dream_Entry	Control	2356	Dreams/Dream_Final_Boss/Dream_Entry__Control__fsm_2356.md
Dreams	Dream_Final_Boss	Dream_Mage_Lord_Phase2_Appear_Flash	deactivate_after_anim	240	Dreams/Dream_Final_Boss/Dream_Mage_Lord_Phase2_Appear_Flash__deactivate_after_anim__fsm_240.md
Dreams	Dream_Final_Boss	Dream_Mage_Lord_Phase2_Fire_Effect	deactivate_after_anim	238	Dreams/Dream_Final_Boss/Dream_Mage_Lord_Phase2_Fire_Effect__deactivate_after_anim__fsm_238.md
Dreams	Dream_Final_Boss	Dream_Mage_Lord_Phase2_Orb_Spinner	Spin_Control	244	Dreams/Dream_Final_Boss/Dream_Mage_Lord_Phase2_Orb_Spinner__Spin_Control__fsm_244.md
Dreams	Dream_Final_Boss	Dream_Mage_Lord_Phase2_Orb_Spinner	Summon_Orbs	258	Dreams/Dream_Final_Boss/Dream_Mage_Lord_Phase2_Orb_Spinner__Summon_Orbs__fsm_258.md
Dreams	Dream_Final_Boss	Dream_Mage_Lord_Phase2_Orb_Spinner	deparent_and_follow	249	Dreams/Dream_Final_Boss/Dream_Mage_Lord_Phase2_Orb_Spinner__deparent_and_follow__fsm_249.md
Dreams	Dream_Final_Boss	Dream_Mage_Lord_Phase2_Quake_Blast	FSM	213	Dreams/Dream_Final_Boss/Dream_Mage_Lord_Phase2_Quake_Blast__FSM__fsm_213.md
Dreams	Dream_Final_Boss	Dream_Mage_Lord_Phase2_Quake_Hit	deactivate	255	Dreams/Dream_Final_Boss/Dream_Mage_Lord_Phase2_Quake_Hit__deactivate__fsm_255.md
Dreams	Dream_Final_Boss	Dream_Mage_Lord_Phase2_Quake_Pillar	FSM	233	Dreams/Dream_Final_Boss/Dream_Mage_Lord_Phase2_Quake_Pillar__FSM__fsm_233.md
Dreams	Dream_Final_Boss	Dream_Mage_Lord_Phase2_Silhouette_White_Flash	fade_and_deactivate	247	Dreams/Dream_Final_Boss/Dream_Mage_Lord_Phase2_Silhouette_White_Flash__fade_and_deactivate__fsm_247.md
Dreams	Dream_Final_Boss	Dream_Mage_Lord_Phase2_Silhouette	Tele_Out	223	Dreams/Dream_Final_Boss/Dream_Mage_Lord_Phase2_Silhouette__Tele_Out__fsm_223.md
Dreams	Dream_Final_Boss	Dream_Mage_Lord_Phase2_Start_Range	FSM	246	Dreams/Dream_Final_Boss/Dream_Mage_Lord_Phase2_Start_Range__FSM__fsm_246.md
Dreams	Dream_Final_Boss	Dream_Mage_Lord_Phase2_Tele_Out_Anim	deactivate_after_anim	243	Dreams/Dream_Final_Boss/Dream_Mage_Lord_Phase2_Tele_Out_Anim__deactivate_after_anim__fsm_243.md
Dreams	Dream_Final_Boss	Dream_Mage_Lord_Phase2_White_Flash	fade_and_deactivate	216	Dreams/Dream_Final_Boss/Dream_Mage_Lord_Phase2_White_Flash__fade_and_deactivate__fsm_216.md
Dreams	Dream_Final_Boss	Dream_Mage_Lord_Phase2	FSM	245	Dreams/Dream_Final_Boss/Dream_Mage_Lord_Phase2__FSM__fsm_245.md
Dreams	Dream_Final_Boss	Dream_Mage_Lord_Phase2	Mage_Lord_2	236	Dreams/Dream_Final_Boss/Dream_Mage_Lord_Phase2__Mage_Lord_2__fsm_236.md
Dreams	Dream_Final_Boss	Managers_PlayMaker_Unity_2D	PlayMaker_Unity_2D	2319	Dreams/Dream_Final_Boss/Managers_PlayMaker_Unity_2D__PlayMaker_Unity_2D__fsm_2319.md
Dreams	Dream_Final_Boss	Radiant_Beam_R	Control	269	Dreams/Dream_Final_Boss/Radiant_Beam_R__Control__fsm_269.md
Dreams	Dream_Final_Boss	Radiant_Nail_Comb_(1)	Control	2617	Dreams/Dream_Final_Boss/Radiant_Nail_Comb_(1)__Control__fsm_2617.md
Dreams	Dream_Final_Boss	Radiant_Nail_Comb	Control	268	Dreams/Dream_Final_Boss/Radiant_Nail_Comb__Control__fsm_268.md
Dreams	Dream_Final_Boss	Radiant_Nail	Control	271	Dreams/Dream_Final_Boss/Radiant_Nail__Control__fsm_271.md
Dreams	Dream_Final_Boss	Radiant_Orb	Final_Control	288	Dreams/Dream_Final_Boss/Radiant_Orb__Final_Control__fsm_288.md
Dreams	Dream_Final_Boss	Radiant_Orb	Orb_Control	231	Dreams/Dream_Final_Boss/Radiant_Orb__Orb_Control__fsm_231.md
Dreams	Dream_Final_Boss	SceneManager	disallow_dreamgate_set_and_warp	2338	Dreams/Dream_Final_Boss/SceneManager__disallow_dreamgate_set_and_warp__fsm_2338.md
Dreams	Dream_Final_Boss	Secret_Mask	unmasker	2376	Dreams/Dream_Final_Boss/Secret_Mask__unmasker__fsm_2376.md
Dreams	Dream_Final_Boss	Unnamed	Control	208	Dreams/Dream_Final_Boss/Unnamed__Control__fsm_208.md
Dreams	Dream_Final_Boss	Unnamed	Control	209	Dreams/Dream_Final_Boss/Unnamed__Control__fsm_209.md
Dreams	Dream_Final_Boss	Unnamed	FSM	207	Dreams/Dream_Final_Boss/Unnamed__FSM__fsm_207.md
Dreams	Dream_Final_Boss	Unnamed	FSM	210	Dreams/Dream_Final_Boss/Unnamed__FSM__fsm_210.md
Dreams	Dream_Final_Boss	Unnamed	FSM	211	Dreams/Dream_Final_Boss/Unnamed__FSM__fsm_211.md
Dreams	Dream_Final_Boss	Unnamed	FSM	212	Dreams/Dream_Final_Boss/Unnamed__FSM__fsm_212.md
Dreams	Dream_Final_Boss	World_Edge_(1)	Cancel	2339	Dreams/Dream_Final_Boss/World_Edge_(1)__Cancel__fsm_2339.md
Dreams	Dream_Final_Boss	dawn_set	Control	2327	Dreams/Dream_Final_Boss/dawn_set__Control__fsm_2327.md
Dreams	Dream_Guardian_Hegemol	Dream_Get_Orb	Orb_Control	40	Dreams/Dream_Guardian_Hegemol/Dream_Get_Orb__Orb_Control__fsm_40.md
Dreams	Dream_Mighty_Zote	Corpse_Grey_Prince_Burst_Head	FSM	170	Dreams/Dream_Mighty_Zote/Corpse_Grey_Prince_Burst_Head__FSM__fsm_170.md
Dreams	Dream_Mighty_Zote	Corpse_Grey_Prince	Control	181	Dreams/Dream_Mighty_Zote/Corpse_Grey_Prince__Control__fsm_181.md
Dreams	Dream_Mighty_Zote	Dream_Orb_Get_Long_Vanish_Get_Pt	Parent	149	Dreams/Dream_Mighty_Zote/Dream_Orb_Get_Long_Vanish_Get_Pt__Parent__fsm_149.md
Dreams	Dream_Mighty_Zote	Dream_Orb_Get_Long_White_Flash_Get	fade_and_destroy	147	Dreams/Dream_Mighty_Zote/Dream_Orb_Get_Long_White_Flash_Get__fade_and_destroy__fsm_147.md
Dreams	Dream_Mighty_Zote	Dream_Orb_Get_Long_White_Flash	fade_and_destroy	153	Dreams/Dream_Mighty_Zote/Dream_Orb_Get_Long_White_Flash__fade_and_destroy__fsm_153.md
Dreams	Dream_Mighty_Zote	Dream_Orb_Get_Long	Control	144	Dreams/Dream_Mighty_Zote/Dream_Orb_Get_Long__Control__fsm_144.md
Dreams	Dream_Mighty_Zote	Shockwave_Spurt_L_Z	Damage_timing	146	Dreams/Dream_Mighty_Zote/Shockwave_Spurt_L_Z__Damage_timing__fsm_146.md
Dreams	Dream_Mighty_Zote	Shockwave_Spurt_L_Z	y_rotate	152	Dreams/Dream_Mighty_Zote/Shockwave_Spurt_L_Z__y_rotate__fsm_152.md
Dreams	Dream_Mighty_Zote	Shockwave_Spurt_Z	Damage_timing	159	Dreams/Dream_Mighty_Zote/Shockwave_Spurt_Z__Damage_timing__fsm_159.md
Dreams	Dream_Mighty_Zote	Shockwave_Wave_Z	Spawn	167	Dreams/Dream_Mighty_Zote/Shockwave_Wave_Z__Spawn__fsm_167.md
Dreams	Dream_Mighty_Zote	Shockwave_Wave_Z	shockwave	160	Dreams/Dream_Mighty_Zote/Shockwave_Wave_Z__shockwave__fsm_160.md
Dreams	Dream_Mighty_Zote	Unnamed	FSM	143	Dreams/Dream_Mighty_Zote/Unnamed__FSM__fsm_143.md
Dreams	Dream_Nailcollection	UI_Msg_Get_Item_White_BG	color_fader	464	Dreams/Dream_Nailcollection/UI_Msg_Get_Item_White_BG__color_fader__fsm_464.md
Dreams	Dream_Nailcollection	UI_Msg_Get_Item_White_Button_Label	color_fader	472	Dreams/Dream_Nailcollection/UI_Msg_Get_Item_White_Button_Label__color_fader__fsm_472.md
Dreams	Dream_Nailcollection	UI_Msg_Get_Item_White_Button	color_fader	471	Dreams/Dream_Nailcollection/UI_Msg_Get_Item_White_Button__color_fader__fsm_471.md
Dreams	Dream_Nailcollection	UI_Msg_Get_Item_White_Button	proxy_event_handler	473	Dreams/Dream_Nailcollection/UI_Msg_Get_Item_White_Button__proxy_event_handler__fsm_473.md
Dreams	Dream_Nailcollection	UI_Msg_Get_Item_White_Fleur	color_fader	462	Dreams/Dream_Nailcollection/UI_Msg_Get_Item_White_Fleur__color_fader__fsm_462.md
Dreams	Dream_Nailcollection	UI_Msg_Get_Item_White_Icon	color_fader	480	Dreams/Dream_Nailcollection/UI_Msg_Get_Item_White_Icon__color_fader__fsm_480.md
Dreams	Dream_Nailcollection	UI_Msg_Get_Item_White_Item_Name_Prefix	color_fader	461	Dreams/Dream_Nailcollection/UI_Msg_Get_Item_White_Item_Name_Prefix__color_fader__fsm_461.md
Dreams	Dream_Nailcollection	UI_Msg_Get_Item_White_Item_Name	color_fader	474	Dreams/Dream_Nailcollection/UI_Msg_Get_Item_White_Item_Name__color_fader__fsm_474.md
Dreams	Dream_Nailcollection	UI_Msg_Get_Item_White_Msg_1	color_fader	478	Dreams/Dream_Nailcollection/UI_Msg_Get_Item_White_Msg_1__color_fader__fsm_478.md
Dreams	Dream_Nailcollection	UI_Msg_Get_Item_White_Msg_2	color_fader	469	Dreams/Dream_Nailcollection/UI_Msg_Get_Item_White_Msg_2__color_fader__fsm_469.md
Dreams	Dream_Nailcollection	UI_Msg_Get_Item_White_Press	color_fader	465	Dreams/Dream_Nailcollection/UI_Msg_Get_Item_White_Press__color_fader__fsm_465.md
Dreams	Dream_Nailcollection	UI_Msg_Get_Item_White_Stop	color_fader	477	Dreams/Dream_Nailcollection/UI_Msg_Get_Item_White_Stop__color_fader__fsm_477.md
Dreams	Dream_Nailcollection	UI_Msg_Get_Item_White	Msg_Control	479	Dreams/Dream_Nailcollection/UI_Msg_Get_Item_White__Msg_Control__fsm_479.md
Dreams	Dream_Nailcollection	Unnamed	Bob	456	Dreams/Dream_Nailcollection/Unnamed__Bob__fsm_456.md
Fungal_Wastes	Fungus2_03	Corpse_Fungoon_Baby	corpse_balloon	142	Fungal_Wastes/Fungus2_03/Corpse_Fungoon_Baby__corpse_balloon__fsm_142.md
Fungal_Wastes	Fungus2_03	Corpse_Fungus_Flyer	corpse_balloon	141	Fungal_Wastes/Fungus2_03/Corpse_Fungus_Flyer__corpse_balloon__fsm_141.md
Fungal_Wastes	Fungus2_03	Gas_Projectile	Gas_Control	145	Fungal_Wastes/Fungus2_03/Gas_Projectile__Gas_Control__fsm_145.md
Fungal_Wastes	Fungus2_03	Spore_Bomb	Rotate_By_Speed	171	Fungal_Wastes/Fungus2_03/Spore_Bomb__Rotate_By_Speed__fsm_171.md
Fungal_Wastes	Fungus2_03	Spore_Bomb	Spore_Bomb	170	Fungal_Wastes/Fungus2_03/Spore_Bomb__Spore_Bomb__fsm_170.md
Fungal_Wastes	Fungus2_03	Unnamed	FSM	133	Fungal_Wastes/Fungus2_03/Unnamed__FSM__fsm_133.md
Fungal_Wastes	Fungus2_04	Unnamed	Control	44	Fungal_Wastes/Fungus2_04/Unnamed__Control__fsm_44.md
Fungal_Wastes	Fungus2_06	Spatter_White_Acid_Detector	Detect	53	Fungal_Wastes/Fungus2_06/Spatter_White_Acid_Detector__Detect__fsm_53.md
Fungal_Wastes	Fungus2_06	Spatter_White_Splash	Splash_Control	56	Fungal_Wastes/Fungus2_06/Spatter_White_Splash__Splash_Control__fsm_56.md
Fungal_Wastes	Fungus2_06	Spatter_White_Splash	destroy_after_delay	54	Fungal_Wastes/Fungus2_06/Spatter_White_Splash__destroy_after_delay__fsm_54.md
Fungal_Wastes	Fungus2_06	Spatter_White	Droplet_Control	55	Fungal_Wastes/Fungus2_06/Spatter_White__Droplet_Control__fsm_55.md
Fungal_Wastes	Fungus2_07	Corpse_Mushroom_Roller	Audio	60	Fungal_Wastes/Fungus2_07/Corpse_Mushroom_Roller__Audio__fsm_60.md
Fungal_Wastes	Fungus2_07	Gas_Projectile_Quick	Gas_Control	48	Fungal_Wastes/Fungus2_07/Gas_Projectile_Quick__Gas_Control__fsm_48.md
Fungal_Wastes	Fungus2_09	Acid_Control_v2_Acid_Box	Acid_Armour_Check	36	Fungal_Wastes/Fungus2_09/Acid_Control_v2_Acid_Box__Acid_Armour_Check__fsm_36.md
Fungal_Wastes	Fungus2_09	Acid_Control_v2_Acid_Box	damages_enemy	34	Fungal_Wastes/Fungus2_09/Acid_Control_v2_Acid_Box__damages_enemy__fsm_34.md
Fungal_Wastes	Fungus2_09	Acid_Control_v2_Acid_Box	enemy_message	37	Fungal_Wastes/Fungus2_09/Acid_Control_v2_Acid_Box__enemy_message__fsm_37.md
Fungal_Wastes	Fungus2_09	Acid_Control_v2_Corpse_Message	enemy_message	32	Fungal_Wastes/Fungus2_09/Acid_Control_v2_Corpse_Message__enemy_message__fsm_32.md
Fungal_Wastes	Fungus2_09	Acid_Control_v2_GO_UP_Message	enemy_message	28	Fungal_Wastes/Fungus2_09/Acid_Control_v2_GO_UP_Message__enemy_message__fsm_28.md
Fungal_Wastes	Fungus2_09	Acid_Control_v2_Surface_Water_Region	Acid_Armour_Check	33	Fungal_Wastes/Fungus2_09/Acid_Control_v2_Surface_Water_Region__Acid_Armour_Check__fsm_33.md
Fungal_Wastes	Fungus2_09	Acid_Control_v2_Surface_Water_Region	Surface_Water_Region	29	Fungal_Wastes/Fungus2_09/Acid_Control_v2_Surface_Water_Region__Surface_Water_Region__fsm_29.md
Fungal_Wastes	Fungus2_12	Corpse_Mantis_Chunks_Chunk_1_(1)	Acid_Burn	267	Fungal_Wastes/Fungus2_12/Corpse_Mantis_Chunks_Chunk_1_(1)__Acid_Burn__fsm_267.md
Fungal_Wastes	Fungus2_12	Corpse_Mantis_Chunks_Chunk_1_(1)	FSM	253	Fungal_Wastes/Fungus2_12/Corpse_Mantis_Chunks_Chunk_1_(1)__FSM__fsm_253.md
Fungal_Wastes	Fungus2_12	Corpse_Mantis_Chunks_Chunk_1_(1)	check_enemy_message	252	Fungal_Wastes/Fungus2_12/Corpse_Mantis_Chunks_Chunk_1_(1)__check_enemy_message__fsm_252.md
Fungal_Wastes	Fungus2_12	Corpse_Mantis_Chunks_Chunk_1_(2)	Acid_Burn	198	Fungal_Wastes/Fungus2_12/Corpse_Mantis_Chunks_Chunk_1_(2)__Acid_Burn__fsm_198.md
Fungal_Wastes	Fungus2_12	Corpse_Mantis_Chunks_Chunk_1_(2)	FSM	199	Fungal_Wastes/Fungus2_12/Corpse_Mantis_Chunks_Chunk_1_(2)__FSM__fsm_199.md
Fungal_Wastes	Fungus2_12	Corpse_Mantis_Chunks_Chunk_1_(2)	check_enemy_message	266	Fungal_Wastes/Fungus2_12/Corpse_Mantis_Chunks_Chunk_1_(2)__check_enemy_message__fsm_266.md
Fungal_Wastes	Fungus2_12	Corpse_Mantis_Chunks_Chunk_1_(3)	Acid_Burn	205	Fungal_Wastes/Fungus2_12/Corpse_Mantis_Chunks_Chunk_1_(3)__Acid_Burn__fsm_205.md
Fungal_Wastes	Fungus2_12	Corpse_Mantis_Chunks_Chunk_1_(3)	FSM	194	Fungal_Wastes/Fungus2_12/Corpse_Mantis_Chunks_Chunk_1_(3)__FSM__fsm_194.md
Fungal_Wastes	Fungus2_12	Corpse_Mantis_Chunks_Chunk_1_(3)	check_enemy_message	191	Fungal_Wastes/Fungus2_12/Corpse_Mantis_Chunks_Chunk_1_(3)__check_enemy_message__fsm_191.md
Fungal_Wastes	Fungus2_12	Corpse_Mantis_Chunks_Chunk_1_(4)	Acid_Burn	212	Fungal_Wastes/Fungus2_12/Corpse_Mantis_Chunks_Chunk_1_(4)__Acid_Burn__fsm_212.md
Fungal_Wastes	Fungus2_12	Corpse_Mantis_Chunks_Chunk_1_(4)	FSM	208	Fungal_Wastes/Fungus2_12/Corpse_Mantis_Chunks_Chunk_1_(4)__FSM__fsm_208.md
Fungal_Wastes	Fungus2_12	Corpse_Mantis_Chunks_Chunk_1_(4)	check_enemy_message	210	Fungal_Wastes/Fungus2_12/Corpse_Mantis_Chunks_Chunk_1_(4)__check_enemy_message__fsm_210.md
Fungal_Wastes	Fungus2_12	Corpse_Mantis_Chunks_Chunk_1_(5)	Acid_Burn	247	Fungal_Wastes/Fungus2_12/Corpse_Mantis_Chunks_Chunk_1_(5)__Acid_Burn__fsm_247.md
Fungal_Wastes	Fungus2_12	Corpse_Mantis_Chunks_Chunk_1_(5)	FSM	222	Fungal_Wastes/Fungus2_12/Corpse_Mantis_Chunks_Chunk_1_(5)__FSM__fsm_222.md
Fungal_Wastes	Fungus2_12	Corpse_Mantis_Chunks_Chunk_1_(5)	check_enemy_message	236	Fungal_Wastes/Fungus2_12/Corpse_Mantis_Chunks_Chunk_1_(5)__check_enemy_message__fsm_236.md
Fungal_Wastes	Fungus2_12	Corpse_Mantis_Chunks_Chunk_1_(6)	Acid_Burn	272	Fungal_Wastes/Fungus2_12/Corpse_Mantis_Chunks_Chunk_1_(6)__Acid_Burn__fsm_272.md
Fungal_Wastes	Fungus2_12	Corpse_Mantis_Chunks_Chunk_1_(6)	FSM	273	Fungal_Wastes/Fungus2_12/Corpse_Mantis_Chunks_Chunk_1_(6)__FSM__fsm_273.md
Fungal_Wastes	Fungus2_12	Corpse_Mantis_Chunks_Chunk_1_(6)	check_enemy_message	279	Fungal_Wastes/Fungus2_12/Corpse_Mantis_Chunks_Chunk_1_(6)__check_enemy_message__fsm_279.md
Fungal_Wastes	Fungus2_12	Corpse_Mantis_Chunks_Chunk_1_(7)	Acid_Burn	271	Fungal_Wastes/Fungus2_12/Corpse_Mantis_Chunks_Chunk_1_(7)__Acid_Burn__fsm_271.md
Fungal_Wastes	Fungus2_12	Corpse_Mantis_Chunks_Chunk_1_(7)	FSM	211	Fungal_Wastes/Fungus2_12/Corpse_Mantis_Chunks_Chunk_1_(7)__FSM__fsm_211.md
Fungal_Wastes	Fungus2_12	Corpse_Mantis_Chunks_Chunk_1_(7)	check_enemy_message	255	Fungal_Wastes/Fungus2_12/Corpse_Mantis_Chunks_Chunk_1_(7)__check_enemy_message__fsm_255.md
Fungal_Wastes	Fungus2_12	Corpse_Mantis_Chunks_Chunk_1	Acid_Burn	258	Fungal_Wastes/Fungus2_12/Corpse_Mantis_Chunks_Chunk_1__Acid_Burn__fsm_258.md
Fungal_Wastes	Fungus2_12	Corpse_Mantis_Chunks_Chunk_1	FSM	254	Fungal_Wastes/Fungus2_12/Corpse_Mantis_Chunks_Chunk_1__FSM__fsm_254.md
Fungal_Wastes	Fungus2_12	Corpse_Mantis_Chunks_Chunk_1	check_enemy_message	238	Fungal_Wastes/Fungus2_12/Corpse_Mantis_Chunks_Chunk_1__check_enemy_message__fsm_238.md
Fungal_Wastes	Fungus2_12	Corpse_Mantis_Effects_Spit_Effect	FSM	209	Fungal_Wastes/Fungus2_12/Corpse_Mantis_Effects_Spit_Effect__FSM__fsm_209.md
Fungal_Wastes	Fungus2_12	Corpse_Mantis_Effects_Splat_Effect	FSM	195	Fungal_Wastes/Fungus2_12/Corpse_Mantis_Effects_Splat_Effect__FSM__fsm_195.md
Fungal_Wastes	Fungus2_12	Corpse_Mantis_Flyer_Chunks	Fling	265	Fungal_Wastes/Fungus2_12/Corpse_Mantis_Flyer_Chunks__Fling__fsm_265.md
Fungal_Wastes	Fungus2_12	Corpse_Mantis_Flyer_Chunks_death_chunks_0000_a_(1)	Acid_Burn	241	Fungal_Wastes/Fungus2_12/Corpse_Mantis_Flyer_Chunks_death_chunks_0000_a_(1)__Acid_Burn__fsm_241.md
Fungal_Wastes	Fungus2_12	Corpse_Mantis_Flyer_Chunks_death_chunks_0000_a_(2)	Acid_Burn	257	Fungal_Wastes/Fungus2_12/Corpse_Mantis_Flyer_Chunks_death_chunks_0000_a_(2)__Acid_Burn__fsm_257.md
Fungal_Wastes	Fungus2_12	Corpse_Mantis_Flyer_Chunks_death_chunks_0000_a_(3)	Acid_Burn	240	Fungal_Wastes/Fungus2_12/Corpse_Mantis_Flyer_Chunks_death_chunks_0000_a_(3)__Acid_Burn__fsm_240.md
Fungal_Wastes	Fungus2_12	Corpse_Mantis_Flyer_Chunks_death_chunks_0000_a_(4)	Acid_Burn	277	Fungal_Wastes/Fungus2_12/Corpse_Mantis_Flyer_Chunks_death_chunks_0000_a_(4)__Acid_Burn__fsm_277.md
Fungal_Wastes	Fungus2_12	Corpse_Mantis_Flyer_Chunks_death_chunks_0000_a_(5)	Acid_Burn	227	Fungal_Wastes/Fungus2_12/Corpse_Mantis_Flyer_Chunks_death_chunks_0000_a_(5)__Acid_Burn__fsm_227.md
Fungal_Wastes	Fungus2_12	Corpse_Mantis_Flyer_Chunks_death_chunks_0000_a_(6)	Acid_Burn	226	Fungal_Wastes/Fungus2_12/Corpse_Mantis_Flyer_Chunks_death_chunks_0000_a_(6)__Acid_Burn__fsm_226.md
Fungal_Wastes	Fungus2_12	Corpse_Mantis_Flyer_Chunks_death_chunks_0000_a_(7)	Acid_Burn	248	Fungal_Wastes/Fungus2_12/Corpse_Mantis_Flyer_Chunks_death_chunks_0000_a_(7)__Acid_Burn__fsm_248.md
Fungal_Wastes	Fungus2_12	Corpse_Mantis_Flyer_Chunks_death_chunks_0000_a	Acid_Burn	242	Fungal_Wastes/Fungus2_12/Corpse_Mantis_Flyer_Chunks_death_chunks_0000_a__Acid_Burn__fsm_242.md
Fungal_Wastes	Fungus2_12	Corpse_Mantis	Corpse_Mantis	213	Fungal_Wastes/Fungus2_12/Corpse_Mantis__Corpse_Mantis__fsm_213.md
Fungal_Wastes	Fungus2_12	Mantis_Flyer_Child_Attack_Range	FSM	232	Fungal_Wastes/Fungus2_12/Mantis_Flyer_Child_Attack_Range__FSM__fsm_232.md
Fungal_Wastes	Fungus2_12	Mantis_Flyer_Child_Wake_Region	FSM	249	Fungal_Wastes/Fungus2_12/Mantis_Flyer_Child_Wake_Region__FSM__fsm_249.md
Fungal_Wastes	Fungus2_12	Mantis_Flyer_Child	Mantis_Flyer	278	Fungal_Wastes/Fungus2_12/Mantis_Flyer_Child__Mantis_Flyer__fsm_278.md
Fungal_Wastes	Fungus2_12	Unnamed	Acid_Burn	188	Fungal_Wastes/Fungus2_12/Unnamed__Acid_Burn__fsm_188.md
Fungal_Wastes	Fungus2_12	Unnamed	check_enemy_message	189	Fungal_Wastes/Fungus2_12/Unnamed__check_enemy_message__fsm_189.md
Fungal_Wastes	Fungus2_15_boss	Corpse_Mantis_Lord_First	Corpse	75	Fungal_Wastes/Fungus2_15_boss/Corpse_Mantis_Lord_First__Corpse__fsm_75.md
Fungal_Wastes	Fungus2_15_boss	Corpse_Mantis_Lord	Corpse	74	Fungal_Wastes/Fungus2_15_boss/Corpse_Mantis_Lord__Corpse__fsm_74.md
Fungal_Wastes	Fungus2_15_boss	Shot_Mantis_Lord	Control	88	Fungal_Wastes/Fungus2_15_boss/Shot_Mantis_Lord__Control__fsm_88.md
Fungal_Wastes	Fungus2_15_boss	Unnamed	Mantis_Throne_Sub	72	Fungal_Wastes/Fungus2_15_boss/Unnamed__Mantis_Throne_Sub__fsm_72.md
Fungal_Wastes	Fungus2_15_boss	Unnamed	Mantis_Throne_Sub	73	Fungal_Wastes/Fungus2_15_boss/Unnamed__Mantis_Throne_Sub__fsm_73.md
Fungal_Wastes	Fungus2_15_boss	Unnamed	Sit_Up	71	Fungal_Wastes/Fungus2_15_boss/Unnamed__Sit_Up__fsm_71.md
Fungal_Wastes	Fungus2_15_boss	Unnamed	Start	70	Fungal_Wastes/Fungus2_15_boss/Unnamed__Start__fsm_70.md
Fungal_Wastes	Fungus2_26	Shop_Item_Ch_Glass_Attack_Brk	Shift_pos	119	Fungal_Wastes/Fungus2_26/Shop_Item_Ch_Glass_Attack_Brk__Shift_pos__fsm_119.md
Fungal_Wastes	Fungus2_26	Shop_Item_Ch_Glass_Attack	Shift_pos	120	Fungal_Wastes/Fungus2_26/Shop_Item_Ch_Glass_Attack__Shift_pos__fsm_120.md
Fungal_Wastes	Fungus2_26	Shop_Item_Ch_Glass_Geo_Brk	Shift_pos	121	Fungal_Wastes/Fungus2_26/Shop_Item_Ch_Glass_Geo_Brk__Shift_pos__fsm_121.md
Fungal_Wastes	Fungus2_26	Shop_Item_Ch_Glass_Geo	Shift_pos	118	Fungal_Wastes/Fungus2_26/Shop_Item_Ch_Glass_Geo__Shift_pos__fsm_118.md
Fungal_Wastes	Fungus2_26	Shop_Item_Ch_Glass_HP_Brk	Shift_pos	122	Fungal_Wastes/Fungus2_26/Shop_Item_Ch_Glass_HP_Brk__Shift_pos__fsm_122.md
Fungal_Wastes	Fungus2_26	Shop_Item_Ch_Glass_HP	Shift_pos	123	Fungal_Wastes/Fungus2_26/Shop_Item_Ch_Glass_HP__Shift_pos__fsm_123.md
Fungal_Wastes	Fungus2_30	Flameball_Spinner_2	Spin	128	Fungal_Wastes/Fungus2_30/Flameball_Spinner_2__Spin__fsm_128.md
Fungal_Wastes	Fungus2_30	Flamebearer_Large_Explode_Effects_Flame_Pillar	FSM	124	Fungal_Wastes/Fungus2_30/Flamebearer_Large_Explode_Effects_Flame_Pillar__FSM__fsm_124.md
Fungal_Wastes	Fungus2_30	Flamebearer_Large_Flash	FSM	116	Fungal_Wastes/Fungus2_30/Flamebearer_Large_Flash__FSM__fsm_116.md
Fungal_Wastes	Fungus2_30	Flamebearer_Large_Loop_Laugh	Fade	115	Fungal_Wastes/Fungus2_30/Flamebearer_Large_Loop_Laugh__Fade__fsm_115.md
Fungal_Wastes	Fungus2_30	Flamebearer_Large_Teleport_Effects_Flame_Pillar	FSM	136	Fungal_Wastes/Fungus2_30/Flamebearer_Large_Teleport_Effects_Flame_Pillar__FSM__fsm_136.md
Fungal_Wastes	Fungus2_30	Flamebearer_Large_Teleport_Effects	Tele_Effects	112	Fungal_Wastes/Fungus2_30/Flamebearer_Large_Teleport_Effects__Tele_Effects__fsm_112.md
Fungal_Wastes	Fungus2_30	Flamebearer_Large	Control	133	Fungal_Wastes/Fungus2_30/Flamebearer_Large__Control__fsm_133.md
Fungal_Wastes	Fungus2_30	Flamebearer_Large	hp_scaler	123	Fungal_Wastes/Fungus2_30/Flamebearer_Large__hp_scaler__fsm_123.md
Fungal_Wastes	Fungus2_32	Ghost_Death_Hu	Control	115	Fungal_Wastes/Fungus2_32/Ghost_Death_Hu__Control__fsm_115.md
Fungal_Wastes	Fungus2_32	Ghost_Death_Slug	Control	116	Fungal_Wastes/Fungus2_32/Ghost_Death_Slug__Control__fsm_116.md
Fungal_Wastes	Fungus2_32	Ghost_Warrior_Slug_Warp_Out	Screen_Shake	100	Fungal_Wastes/Fungus2_32/Ghost_Warrior_Slug_Warp_Out__Screen_Shake__fsm_100.md
Fungal_Wastes	Fungus2_32	Ghost_Warrior_Slug_Warp	Screen_Shake	92	Fungal_Wastes/Fungus2_32/Ghost_Warrior_Slug_Warp__Screen_Shake__fsm_92.md
Fungal_Wastes	Fungus2_32	Ghost_Warrior_Slug	Attacking	111	Fungal_Wastes/Fungus2_32/Ghost_Warrior_Slug__Attacking__fsm_111.md
Fungal_Wastes	Fungus2_32	Ghost_Warrior_Slug	Distance_Attack	96	Fungal_Wastes/Fungus2_32/Ghost_Warrior_Slug__Distance_Attack__fsm_96.md
Fungal_Wastes	Fungus2_32	Ghost_Warrior_Slug	FSM	122	Fungal_Wastes/Fungus2_32/Ghost_Warrior_Slug__FSM__fsm_122.md
Fungal_Wastes	Fungus2_32	Ghost_Warrior_Slug	Movement	91	Fungal_Wastes/Fungus2_32/Ghost_Warrior_Slug__Movement__fsm_91.md
Fungal_Wastes	Fungus2_32	Ghost_Warrior_Slug	Set_Ghost_PD_Int	94	Fungal_Wastes/Fungus2_32/Ghost_Warrior_Slug__Set_Ghost_PD_Int__fsm_94.md
Fungal_Wastes	Fungus2_32	Ghost_Warrior_Slug	Warp_messenger	98	Fungal_Wastes/Fungus2_32/Ghost_Warrior_Slug__Warp_messenger__fsm_98.md
Fungal_Wastes	Room_Fungus_Shaman	Impact_Lines	FSM	3466	Fungal_Wastes/Room_Fungus_Shaman/Impact_Lines__FSM__fsm_3466.md
Fungal_Wastes	Room_Fungus_Shaman	Knight_Get_Scream	Get_Scream	3484	Fungal_Wastes/Room_Fungus_Shaman/Knight_Get_Scream__Get_Scream__fsm_3484.md
Fungal_Wastes	Room_Fungus_Shaman	Knight_Get_Scream_white_light_1	fade_and_destroy	3460	Fungal_Wastes/Room_Fungus_Shaman/Knight_Get_Scream_white_light_1__fade_and_destroy__fsm_3460.md
Fungal_Wastes	Room_Fungus_Shaman	Knight_Get_Scream_white_light	fade_and_destroy	3468	Fungal_Wastes/Room_Fungus_Shaman/Knight_Get_Scream_white_light__fade_and_destroy__fsm_3468.md
Fungal_Wastes	Room_Fungus_Shaman	Mosquito	FSM	3470	Fungal_Wastes/Room_Fungus_Shaman/Mosquito__FSM__fsm_3470.md
Fungal_Wastes	Room_Fungus_Shaman	Mosquito	Mozzie	3479	Fungal_Wastes/Room_Fungus_Shaman/Mosquito__Mozzie__fsm_3479.md
Fungal_Wastes	Room_Fungus_Shaman	Unnamed	FSM	3454	Fungal_Wastes/Room_Fungus_Shaman/Unnamed__FSM__fsm_3454.md
Fungal_Wastes	Room_Fungus_Shaman	Unnamed	FSM	3455	Fungal_Wastes/Room_Fungus_Shaman/Unnamed__FSM__fsm_3455.md
Godhome	GG_Atrium	Unnamed	FSM	607	Godhome/GG_Atrium/Unnamed__FSM__fsm_607.md
Godhome	GG_Broken_Vessel	Unnamed	Control	128	Godhome/GG_Broken_Vessel/Unnamed__Control__fsm_128.md
Godhome	GG_Broken_Vessel	Unnamed	FSM	127	Godhome/GG_Broken_Vessel/Unnamed__FSM__fsm_127.md
Godhome	GG_Broken_Vessel	gg_battle_transitions	Transitions	150	Godhome/GG_Broken_Vessel/gg_battle_transitions__Transitions__fsm_150.md
Godhome	GG_Broken_Vessel	gg_battle_transitions_battle_end_white_palace_particles	FSM	145	Godhome/GG_Broken_Vessel/gg_battle_transitions_battle_end_white_palace_particles__FSM__fsm_145.md
Godhome	GG_Broken_Vessel	gg_battle_transitions_battle_enter_Particle_System_BG_(1)	FSM	151	Godhome/GG_Broken_Vessel/gg_battle_transitions_battle_enter_Particle_System_BG_(1)__FSM__fsm_151.md
Godhome	GG_Broken_Vessel	gg_battle_transitions_battle_enter_Particle_System_BG_(2)	FSM	137	Godhome/GG_Broken_Vessel/gg_battle_transitions_battle_enter_Particle_System_BG_(2)__FSM__fsm_137.md
Godhome	GG_Broken_Vessel	gg_battle_transitions_battle_enter_Particle_System_FG_(1)	FSM	129	Godhome/GG_Broken_Vessel/gg_battle_transitions_battle_enter_Particle_System_FG_(1)__FSM__fsm_129.md
Godhome	GG_Broken_Vessel	gg_battle_transitions_battle_enter_knight_follow_magic	FSM	132	Godhome/GG_Broken_Vessel/gg_battle_transitions_battle_enter_knight_follow_magic__FSM__fsm_132.md
Godhome	GG_Broken_Vessel	gg_battle_transitions_battle_final_white_palace_particles	FSM	154	Godhome/GG_Broken_Vessel/gg_battle_transitions_battle_final_white_palace_particles__FSM__fsm_154.md
Godhome	GG_Collector_V	Colosseum_Armoured_Mosquito_R	Mozzie2	77	Godhome/GG_Collector_V/Colosseum_Armoured_Mosquito_R__Mozzie2__fsm_77.md
Godhome	GG_Collector_V	Colosseum_Armoured_Roller_R_Bouncer	Detect_Bounce	69	Godhome/GG_Collector_V/Colosseum_Armoured_Roller_R_Bouncer__Detect_Bounce__fsm_69.md
Godhome	GG_Collector_V	Colosseum_Armoured_Roller_R	Roller	61	Godhome/GG_Collector_V/Colosseum_Armoured_Roller_R__Roller__fsm_61.md
Godhome	GG_Collector_V	Super_Spitter_R_Unalert_Range	FSM	68	Godhome/GG_Collector_V/Super_Spitter_R_Unalert_Range__FSM__fsm_68.md
Godhome	GG_Collector_V	Super_Spitter_R	spitter	65	Godhome/GG_Collector_V/Super_Spitter_R__spitter__fsm_65.md
Godhome	GG_Door_5_Finale	Managers_PlayMaker_Unity_2D	PlayMaker_Unity_2D	641	Godhome/GG_Door_5_Finale/Managers_PlayMaker_Unity_2D__PlayMaker_Unity_2D__fsm_641.md
Godhome	GG_Door_5_Finale	abyss_door_5_cutscene_sequence_Audio_Fader	FSM	647	Godhome/GG_Door_5_Finale/abyss_door_5_cutscene_sequence_Audio_Fader__FSM__fsm_647.md
Godhome	GG_Door_5_Finale	abyss_door_5_cutscene_sequence	Sequence_Control	649	Godhome/GG_Door_5_Finale/abyss_door_5_cutscene_sequence__Sequence_Control__fsm_649.md
Godhome	GG_Engine_Prime	Unnamed	FSM	2	Godhome/GG_Engine_Prime/Unnamed__FSM__fsm_2.md
Godhome	GG_Hollow_Knight	Corpse_HK_Prime_Burst_1_Burst_Line_(1)	Control	188	Godhome/GG_Hollow_Knight/Corpse_HK_Prime_Burst_1_Burst_Line_(1)__Control__fsm_188.md
Godhome	GG_Hollow_Knight	Corpse_HK_Prime_Burst_1_Burst_Line	Control	174	Godhome/GG_Hollow_Knight/Corpse_HK_Prime_Burst_1_Burst_Line__Control__fsm_174.md
Godhome	GG_Hollow_Knight	Corpse_HK_Prime_Burst_2_Burst_Line_(1)	Control	191	Godhome/GG_Hollow_Knight/Corpse_HK_Prime_Burst_2_Burst_Line_(1)__Control__fsm_191.md
Godhome	GG_Hollow_Knight	Corpse_HK_Prime_Burst_2_Burst_Line	Control	187	Godhome/GG_Hollow_Knight/Corpse_HK_Prime_Burst_2_Burst_Line__Control__fsm_187.md
Godhome	GG_Hollow_Knight	Corpse_HK_Prime	corpse	161	Godhome/GG_Hollow_Knight/Corpse_HK_Prime__corpse__fsm_161.md
Godhome	GG_Hollow_Knight	HK_Plume_Prime	FSM	165	Godhome/GG_Hollow_Knight/HK_Plume_Prime__FSM__fsm_165.md
Godhome	GG_Hollow_Knight	Shot_HK_Shadow	Control	184	Godhome/GG_Hollow_Knight/Shot_HK_Shadow__Control__fsm_184.md
Godhome	GG_Hollow_Knight	Unnamed	Control	159	Godhome/GG_Hollow_Knight/Unnamed__Control__fsm_159.md
Godhome	GG_Hollow_Knight	Unnamed	Control	160	Godhome/GG_Hollow_Knight/Unnamed__Control__fsm_160.md
Godhome	GG_Hornet_1	Corpse_Hornet_GG	Control	30	Godhome/GG_Hornet_1/Corpse_Hornet_GG__Control__fsm_30.md
Godhome	GG_Lurker	Corpse_Pale_Lurker_Shiny_Item_Key_Inspect_Region_Prompt_Marker	Prompt	106	Godhome/GG_Lurker/Corpse_Pale_Lurker_Shiny_Item_Key_Inspect_Region_Prompt_Marker__Prompt__fsm_106.md
Godhome	GG_Lurker	Corpse_Pale_Lurker_Shiny_Item_Key_Inspect_Region	inspect	94	Godhome/GG_Lurker/Corpse_Pale_Lurker_Shiny_Item_Key_Inspect_Region__inspect__fsm_94.md
Godhome	GG_Lurker	Corpse_Pale_Lurker_Shiny_Item_Key	Generate_Wave	112	Godhome/GG_Lurker/Corpse_Pale_Lurker_Shiny_Item_Key__Generate_Wave__fsm_112.md
Godhome	GG_Lurker	Corpse_Pale_Lurker_Shiny_Item_Key	Shiny_Control	108	Godhome/GG_Lurker/Corpse_Pale_Lurker_Shiny_Item_Key__Shiny_Control__fsm_108.md
Godhome	GG_Lurker	Corpse_Pale_Lurker	Send_Retract_Event	95	Godhome/GG_Lurker/Corpse_Pale_Lurker__Send_Retract_Event__fsm_95.md
Godhome	GG_Lurker	Lurker_Barb	Control	104	Godhome/GG_Lurker/Lurker_Barb__Control__fsm_104.md
Godhome	GG_Mantis_Lords_V	Mimic_Spider_Alert_Range_Encountered	alert_range	70	Godhome/GG_Mantis_Lords_V/Mimic_Spider_Alert_Range_Encountered__alert_range__fsm_70.md
Godhome	GG_Mantis_Lords_V	Mimic_Spider_Alert_Range	alert_range	65	Godhome/GG_Mantis_Lords_V/Mimic_Spider_Alert_Range__alert_range__fsm_65.md
Godhome	GG_Mantis_Lords_V	Mimic_Spider	Climb	67	Godhome/GG_Mantis_Lords_V/Mimic_Spider__Climb__fsm_67.md
Godhome	GG_Mantis_Lords_V	Mimic_Spider	Glob_Audio	75	Godhome/GG_Mantis_Lords_V/Mimic_Spider__Glob_Audio__fsm_75.md
Godhome	GG_Mantis_Lords_V	Mimic_Spider	Mimic_Spider	60	Godhome/GG_Mantis_Lords_V/Mimic_Spider__Mimic_Spider__fsm_60.md
Godhome	GG_Mantis_Lords_V	Mimic_Spider	constrain_x	73	Godhome/GG_Mantis_Lords_V/Mimic_Spider__constrain_x__fsm_73.md
Godhome	GG_Mantis_Lords_V	Unnamed	Mantis_Throne_Sub	54	Godhome/GG_Mantis_Lords_V/Unnamed__Mantis_Throne_Sub__fsm_54.md
Godhome	GG_Mantis_Lords_V	Unnamed	Mantis_Throne_Sub	55	Godhome/GG_Mantis_Lords_V/Unnamed__Mantis_Throne_Sub__fsm_55.md
Godhome	GG_Mantis_Lords_V	Unnamed	Start	53	Godhome/GG_Mantis_Lords_V/Unnamed__Start__fsm_53.md
Godhome	GG_Mighty_Zote	Corpse_Zote_Ordeal_First	Control	85	Godhome/GG_Mighty_Zote/Corpse_Zote_Ordeal_First__Control__fsm_85.md
Godhome	GG_Mighty_Zote	Corpse_Zote_Ordeal_First_white_solid	FSM	80	Godhome/GG_Mighty_Zote/Corpse_Zote_Ordeal_First_white_solid__FSM__fsm_80.md
Godhome	GG_Mighty_Zote	Shockwave_Wave_Short	Spawn	68	Godhome/GG_Mighty_Zote/Shockwave_Wave_Short__Spawn__fsm_68.md
Godhome	GG_Mighty_Zote	Shockwave_Wave_Short	shockwave	67	Godhome/GG_Mighty_Zote/Shockwave_Wave_Short__shockwave__fsm_67.md
Godhome	GG_Mighty_Zote	Zote_Crew_Death_Head	Control	77	Godhome/GG_Mighty_Zote/Zote_Crew_Death_Head__Control__fsm_77.md
Godhome	GG_Mighty_Zote	Zote_Crew_Death	FSM	72	Godhome/GG_Mighty_Zote/Zote_Crew_Death__FSM__fsm_72.md
Godhome	GG_Nailmasters	Unnamed	FSM	24	Godhome/GG_Nailmasters/Unnamed__FSM__fsm_24.md
Godhome	GG_Nosk_Hornet	Corpse_Hornet_Nosk_Head	Head_Control	32	Godhome/GG_Nosk_Hornet/Corpse_Hornet_Nosk_Head__Head_Control__fsm_32.md
Godhome	GG_Nosk_Hornet	Corpse_Hornet_Nosk	Corpse_Control	43	Godhome/GG_Nosk_Hornet/Corpse_Hornet_Nosk__Corpse_Control__fsm_43.md
Godhome	GG_Nosk_Hornet	Corpse_Hornet_Nosk	corpse	30	Godhome/GG_Nosk_Hornet/Corpse_Hornet_Nosk__corpse__fsm_30.md
Godhome	GG_Painter	Corpse_Sheo	Control	152	Godhome/GG_Painter/Corpse_Sheo__Control__fsm_152.md
Godhome	GG_Painter	Unnamed	FSM	143	Godhome/GG_Painter/Unnamed__FSM__fsm_143.md
Godhome	GG_Pipeway	Corpse_Fat_Fluke	Control	51	Godhome/GG_Pipeway/Corpse_Fat_Fluke__Control__fsm_51.md
Godhome	GG_Radiance	Boss_Control_Absolute_Radiance_Death_Eye_Glow	FSM	3694	Godhome/GG_Radiance/Boss_Control_Absolute_Radiance_Death_Eye_Glow__FSM__fsm_3694.md
Godhome	GG_Radiance	Boss_Control_Absolute_Radiance_Death_Hollow_Shade	KILL_HIT	3630	Godhome/GG_Radiance/Boss_Control_Absolute_Radiance_Death_Hollow_Shade__KILL_HIT__fsm_3630.md
Godhome	GG_Radiance	Boss_Control_Absolute_Radiance_Death_Knight_Split_Knight_Ball	Animate_Down	3631	Godhome/GG_Radiance/Boss_Control_Absolute_Radiance_Death_Knight_Split_Knight_Ball__Animate_Down__fsm_3631.md
Godhome	GG_Radiance	Boss_Control_Absolute_Radiance_Death_Knight_Split	Split	3726	Godhome/GG_Radiance/Boss_Control_Absolute_Radiance_Death_Knight_Split__Split__fsm_3726.md
Godhome	GG_Radiance	Boss_Control_Absolute_Radiance_Death_Knight_Split_hollow_knight_skull_left_(1)	FSM	3670	Godhome/GG_Radiance/Boss_Control_Absolute_Radiance_Death_Knight_Split_hollow_knight_skull_left_(1)__FSM__fsm_3670.md
Godhome	GG_Radiance	Boss_Control_Absolute_Radiance_Death_Knight_Split_hollow_knight_skull_left	FSM	3692	Godhome/GG_Radiance/Boss_Control_Absolute_Radiance_Death_Knight_Split_hollow_knight_skull_left__FSM__fsm_3692.md
Godhome	GG_Radiance	Boss_Control_Absolute_Radiance_Death_Vignette	FSM	3698	Godhome/GG_Radiance/Boss_Control_Absolute_Radiance_Death_Vignette__FSM__fsm_3698.md
Godhome	GG_Radiance	Boss_Control_Absolute_Radiance_Eye_Beam_Glow_Ascend_Beam	Control	3621	Godhome/GG_Radiance/Boss_Control_Absolute_Radiance_Eye_Beam_Glow_Ascend_Beam__Control__fsm_3621.md
Godhome	GG_Radiance	Boss_Control_Absolute_Radiance_Eye_Beam_Glow_Burst_1_Radiant_Beam_(1)	Control	3746	Godhome/GG_Radiance/Boss_Control_Absolute_Radiance_Eye_Beam_Glow_Burst_1_Radiant_Beam_(1)__Control__fsm_3746.md
Godhome	GG_Radiance	Boss_Control_Absolute_Radiance_Eye_Beam_Glow_Burst_1_Radiant_Beam_(2)	Control	3674	Godhome/GG_Radiance/Boss_Control_Absolute_Radiance_Eye_Beam_Glow_Burst_1_Radiant_Beam_(2)__Control__fsm_3674.md
Godhome	GG_Radiance	Boss_Control_Absolute_Radiance_Eye_Beam_Glow_Burst_1_Radiant_Beam_(3)	Control	3668	Godhome/GG_Radiance/Boss_Control_Absolute_Radiance_Eye_Beam_Glow_Burst_1_Radiant_Beam_(3)__Control__fsm_3668.md
Godhome	GG_Radiance	Boss_Control_Absolute_Radiance_Eye_Beam_Glow_Burst_1_Radiant_Beam_(4)	Control	3665	Godhome/GG_Radiance/Boss_Control_Absolute_Radiance_Eye_Beam_Glow_Burst_1_Radiant_Beam_(4)__Control__fsm_3665.md
Godhome	GG_Radiance	Boss_Control_Absolute_Radiance_Eye_Beam_Glow_Burst_1_Radiant_Beam_(5)	Control	3625	Godhome/GG_Radiance/Boss_Control_Absolute_Radiance_Eye_Beam_Glow_Burst_1_Radiant_Beam_(5)__Control__fsm_3625.md
Godhome	GG_Radiance	Boss_Control_Absolute_Radiance_Eye_Beam_Glow_Burst_1_Radiant_Beam_(6)	Control	3736	Godhome/GG_Radiance/Boss_Control_Absolute_Radiance_Eye_Beam_Glow_Burst_1_Radiant_Beam_(6)__Control__fsm_3736.md
Godhome	GG_Radiance	Boss_Control_Absolute_Radiance_Eye_Beam_Glow_Burst_1_Radiant_Beam_(7)	Control	3695	Godhome/GG_Radiance/Boss_Control_Absolute_Radiance_Eye_Beam_Glow_Burst_1_Radiant_Beam_(7)__Control__fsm_3695.md
Godhome	GG_Radiance	Boss_Control_Absolute_Radiance_Eye_Beam_Glow_Burst_1_Radiant_Beam	Control	3732	Godhome/GG_Radiance/Boss_Control_Absolute_Radiance_Eye_Beam_Glow_Burst_1_Radiant_Beam__Control__fsm_3732.md
Godhome	GG_Radiance	Boss_Control_Absolute_Radiance_Eye_Beam_Glow_Burst_2_Radiant_Beam_(1)	Control	3629	Godhome/GG_Radiance/Boss_Control_Absolute_Radiance_Eye_Beam_Glow_Burst_2_Radiant_Beam_(1)__Control__fsm_3629.md
Godhome	GG_Radiance	Boss_Control_Absolute_Radiance_Eye_Beam_Glow_Burst_2_Radiant_Beam_(2)	Control	3602	Godhome/GG_Radiance/Boss_Control_Absolute_Radiance_Eye_Beam_Glow_Burst_2_Radiant_Beam_(2)__Control__fsm_3602.md
Godhome	GG_Radiance	Boss_Control_Absolute_Radiance_Eye_Beam_Glow_Burst_2_Radiant_Beam_(3)	Control	3681	Godhome/GG_Radiance/Boss_Control_Absolute_Radiance_Eye_Beam_Glow_Burst_2_Radiant_Beam_(3)__Control__fsm_3681.md
Godhome	GG_Radiance	Boss_Control_Absolute_Radiance_Eye_Beam_Glow_Burst_2_Radiant_Beam_(4)	Control	3611	Godhome/GG_Radiance/Boss_Control_Absolute_Radiance_Eye_Beam_Glow_Burst_2_Radiant_Beam_(4)__Control__fsm_3611.md
Godhome	GG_Radiance	Boss_Control_Absolute_Radiance_Eye_Beam_Glow_Burst_2_Radiant_Beam_(5)	Control	3727	Godhome/GG_Radiance/Boss_Control_Absolute_Radiance_Eye_Beam_Glow_Burst_2_Radiant_Beam_(5)__Control__fsm_3727.md
Godhome	GG_Radiance	Boss_Control_Absolute_Radiance_Eye_Beam_Glow_Burst_2_Radiant_Beam_(6)	Control	3628	Godhome/GG_Radiance/Boss_Control_Absolute_Radiance_Eye_Beam_Glow_Burst_2_Radiant_Beam_(6)__Control__fsm_3628.md
Godhome	GG_Radiance	Boss_Control_Absolute_Radiance_Eye_Beam_Glow_Burst_2_Radiant_Beam_(7)	Control	3678	Godhome/GG_Radiance/Boss_Control_Absolute_Radiance_Eye_Beam_Glow_Burst_2_Radiant_Beam_(7)__Control__fsm_3678.md
Godhome	GG_Radiance	Boss_Control_Absolute_Radiance_Eye_Beam_Glow_Burst_2_Radiant_Beam	Control	3673	Godhome/GG_Radiance/Boss_Control_Absolute_Radiance_Eye_Beam_Glow_Burst_2_Radiant_Beam__Control__fsm_3673.md
Godhome	GG_Radiance	Boss_Control_Absolute_Radiance_Eye_Beam_Glow_Burst_3_Radiant_Beam_(1)	Control	3605	Godhome/GG_Radiance/Boss_Control_Absolute_Radiance_Eye_Beam_Glow_Burst_3_Radiant_Beam_(1)__Control__fsm_3605.md
Godhome	GG_Radiance	Boss_Control_Absolute_Radiance_Eye_Beam_Glow_Burst_3_Radiant_Beam_(2)	Control	3690	Godhome/GG_Radiance/Boss_Control_Absolute_Radiance_Eye_Beam_Glow_Burst_3_Radiant_Beam_(2)__Control__fsm_3690.md
Godhome	GG_Radiance	Boss_Control_Absolute_Radiance_Eye_Beam_Glow_Burst_3_Radiant_Beam_(3)	Control	3747	Godhome/GG_Radiance/Boss_Control_Absolute_Radiance_Eye_Beam_Glow_Burst_3_Radiant_Beam_(3)__Control__fsm_3747.md
Godhome	GG_Radiance	Boss_Control_Absolute_Radiance_Eye_Beam_Glow_Burst_3_Radiant_Beam_(4)	Control	3609	Godhome/GG_Radiance/Boss_Control_Absolute_Radiance_Eye_Beam_Glow_Burst_3_Radiant_Beam_(4)__Control__fsm_3609.md
Godhome	GG_Radiance	Boss_Control_Absolute_Radiance_Eye_Beam_Glow_Burst_3_Radiant_Beam_(5)	Control	3663	Godhome/GG_Radiance/Boss_Control_Absolute_Radiance_Eye_Beam_Glow_Burst_3_Radiant_Beam_(5)__Control__fsm_3663.md
Godhome	GG_Radiance	Boss_Control_Absolute_Radiance_Eye_Beam_Glow_Burst_3_Radiant_Beam_(6)	Control	3696	Godhome/GG_Radiance/Boss_Control_Absolute_Radiance_Eye_Beam_Glow_Burst_3_Radiant_Beam_(6)__Control__fsm_3696.md
Godhome	GG_Radiance	Boss_Control_Absolute_Radiance_Eye_Beam_Glow_Burst_3_Radiant_Beam_(7)	Control	3613	Godhome/GG_Radiance/Boss_Control_Absolute_Radiance_Eye_Beam_Glow_Burst_3_Radiant_Beam_(7)__Control__fsm_3613.md
Godhome	GG_Radiance	Boss_Control_Absolute_Radiance_Eye_Beam_Glow_Burst_3_Radiant_Beam	Control	3607	Godhome/GG_Radiance/Boss_Control_Absolute_Radiance_Eye_Beam_Glow_Burst_3_Radiant_Beam__Control__fsm_3607.md
Godhome	GG_Radiance	Boss_Control_Absolute_Radiance_Eye_Beam_Glow_Sprite	FSM	3688	Godhome/GG_Radiance/Boss_Control_Absolute_Radiance_Eye_Beam_Glow_Sprite__FSM__fsm_3688.md
Godhome	GG_Radiance	Boss_Control_Absolute_Radiance_Halo	Fader	3679	Godhome/GG_Radiance/Boss_Control_Absolute_Radiance_Halo__Fader__fsm_3679.md
Godhome	GG_Radiance	Boss_Control_Absolute_Radiance_Halo	Rotation	3671	Godhome/GG_Radiance/Boss_Control_Absolute_Radiance_Halo__Rotation__fsm_3671.md
Godhome	GG_Radiance	Boss_Control_Absolute_Radiance_Legs	Flash	3662	Godhome/GG_Radiance/Boss_Control_Absolute_Radiance_Legs__Flash__fsm_3662.md
Godhome	GG_Radiance	Boss_Control_Absolute_Radiance_Roar_Wave_Stun	emitter	3612	Godhome/GG_Radiance/Boss_Control_Absolute_Radiance_Roar_Wave_Stun__emitter__fsm_3612.md
Godhome	GG_Radiance	Boss_Control_Absolute_Radiance_Shade_Hit_Vignette	Shade_Hit	3749	Godhome/GG_Radiance/Boss_Control_Absolute_Radiance_Shade_Hit_Vignette__Shade_Hit__fsm_3749.md
Godhome	GG_Radiance	Boss_Control_Absolute_Radiance_Stun_Eye_Glow	FSM	3750	Godhome/GG_Radiance/Boss_Control_Absolute_Radiance_Stun_Eye_Glow__FSM__fsm_3750.md
Godhome	GG_Radiance	Boss_Control_Absolute_Radiance_Tele_Flash	FSM	3676	Godhome/GG_Radiance/Boss_Control_Absolute_Radiance_Tele_Flash__FSM__fsm_3676.md
Godhome	GG_Radiance	Boss_Control_Absolute_Radiance	Attack_Choices	3677	Godhome/GG_Radiance/Boss_Control_Absolute_Radiance__Attack_Choices__fsm_3677.md
Godhome	GG_Radiance	Boss_Control_Absolute_Radiance	Attack_Commands	3634	Godhome/GG_Radiance/Boss_Control_Absolute_Radiance__Attack_Commands__fsm_3634.md
Godhome	GG_Radiance	Boss_Control_Absolute_Radiance	Control	3672	Godhome/GG_Radiance/Boss_Control_Absolute_Radiance__Control__fsm_3672.md
Godhome	GG_Radiance	Boss_Control_Absolute_Radiance	Phase_Control	3737	Godhome/GG_Radiance/Boss_Control_Absolute_Radiance__Phase_Control__fsm_3737.md
Godhome	GG_Radiance	Boss_Control_Absolute_Radiance	Teleport	3675	Godhome/GG_Radiance/Boss_Control_Absolute_Radiance__Teleport__fsm_3675.md
Godhome	GG_Radiance	Boss_Control_Abyss_Pit_Tendrils_1_Tendril1	Audio	3275	Godhome/GG_Radiance/Boss_Control_Abyss_Pit_Tendrils_1_Tendril1__Audio__fsm_3275.md
Godhome	GG_Radiance	Boss_Control_Abyss_Pit_Tendrils_1_Tendril1	FSM	3276	Godhome/GG_Radiance/Boss_Control_Abyss_Pit_Tendrils_1_Tendril1__FSM__fsm_3276.md
Godhome	GG_Radiance	Boss_Control_Abyss_Pit_Tendrils_1_Tendril4	Audio	3299	Godhome/GG_Radiance/Boss_Control_Abyss_Pit_Tendrils_1_Tendril4__Audio__fsm_3299.md
Godhome	GG_Radiance	Boss_Control_Abyss_Pit_Tendrils_1_Tendril4	FSM	3300	Godhome/GG_Radiance/Boss_Control_Abyss_Pit_Tendrils_1_Tendril4__FSM__fsm_3300.md
Godhome	GG_Radiance	Boss_Control_Abyss_Pit_Tendrils_1_Tendril5	Audio	3302	Godhome/GG_Radiance/Boss_Control_Abyss_Pit_Tendrils_1_Tendril5__Audio__fsm_3302.md
Godhome	GG_Radiance	Boss_Control_Abyss_Pit_Tendrils_1_Tendril5	FSM	3303	Godhome/GG_Radiance/Boss_Control_Abyss_Pit_Tendrils_1_Tendril5__FSM__fsm_3303.md
Godhome	GG_Radiance	Boss_Control_Abyss_Pit_Tendrils_2_Tendril2	Audio	3296	Godhome/GG_Radiance/Boss_Control_Abyss_Pit_Tendrils_2_Tendril2__Audio__fsm_3296.md
Godhome	GG_Radiance	Boss_Control_Abyss_Pit_Tendrils_2_Tendril2	FSM	3297	Godhome/GG_Radiance/Boss_Control_Abyss_Pit_Tendrils_2_Tendril2__FSM__fsm_3297.md
Godhome	GG_Radiance	Boss_Control_Abyss_Pit_Tendrils_2_Tendril3	Audio	3267	Godhome/GG_Radiance/Boss_Control_Abyss_Pit_Tendrils_2_Tendril3__Audio__fsm_3267.md
Godhome	GG_Radiance	Boss_Control_Abyss_Pit_Tendrils_2_Tendril3	FSM	3268	Godhome/GG_Radiance/Boss_Control_Abyss_Pit_Tendrils_2_Tendril3__FSM__fsm_3268.md
Godhome	GG_Radiance	Boss_Control_Abyss_Pit_Tendrils_3_Tendril1_(1)	Audio	3265	Godhome/GG_Radiance/Boss_Control_Abyss_Pit_Tendrils_3_Tendril1_(1)__Audio__fsm_3265.md
Godhome	GG_Radiance	Boss_Control_Abyss_Pit_Tendrils_3_Tendril1_(1)	FSM	3266	Godhome/GG_Radiance/Boss_Control_Abyss_Pit_Tendrils_3_Tendril1_(1)__FSM__fsm_3266.md
Godhome	GG_Radiance	Boss_Control_Abyss_Pit_Tendrils_3_Tendril4_(1)	Audio	3344	Godhome/GG_Radiance/Boss_Control_Abyss_Pit_Tendrils_3_Tendril4_(1)__Audio__fsm_3344.md
Godhome	GG_Radiance	Boss_Control_Abyss_Pit_Tendrils_3_Tendril4_(1)	FSM	3345	Godhome/GG_Radiance/Boss_Control_Abyss_Pit_Tendrils_3_Tendril4_(1)__FSM__fsm_3345.md
Godhome	GG_Radiance	Boss_Control_Abyss_Pit_Tendrils_3_Tendril5_(1)	Audio	3281	Godhome/GG_Radiance/Boss_Control_Abyss_Pit_Tendrils_3_Tendril5_(1)__Audio__fsm_3281.md
Godhome	GG_Radiance	Boss_Control_Abyss_Pit_Tendrils_3_Tendril5_(1)	FSM	3282	Godhome/GG_Radiance/Boss_Control_Abyss_Pit_Tendrils_3_Tendril5_(1)__FSM__fsm_3282.md
Godhome	GG_Radiance	Boss_Control_Abyss_Pit	Ascend	3382	Godhome/GG_Radiance/Boss_Control_Abyss_Pit__Ascend__fsm_3382.md
Godhome	GG_Radiance	Boss_Control_Abyss_Pit	Final_Burst	3383	Godhome/GG_Radiance/Boss_Control_Abyss_Pit__Final_Burst__fsm_3383.md
Godhome	GG_Radiance	Boss_Control_Ascend_Respawns_Hazard_Respawn_Trigger_v2_(1)	raise_abyss_pit	3352	Godhome/GG_Radiance/Boss_Control_Ascend_Respawns_Hazard_Respawn_Trigger_v2_(1)__raise_abyss_pit__fsm_3352.md
Godhome	GG_Radiance	Boss_Control_Ascend_Respawns_Hazard_Respawn_Trigger_v2_(10)	raise_abyss_pit	3360	Godhome/GG_Radiance/Boss_Control_Ascend_Respawns_Hazard_Respawn_Trigger_v2_(10)__raise_abyss_pit__fsm_3360.md
Godhome	GG_Radiance	Boss_Control_Ascend_Respawns_Hazard_Respawn_Trigger_v2_(11)	raise_abyss_pit	3350	Godhome/GG_Radiance/Boss_Control_Ascend_Respawns_Hazard_Respawn_Trigger_v2_(11)__raise_abyss_pit__fsm_3350.md
Godhome	GG_Radiance	Boss_Control_Ascend_Respawns_Hazard_Respawn_Trigger_v2_(12)	raise_abyss_pit	3355	Godhome/GG_Radiance/Boss_Control_Ascend_Respawns_Hazard_Respawn_Trigger_v2_(12)__raise_abyss_pit__fsm_3355.md
Godhome	GG_Radiance	Boss_Control_Ascend_Respawns_Hazard_Respawn_Trigger_v2_(13)	raise_abyss_pit	3338	Godhome/GG_Radiance/Boss_Control_Ascend_Respawns_Hazard_Respawn_Trigger_v2_(13)__raise_abyss_pit__fsm_3338.md
Godhome	GG_Radiance	Boss_Control_Ascend_Respawns_Hazard_Respawn_Trigger_v2_(14)	raise_abyss_pit	3374	Godhome/GG_Radiance/Boss_Control_Ascend_Respawns_Hazard_Respawn_Trigger_v2_(14)__raise_abyss_pit__fsm_3374.md
Godhome	GG_Radiance	Boss_Control_Ascend_Respawns_Hazard_Respawn_Trigger_v2_(15)	raise_abyss_pit	3375	Godhome/GG_Radiance/Boss_Control_Ascend_Respawns_Hazard_Respawn_Trigger_v2_(15)__raise_abyss_pit__fsm_3375.md
Godhome	GG_Radiance	Boss_Control_Ascend_Respawns_Hazard_Respawn_Trigger_v2_(2)	raise_abyss_pit	3257	Godhome/GG_Radiance/Boss_Control_Ascend_Respawns_Hazard_Respawn_Trigger_v2_(2)__raise_abyss_pit__fsm_3257.md
Godhome	GG_Radiance	Boss_Control_Ascend_Respawns_Hazard_Respawn_Trigger_v2_(3)	raise_abyss_pit	3308	Godhome/GG_Radiance/Boss_Control_Ascend_Respawns_Hazard_Respawn_Trigger_v2_(3)__raise_abyss_pit__fsm_3308.md
Godhome	GG_Radiance	Boss_Control_Ascend_Respawns_Hazard_Respawn_Trigger_v2_(4)	raise_abyss_pit	3332	Godhome/GG_Radiance/Boss_Control_Ascend_Respawns_Hazard_Respawn_Trigger_v2_(4)__raise_abyss_pit__fsm_3332.md
Godhome	GG_Radiance	Boss_Control_Ascend_Respawns_Hazard_Respawn_Trigger_v2_(5)	raise_abyss_pit	3366	Godhome/GG_Radiance/Boss_Control_Ascend_Respawns_Hazard_Respawn_Trigger_v2_(5)__raise_abyss_pit__fsm_3366.md
Godhome	GG_Radiance	Boss_Control_Ascend_Respawns_Hazard_Respawn_Trigger_v2_(6)	raise_abyss_pit	3263	Godhome/GG_Radiance/Boss_Control_Ascend_Respawns_Hazard_Respawn_Trigger_v2_(6)__raise_abyss_pit__fsm_3263.md
Godhome	GG_Radiance	Boss_Control_Ascend_Respawns_Hazard_Respawn_Trigger_v2_(7)	raise_abyss_pit	3365	Godhome/GG_Radiance/Boss_Control_Ascend_Respawns_Hazard_Respawn_Trigger_v2_(7)__raise_abyss_pit__fsm_3365.md
Godhome	GG_Radiance	Boss_Control_Ascend_Respawns_Hazard_Respawn_Trigger_v2_(8)	raise_abyss_pit	3306	Godhome/GG_Radiance/Boss_Control_Ascend_Respawns_Hazard_Respawn_Trigger_v2_(8)__raise_abyss_pit__fsm_3306.md
Godhome	GG_Radiance	Boss_Control_Ascend_Respawns_Hazard_Respawn_Trigger_v2_(9)	raise_abyss_pit	3314	Godhome/GG_Radiance/Boss_Control_Ascend_Respawns_Hazard_Respawn_Trigger_v2_(9)__raise_abyss_pit__fsm_3314.md
Godhome	GG_Radiance	Boss_Control_Ascend_Respawns_Hazard_Respawn_Trigger_v2	raise_abyss_pit	3390	Godhome/GG_Radiance/Boss_Control_Ascend_Respawns_Hazard_Respawn_Trigger_v2__raise_abyss_pit__fsm_3390.md
Godhome	GG_Radiance	Boss_Control_Ascend_Respawns_Shades_Radiant_BG_Shade_(1)	radiant_bg_shade	3456	Godhome/GG_Radiance/Boss_Control_Ascend_Respawns_Shades_Radiant_BG_Shade_(1)__radiant_bg_shade__fsm_3456.md
Godhome	GG_Radiance	Boss_Control_Ascend_Respawns_Shades_Radiant_BG_Shade_(10)	radiant_bg_shade	3467	Godhome/GG_Radiance/Boss_Control_Ascend_Respawns_Shades_Radiant_BG_Shade_(10)__radiant_bg_shade__fsm_3467.md
Godhome	GG_Radiance	Boss_Control_Ascend_Respawns_Shades_Radiant_BG_Shade_(11)	radiant_bg_shade	3504	Godhome/GG_Radiance/Boss_Control_Ascend_Respawns_Shades_Radiant_BG_Shade_(11)__radiant_bg_shade__fsm_3504.md
Godhome	GG_Radiance	Boss_Control_Ascend_Respawns_Shades_Radiant_BG_Shade_(12)	radiant_bg_shade	3433	Godhome/GG_Radiance/Boss_Control_Ascend_Respawns_Shades_Radiant_BG_Shade_(12)__radiant_bg_shade__fsm_3433.md
Godhome	GG_Radiance	Boss_Control_Ascend_Respawns_Shades_Radiant_BG_Shade_(13)	radiant_bg_shade	3415	Godhome/GG_Radiance/Boss_Control_Ascend_Respawns_Shades_Radiant_BG_Shade_(13)__radiant_bg_shade__fsm_3415.md
Godhome	GG_Radiance	Boss_Control_Ascend_Respawns_Shades_Radiant_BG_Shade_(14)	radiant_bg_shade	3457	Godhome/GG_Radiance/Boss_Control_Ascend_Respawns_Shades_Radiant_BG_Shade_(14)__radiant_bg_shade__fsm_3457.md
Godhome	GG_Radiance	Boss_Control_Ascend_Respawns_Shades_Radiant_BG_Shade_(15)	radiant_bg_shade	3500	Godhome/GG_Radiance/Boss_Control_Ascend_Respawns_Shades_Radiant_BG_Shade_(15)__radiant_bg_shade__fsm_3500.md
Godhome	GG_Radiance	Boss_Control_Ascend_Respawns_Shades_Radiant_BG_Shade_(16)	radiant_bg_shade	3430	Godhome/GG_Radiance/Boss_Control_Ascend_Respawns_Shades_Radiant_BG_Shade_(16)__radiant_bg_shade__fsm_3430.md
Godhome	GG_Radiance	Boss_Control_Ascend_Respawns_Shades_Radiant_BG_Shade_(17)	radiant_bg_shade	3493	Godhome/GG_Radiance/Boss_Control_Ascend_Respawns_Shades_Radiant_BG_Shade_(17)__radiant_bg_shade__fsm_3493.md
Godhome	GG_Radiance	Boss_Control_Ascend_Respawns_Shades_Radiant_BG_Shade_(18)	radiant_bg_shade	3420	Godhome/GG_Radiance/Boss_Control_Ascend_Respawns_Shades_Radiant_BG_Shade_(18)__radiant_bg_shade__fsm_3420.md
Godhome	GG_Radiance	Boss_Control_Ascend_Respawns_Shades_Radiant_BG_Shade_(19)	radiant_bg_shade	3445	Godhome/GG_Radiance/Boss_Control_Ascend_Respawns_Shades_Radiant_BG_Shade_(19)__radiant_bg_shade__fsm_3445.md
Godhome	GG_Radiance	Boss_Control_Ascend_Respawns_Shades_Radiant_BG_Shade_(2)	radiant_bg_shade	3436	Godhome/GG_Radiance/Boss_Control_Ascend_Respawns_Shades_Radiant_BG_Shade_(2)__radiant_bg_shade__fsm_3436.md
Godhome	GG_Radiance	Boss_Control_Ascend_Respawns_Shades_Radiant_BG_Shade_(20)	radiant_bg_shade	3509	Godhome/GG_Radiance/Boss_Control_Ascend_Respawns_Shades_Radiant_BG_Shade_(20)__radiant_bg_shade__fsm_3509.md
Godhome	GG_Radiance	Boss_Control_Ascend_Respawns_Shades_Radiant_BG_Shade_(21)	radiant_bg_shade	3497	Godhome/GG_Radiance/Boss_Control_Ascend_Respawns_Shades_Radiant_BG_Shade_(21)__radiant_bg_shade__fsm_3497.md
Godhome	GG_Radiance	Boss_Control_Ascend_Respawns_Shades_Radiant_BG_Shade_(22)	radiant_bg_shade	3418	Godhome/GG_Radiance/Boss_Control_Ascend_Respawns_Shades_Radiant_BG_Shade_(22)__radiant_bg_shade__fsm_3418.md
Godhome	GG_Radiance	Boss_Control_Ascend_Respawns_Shades_Radiant_BG_Shade_(23)	radiant_bg_shade	3411	Godhome/GG_Radiance/Boss_Control_Ascend_Respawns_Shades_Radiant_BG_Shade_(23)__radiant_bg_shade__fsm_3411.md
Godhome	GG_Radiance	Boss_Control_Ascend_Respawns_Shades_Radiant_BG_Shade_(24)	radiant_bg_shade	3396	Godhome/GG_Radiance/Boss_Control_Ascend_Respawns_Shades_Radiant_BG_Shade_(24)__radiant_bg_shade__fsm_3396.md
Godhome	GG_Radiance	Boss_Control_Ascend_Respawns_Shades_Radiant_BG_Shade_(25)	radiant_bg_shade	3444	Godhome/GG_Radiance/Boss_Control_Ascend_Respawns_Shades_Radiant_BG_Shade_(25)__radiant_bg_shade__fsm_3444.md
Godhome	GG_Radiance	Boss_Control_Ascend_Respawns_Shades_Radiant_BG_Shade_(26)	radiant_bg_shade	3446	Godhome/GG_Radiance/Boss_Control_Ascend_Respawns_Shades_Radiant_BG_Shade_(26)__radiant_bg_shade__fsm_3446.md
Godhome	GG_Radiance	Boss_Control_Ascend_Respawns_Shades_Radiant_BG_Shade_(27)	radiant_bg_shade	3414	Godhome/GG_Radiance/Boss_Control_Ascend_Respawns_Shades_Radiant_BG_Shade_(27)__radiant_bg_shade__fsm_3414.md
Godhome	GG_Radiance	Boss_Control_Ascend_Respawns_Shades_Radiant_BG_Shade_(28)	radiant_bg_shade	3399	Godhome/GG_Radiance/Boss_Control_Ascend_Respawns_Shades_Radiant_BG_Shade_(28)__radiant_bg_shade__fsm_3399.md
Godhome	GG_Radiance	Boss_Control_Ascend_Respawns_Shades_Radiant_BG_Shade_(29)	radiant_bg_shade	3431	Godhome/GG_Radiance/Boss_Control_Ascend_Respawns_Shades_Radiant_BG_Shade_(29)__radiant_bg_shade__fsm_3431.md
Godhome	GG_Radiance	Boss_Control_Ascend_Respawns_Shades_Radiant_BG_Shade_(3)	radiant_bg_shade	3489	Godhome/GG_Radiance/Boss_Control_Ascend_Respawns_Shades_Radiant_BG_Shade_(3)__radiant_bg_shade__fsm_3489.md
Godhome	GG_Radiance	Boss_Control_Ascend_Respawns_Shades_Radiant_BG_Shade_(30)	radiant_bg_shade	3501	Godhome/GG_Radiance/Boss_Control_Ascend_Respawns_Shades_Radiant_BG_Shade_(30)__radiant_bg_shade__fsm_3501.md
Godhome	GG_Radiance	Boss_Control_Ascend_Respawns_Shades_Radiant_BG_Shade_(31)	radiant_bg_shade	3408	Godhome/GG_Radiance/Boss_Control_Ascend_Respawns_Shades_Radiant_BG_Shade_(31)__radiant_bg_shade__fsm_3408.md
Godhome	GG_Radiance	Boss_Control_Ascend_Respawns_Shades_Radiant_BG_Shade_(32)	radiant_bg_shade	3432	Godhome/GG_Radiance/Boss_Control_Ascend_Respawns_Shades_Radiant_BG_Shade_(32)__radiant_bg_shade__fsm_3432.md
Godhome	GG_Radiance	Boss_Control_Ascend_Respawns_Shades_Radiant_BG_Shade_(33)	radiant_bg_shade	3471	Godhome/GG_Radiance/Boss_Control_Ascend_Respawns_Shades_Radiant_BG_Shade_(33)__radiant_bg_shade__fsm_3471.md
Godhome	GG_Radiance	Boss_Control_Ascend_Respawns_Shades_Radiant_BG_Shade_(34)	radiant_bg_shade	3458	Godhome/GG_Radiance/Boss_Control_Ascend_Respawns_Shades_Radiant_BG_Shade_(34)__radiant_bg_shade__fsm_3458.md
Godhome	GG_Radiance	Boss_Control_Ascend_Respawns_Shades_Radiant_BG_Shade_(35)	radiant_bg_shade	3488	Godhome/GG_Radiance/Boss_Control_Ascend_Respawns_Shades_Radiant_BG_Shade_(35)__radiant_bg_shade__fsm_3488.md
Godhome	GG_Radiance	Boss_Control_Ascend_Respawns_Shades_Radiant_BG_Shade_(36)	radiant_bg_shade	3496	Godhome/GG_Radiance/Boss_Control_Ascend_Respawns_Shades_Radiant_BG_Shade_(36)__radiant_bg_shade__fsm_3496.md
Godhome	GG_Radiance	Boss_Control_Ascend_Respawns_Shades_Radiant_BG_Shade_(4)	radiant_bg_shade	3460	Godhome/GG_Radiance/Boss_Control_Ascend_Respawns_Shades_Radiant_BG_Shade_(4)__radiant_bg_shade__fsm_3460.md
Godhome	GG_Radiance	Boss_Control_Ascend_Respawns_Shades_Radiant_BG_Shade_(5)	radiant_bg_shade	3486	Godhome/GG_Radiance/Boss_Control_Ascend_Respawns_Shades_Radiant_BG_Shade_(5)__radiant_bg_shade__fsm_3486.md
Godhome	GG_Radiance	Boss_Control_Ascend_Respawns_Shades_Radiant_BG_Shade_(6)	radiant_bg_shade	3484	Godhome/GG_Radiance/Boss_Control_Ascend_Respawns_Shades_Radiant_BG_Shade_(6)__radiant_bg_shade__fsm_3484.md
Godhome	GG_Radiance	Boss_Control_Ascend_Respawns_Shades_Radiant_BG_Shade_(7)	radiant_bg_shade	3426	Godhome/GG_Radiance/Boss_Control_Ascend_Respawns_Shades_Radiant_BG_Shade_(7)__radiant_bg_shade__fsm_3426.md
Godhome	GG_Radiance	Boss_Control_Ascend_Respawns_Shades_Radiant_BG_Shade_(8)	radiant_bg_shade	3478	Godhome/GG_Radiance/Boss_Control_Ascend_Respawns_Shades_Radiant_BG_Shade_(8)__radiant_bg_shade__fsm_3478.md
Godhome	GG_Radiance	Boss_Control_Ascend_Respawns_Shades_Radiant_BG_Shade_(9)	radiant_bg_shade	3464	Godhome/GG_Radiance/Boss_Control_Ascend_Respawns_Shades_Radiant_BG_Shade_(9)__radiant_bg_shade__fsm_3464.md
Godhome	GG_Radiance	Boss_Control_Ascend_Respawns_Shades_Radiant_BG_Shade	radiant_bg_shade	3453	Godhome/GG_Radiance/Boss_Control_Ascend_Respawns_Shades_Radiant_BG_Shade__radiant_bg_shade__fsm_3453.md
Godhome	GG_Radiance	Boss_Control_Beam_Sweeper	Control	3311	Godhome/GG_Radiance/Boss_Control_Beam_Sweeper__Control__fsm_3311.md
Godhome	GG_Radiance	Boss_Control_Challenge_Prompt_Radiant	Challenge_Start	3587	Godhome/GG_Radiance/Boss_Control_Challenge_Prompt_Radiant__Challenge_Start__fsm_3587.md
Godhome	GG_Radiance	Boss_Control_Godseeker_Crowd	Control	3279	Godhome/GG_Radiance/Boss_Control_Godseeker_Crowd__Control__fsm_3279.md
Godhome	GG_Radiance	Boss_Control_Music_Region	Music_Region	3346	Godhome/GG_Radiance/Boss_Control_Music_Region__Music_Region__fsm_3346.md
Godhome	GG_Radiance	Boss_Control_Phase2_Detector	Detect	3343	Godhome/GG_Radiance/Boss_Control_Phase2_Detector__Detect__fsm_3343.md
Godhome	GG_Radiance	Boss_Control_Plat_Sets_Ascend_Set_Radiant_Plat_Small_(10)	radiant_plat	3547	Godhome/GG_Radiance/Boss_Control_Plat_Sets_Ascend_Set_Radiant_Plat_Small_(10)__radiant_plat__fsm_3547.md
Godhome	GG_Radiance	Boss_Control_Plat_Sets_Ascend_Set_Radiant_Plat_Small_(11)	radiant_plat	3517	Godhome/GG_Radiance/Boss_Control_Plat_Sets_Ascend_Set_Radiant_Plat_Small_(11)__radiant_plat__fsm_3517.md
Godhome	GG_Radiance	Boss_Control_Plat_Sets_Ascend_Set_Radiant_Plat_Small_(12)	radiant_plat	3553	Godhome/GG_Radiance/Boss_Control_Plat_Sets_Ascend_Set_Radiant_Plat_Small_(12)__radiant_plat__fsm_3553.md
Godhome	GG_Radiance	Boss_Control_Plat_Sets_Ascend_Set_Radiant_Plat_Small_(4)	radiant_plat	3560	Godhome/GG_Radiance/Boss_Control_Plat_Sets_Ascend_Set_Radiant_Plat_Small_(4)__radiant_plat__fsm_3560.md
Godhome	GG_Radiance	Boss_Control_Plat_Sets_Ascend_Set_Radiant_Plat_Small_(5)	radiant_plat	3561	Godhome/GG_Radiance/Boss_Control_Plat_Sets_Ascend_Set_Radiant_Plat_Small_(5)__radiant_plat__fsm_3561.md
Godhome	GG_Radiance	Boss_Control_Plat_Sets_Ascend_Set_Radiant_Plat_Small_(6)	radiant_plat	3523	Godhome/GG_Radiance/Boss_Control_Plat_Sets_Ascend_Set_Radiant_Plat_Small_(6)__radiant_plat__fsm_3523.md
Godhome	GG_Radiance	Boss_Control_Plat_Sets_Ascend_Set_Radiant_Plat_Small_(7)	radiant_plat	3575	Godhome/GG_Radiance/Boss_Control_Plat_Sets_Ascend_Set_Radiant_Plat_Small_(7)__radiant_plat__fsm_3575.md
Godhome	GG_Radiance	Boss_Control_Plat_Sets_Ascend_Set_Radiant_Plat_Small_(8)	radiant_plat	3549	Godhome/GG_Radiance/Boss_Control_Plat_Sets_Ascend_Set_Radiant_Plat_Small_(8)__radiant_plat__fsm_3549.md
Godhome	GG_Radiance	Boss_Control_Plat_Sets_Ascend_Set_Radiant_Plat_Small_(9)	radiant_plat	3577	Godhome/GG_Radiance/Boss_Control_Plat_Sets_Ascend_Set_Radiant_Plat_Small_(9)__radiant_plat__fsm_3577.md
Godhome	GG_Radiance	Boss_Control_Plat_Sets_Ascend_Set_Radiant_Plat_Thick_(3)	radiant_plat	3552	Godhome/GG_Radiance/Boss_Control_Plat_Sets_Ascend_Set_Radiant_Plat_Thick_(3)__radiant_plat__fsm_3552.md
Godhome	GG_Radiance	Boss_Control_Plat_Sets_Ascend_Set_Radiant_Plat_Thick_(4)	radiant_plat	3541	Godhome/GG_Radiance/Boss_Control_Plat_Sets_Ascend_Set_Radiant_Plat_Thick_(4)__radiant_plat__fsm_3541.md
Godhome	GG_Radiance	Boss_Control_Plat_Sets_Ascend_Set_Radiant_Plat_Thick_(5)	radiant_plat	3558	Godhome/GG_Radiance/Boss_Control_Plat_Sets_Ascend_Set_Radiant_Plat_Thick_(5)__radiant_plat__fsm_3558.md
Godhome	GG_Radiance	Boss_Control_Plat_Sets_Ascend_Set_Radiant_Plat_Thick_(6)	radiant_plat	3544	Godhome/GG_Radiance/Boss_Control_Plat_Sets_Ascend_Set_Radiant_Plat_Thick_(6)__radiant_plat__fsm_3544.md
Godhome	GG_Radiance	Boss_Control_Plat_Sets_Ascend_Set_Radiant_Plat_Wide_(2)	radiant_plat	3491	Godhome/GG_Radiance/Boss_Control_Plat_Sets_Ascend_Set_Radiant_Plat_Wide_(2)__radiant_plat__fsm_3491.md
Godhome	GG_Radiance	Boss_Control_Plat_Sets_Ascend_Set_Radiant_Plat_Wide_(3)	radiant_plat	3482	Godhome/GG_Radiance/Boss_Control_Plat_Sets_Ascend_Set_Radiant_Plat_Wide_(3)__radiant_plat__fsm_3482.md
Godhome	GG_Radiance	Boss_Control_Plat_Sets_Ascend_Set_Radiant_Plat_Wide_(4)	radiant_plat	3393	Godhome/GG_Radiance/Boss_Control_Plat_Sets_Ascend_Set_Radiant_Plat_Wide_(4)__radiant_plat__fsm_3393.md
Godhome	GG_Radiance	Boss_Control_Plat_Sets_Ascend_Set_Radiant_Plat_Wide_(5)	radiant_plat	3425	Godhome/GG_Radiance/Boss_Control_Plat_Sets_Ascend_Set_Radiant_Plat_Wide_(5)__radiant_plat__fsm_3425.md
Godhome	GG_Radiance	Boss_Control_Plat_Sets_Ascend_Set_Radiant_Plat_Wide_(6)	radiant_plat	3475	Godhome/GG_Radiance/Boss_Control_Plat_Sets_Ascend_Set_Radiant_Plat_Wide_(6)__radiant_plat__fsm_3475.md
Godhome	GG_Radiance	Boss_Control_Plat_Sets_Climb_Set_Radiant_Plat_Wide_(2)	radiant_plat	3510	Godhome/GG_Radiance/Boss_Control_Plat_Sets_Climb_Set_Radiant_Plat_Wide_(2)__radiant_plat__fsm_3510.md
Godhome	GG_Radiance	Boss_Control_Plat_Sets_Hazard_Plat_Radiant_Plat_Small_(1)	radiant_plat	3527	Godhome/GG_Radiance/Boss_Control_Plat_Sets_Hazard_Plat_Radiant_Plat_Small_(1)__radiant_plat__fsm_3527.md
Godhome	GG_Radiance	Boss_Control_Plat_Sets_Hazard_Plat_Radiant_Plat_Wide_(3)	radiant_plat	3402	Godhome/GG_Radiance/Boss_Control_Plat_Sets_Hazard_Plat_Radiant_Plat_Wide_(3)__radiant_plat__fsm_3402.md
Godhome	GG_Radiance	Boss_Control_Plat_Sets_Hazard_Plat_Radiant_Plat_Wide_(4)	radiant_plat	3470	Godhome/GG_Radiance/Boss_Control_Plat_Sets_Hazard_Plat_Radiant_Plat_Wide_(4)__radiant_plat__fsm_3470.md
Godhome	GG_Radiance	Boss_Control_Plat_Sets_P2_SetA_Radiant_Plat_Small_(2)	radiant_plat	3529	Godhome/GG_Radiance/Boss_Control_Plat_Sets_P2_SetA_Radiant_Plat_Small_(2)__radiant_plat__fsm_3529.md
Godhome	GG_Radiance	Boss_Control_Plat_Sets_P2_SetA_Radiant_Plat_Small_(3)	radiant_plat	3535	Godhome/GG_Radiance/Boss_Control_Plat_Sets_P2_SetA_Radiant_Plat_Small_(3)__radiant_plat__fsm_3535.md
Godhome	GG_Radiance	Boss_Control_Plat_Sets_P2_SetA_Radiant_Plat_Thick_(2)	radiant_plat	3580	Godhome/GG_Radiance/Boss_Control_Plat_Sets_P2_SetA_Radiant_Plat_Thick_(2)__radiant_plat__fsm_3580.md
Godhome	GG_Radiance	Boss_Control_Plat_Sets_P2_SetA_Radiant_Plat_Wide_(2)	radiant_plat	3413	Godhome/GG_Radiance/Boss_Control_Plat_Sets_P2_SetA_Radiant_Plat_Wide_(2)__radiant_plat__fsm_3413.md
Godhome	GG_Radiance	Boss_Control_Radiance_Roar_Halo	FSM	3292	Godhome/GG_Radiance/Boss_Control_Radiance_Roar_Halo__FSM__fsm_3292.md
Godhome	GG_Radiance	Boss_Control_Radiance_Roar_Legs	Flash	3246	Godhome/GG_Radiance/Boss_Control_Radiance_Roar_Legs__Flash__fsm_3246.md
Godhome	GG_Radiance	Boss_Control_Radiance_Roar_Roar_Wave_Emitter_White	emitter	3387	Godhome/GG_Radiance/Boss_Control_Radiance_Roar_Roar_Wave_Emitter_White__emitter__fsm_3387.md
Godhome	GG_Radiance	Boss_Control_Radiance_Roar	Flash	3361	Godhome/GG_Radiance/Boss_Control_Radiance_Roar__Flash__fsm_3361.md
Godhome	GG_Radiance	Boss_Control_Radiant_Beam	Control	3574	Godhome/GG_Radiance/Boss_Control_Radiant_Beam__Control__fsm_3574.md
Godhome	GG_Radiance	Boss_Control_Shade_Lord_Hand	End	3260	Godhome/GG_Radiance/Boss_Control_Shade_Lord_Hand__End__fsm_3260.md
Godhome	GG_Radiance	Boss_Control_Spike_Control_Centre_Radiant_Spike_(8)	Control	3461	Godhome/GG_Radiance/Boss_Control_Spike_Control_Centre_Radiant_Spike_(8)__Control__fsm_3461.md
Godhome	GG_Radiance	Boss_Control_Spike_Control_Centre_Radiant_Spike_(8)	Hero_Saver	3398	Godhome/GG_Radiance/Boss_Control_Spike_Control_Centre_Radiant_Spike_(8)__Hero_Saver__fsm_3398.md
Godhome	GG_Radiance	Boss_Control_Spike_Control_Far_L_Radiant_Spike_(1)	Control	3403	Godhome/GG_Radiance/Boss_Control_Spike_Control_Far_L_Radiant_Spike_(1)__Control__fsm_3403.md
Godhome	GG_Radiance	Boss_Control_Spike_Control_Far_L_Radiant_Spike_(1)	Hero_Saver	3454	Godhome/GG_Radiance/Boss_Control_Spike_Control_Far_L_Radiant_Spike_(1)__Hero_Saver__fsm_3454.md
Godhome	GG_Radiance	Boss_Control_Spike_Control_Far_L_Radiant_Spike_(2)	Control	3508	Godhome/GG_Radiance/Boss_Control_Spike_Control_Far_L_Radiant_Spike_(2)__Control__fsm_3508.md
Godhome	GG_Radiance	Boss_Control_Spike_Control_Far_L_Radiant_Spike_(2)	Hero_Saver	3439	Godhome/GG_Radiance/Boss_Control_Spike_Control_Far_L_Radiant_Spike_(2)__Hero_Saver__fsm_3439.md
Godhome	GG_Radiance	Boss_Control_Spike_Control_Far_L_Radiant_Spike_(3)	Control	3502	Godhome/GG_Radiance/Boss_Control_Spike_Control_Far_L_Radiant_Spike_(3)__Control__fsm_3502.md
Godhome	GG_Radiance	Boss_Control_Spike_Control_Far_L_Radiant_Spike_(3)	Hero_Saver	3441	Godhome/GG_Radiance/Boss_Control_Spike_Control_Far_L_Radiant_Spike_(3)__Hero_Saver__fsm_3441.md
Godhome	GG_Radiance	Boss_Control_Spike_Control_Far_L_Radiant_Spike_(6)	Control	3416	Godhome/GG_Radiance/Boss_Control_Spike_Control_Far_L_Radiant_Spike_(6)__Control__fsm_3416.md
Godhome	GG_Radiance	Boss_Control_Spike_Control_Far_L_Radiant_Spike_(6)	Hero_Saver	3465	Godhome/GG_Radiance/Boss_Control_Spike_Control_Far_L_Radiant_Spike_(6)__Hero_Saver__fsm_3465.md
Godhome	GG_Radiance	Boss_Control_Spike_Control_Far_L_Radiant_Spike_(7)	Control	3468	Godhome/GG_Radiance/Boss_Control_Spike_Control_Far_L_Radiant_Spike_(7)__Control__fsm_3468.md
Godhome	GG_Radiance	Boss_Control_Spike_Control_Far_L_Radiant_Spike_(7)	Hero_Saver	3419	Godhome/GG_Radiance/Boss_Control_Spike_Control_Far_L_Radiant_Spike_(7)__Hero_Saver__fsm_3419.md
Godhome	GG_Radiance	Boss_Control_Spike_Control_Far_L_Radiant_Spike	Control	3438	Godhome/GG_Radiance/Boss_Control_Spike_Control_Far_L_Radiant_Spike__Control__fsm_3438.md
Godhome	GG_Radiance	Boss_Control_Spike_Control_Far_L_Radiant_Spike	Hero_Saver	3507	Godhome/GG_Radiance/Boss_Control_Spike_Control_Far_L_Radiant_Spike__Hero_Saver__fsm_3507.md
Godhome	GG_Radiance	Boss_Control_Spike_Control_Far_R_Radiant_Spike_(18)	Control	3498	Godhome/GG_Radiance/Boss_Control_Spike_Control_Far_R_Radiant_Spike_(18)__Control__fsm_3498.md
Godhome	GG_Radiance	Boss_Control_Spike_Control_Far_R_Radiant_Spike_(18)	Hero_Saver	3448	Godhome/GG_Radiance/Boss_Control_Spike_Control_Far_R_Radiant_Spike_(18)__Hero_Saver__fsm_3448.md
Godhome	GG_Radiance	Boss_Control_Spike_Control_Far_R_Radiant_Spike_(20)	Control	3463	Godhome/GG_Radiance/Boss_Control_Spike_Control_Far_R_Radiant_Spike_(20)__Control__fsm_3463.md
Godhome	GG_Radiance	Boss_Control_Spike_Control_Far_R_Radiant_Spike_(20)	Hero_Saver	3400	Godhome/GG_Radiance/Boss_Control_Spike_Control_Far_R_Radiant_Spike_(20)__Hero_Saver__fsm_3400.md
Godhome	GG_Radiance	Boss_Control_Spike_Control_Far_R_Radiant_Spike_(21)	Control	3397	Godhome/GG_Radiance/Boss_Control_Spike_Control_Far_R_Radiant_Spike_(21)__Control__fsm_3397.md
Godhome	GG_Radiance	Boss_Control_Spike_Control_Far_R_Radiant_Spike_(21)	Hero_Saver	3462	Godhome/GG_Radiance/Boss_Control_Spike_Control_Far_R_Radiant_Spike_(21)__Hero_Saver__fsm_3462.md
Godhome	GG_Radiance	Boss_Control_Spike_Control_Far_R_Radiant_Spike_(22)	Control	3423	Godhome/GG_Radiance/Boss_Control_Spike_Control_Far_R_Radiant_Spike_(22)__Control__fsm_3423.md
Godhome	GG_Radiance	Boss_Control_Spike_Control_Far_R_Radiant_Spike_(22)	Hero_Saver	3495	Godhome/GG_Radiance/Boss_Control_Spike_Control_Far_R_Radiant_Spike_(22)__Hero_Saver__fsm_3495.md
Godhome	GG_Radiance	Boss_Control_Spike_Control_Far_R_Radiant_Spike_(23)	Control	3490	Godhome/GG_Radiance/Boss_Control_Spike_Control_Far_R_Radiant_Spike_(23)__Control__fsm_3490.md
Godhome	GG_Radiance	Boss_Control_Spike_Control_Far_R_Radiant_Spike_(23)	Hero_Saver	3421	Godhome/GG_Radiance/Boss_Control_Spike_Control_Far_R_Radiant_Spike_(23)__Hero_Saver__fsm_3421.md
Godhome	GG_Radiance	Boss_Control_Spike_Control_Far_R_Radiant_Spike_(24)	Control	3494	Godhome/GG_Radiance/Boss_Control_Spike_Control_Far_R_Radiant_Spike_(24)__Control__fsm_3494.md
Godhome	GG_Radiance	Boss_Control_Spike_Control_Far_R_Radiant_Spike_(24)	Hero_Saver	3424	Godhome/GG_Radiance/Boss_Control_Spike_Control_Far_R_Radiant_Spike_(24)__Hero_Saver__fsm_3424.md
Godhome	GG_Radiance	Boss_Control_Spike_Control_Mid_L_Radiant_Spike_(12)	Control	3429	Godhome/GG_Radiance/Boss_Control_Spike_Control_Mid_L_Radiant_Spike_(12)__Control__fsm_3429.md
Godhome	GG_Radiance	Boss_Control_Spike_Control_Mid_L_Radiant_Spike_(12)	Hero_Saver	3485	Godhome/GG_Radiance/Boss_Control_Spike_Control_Mid_L_Radiant_Spike_(12)__Hero_Saver__fsm_3485.md
Godhome	GG_Radiance	Boss_Control_Spike_Control_Mid_L_Radiant_Spike_(13)	Control	3499	Godhome/GG_Radiance/Boss_Control_Spike_Control_Mid_L_Radiant_Spike_(13)__Control__fsm_3499.md
Godhome	GG_Radiance	Boss_Control_Spike_Control_Mid_L_Radiant_Spike_(13)	Hero_Saver	3451	Godhome/GG_Radiance/Boss_Control_Spike_Control_Mid_L_Radiant_Spike_(13)__Hero_Saver__fsm_3451.md
Godhome	GG_Radiance	Boss_Control_Spike_Control_Mid_L_Radiant_Spike_(14)	Control	3417	Godhome/GG_Radiance/Boss_Control_Spike_Control_Mid_L_Radiant_Spike_(14)__Control__fsm_3417.md
Godhome	GG_Radiance	Boss_Control_Spike_Control_Mid_L_Radiant_Spike_(14)	Hero_Saver	3466	Godhome/GG_Radiance/Boss_Control_Spike_Control_Mid_L_Radiant_Spike_(14)__Hero_Saver__fsm_3466.md
Godhome	GG_Radiance	Boss_Control_Spike_Control_Mid_L_Radiant_Spike_(15)	Control	3427	Godhome/GG_Radiance/Boss_Control_Spike_Control_Mid_L_Radiant_Spike_(15)__Control__fsm_3427.md
Godhome	GG_Radiance	Boss_Control_Spike_Control_Mid_L_Radiant_Spike_(15)	Hero_Saver	3483	Godhome/GG_Radiance/Boss_Control_Spike_Control_Mid_L_Radiant_Spike_(15)__Hero_Saver__fsm_3483.md
Godhome	GG_Radiance	Boss_Control_Spike_Control_Mid_L_Radiant_Spike_(4)	Control	3473	Godhome/GG_Radiance/Boss_Control_Spike_Control_Mid_L_Radiant_Spike_(4)__Control__fsm_3473.md
Godhome	GG_Radiance	Boss_Control_Spike_Control_Mid_L_Radiant_Spike_(4)	Hero_Saver	3410	Godhome/GG_Radiance/Boss_Control_Spike_Control_Mid_L_Radiant_Spike_(4)__Hero_Saver__fsm_3410.md
Godhome	GG_Radiance	Boss_Control_Spike_Control_Mid_L_Radiant_Spike_(5)	Control	3492	Godhome/GG_Radiance/Boss_Control_Spike_Control_Mid_L_Radiant_Spike_(5)__Control__fsm_3492.md
Godhome	GG_Radiance	Boss_Control_Spike_Control_Mid_L_Radiant_Spike_(5)	Hero_Saver	3422	Godhome/GG_Radiance/Boss_Control_Spike_Control_Mid_L_Radiant_Spike_(5)__Hero_Saver__fsm_3422.md
Godhome	GG_Radiance	Boss_Control_Spike_Control_Mid_R_Radiant_Spike_(10)	Control	3455	Godhome/GG_Radiance/Boss_Control_Spike_Control_Mid_R_Radiant_Spike_(10)__Control__fsm_3455.md
Godhome	GG_Radiance	Boss_Control_Spike_Control_Mid_R_Radiant_Spike_(10)	Hero_Saver	3406	Godhome/GG_Radiance/Boss_Control_Spike_Control_Mid_R_Radiant_Spike_(10)__Hero_Saver__fsm_3406.md
Godhome	GG_Radiance	Boss_Control_Spike_Control_Mid_R_Radiant_Spike_(11)	Control	3503	Godhome/GG_Radiance/Boss_Control_Spike_Control_Mid_R_Radiant_Spike_(11)__Control__fsm_3503.md
Godhome	GG_Radiance	Boss_Control_Spike_Control_Mid_R_Radiant_Spike_(11)	Hero_Saver	3442	Godhome/GG_Radiance/Boss_Control_Spike_Control_Mid_R_Radiant_Spike_(11)__Hero_Saver__fsm_3442.md
Godhome	GG_Radiance	Boss_Control_Spike_Control_Mid_R_Radiant_Spike_(16)	Control	3452	Godhome/GG_Radiance/Boss_Control_Spike_Control_Mid_R_Radiant_Spike_(16)__Control__fsm_3452.md
Godhome	GG_Radiance	Boss_Control_Spike_Control_Mid_R_Radiant_Spike_(16)	Hero_Saver	3404	Godhome/GG_Radiance/Boss_Control_Spike_Control_Mid_R_Radiant_Spike_(16)__Hero_Saver__fsm_3404.md
Godhome	GG_Radiance	Boss_Control_Spike_Control_Mid_R_Radiant_Spike_(17)	Control	3477	Godhome/GG_Radiance/Boss_Control_Spike_Control_Mid_R_Radiant_Spike_(17)__Control__fsm_3477.md
Godhome	GG_Radiance	Boss_Control_Spike_Control_Mid_R_Radiant_Spike_(17)	Hero_Saver	3407	Godhome/GG_Radiance/Boss_Control_Spike_Control_Mid_R_Radiant_Spike_(17)__Hero_Saver__fsm_3407.md
Godhome	GG_Radiance	Boss_Control_Spike_Control_Mid_R_Radiant_Spike_(19)	Control	3437	Godhome/GG_Radiance/Boss_Control_Spike_Control_Mid_R_Radiant_Spike_(19)__Control__fsm_3437.md
Godhome	GG_Radiance	Boss_Control_Spike_Control_Mid_R_Radiant_Spike_(19)	Hero_Saver	3505	Godhome/GG_Radiance/Boss_Control_Spike_Control_Mid_R_Radiant_Spike_(19)__Hero_Saver__fsm_3505.md
Godhome	GG_Radiance	Boss_Control_Spike_Control_Mid_R_Radiant_Spike_(9)	Control	3412	Godhome/GG_Radiance/Boss_Control_Spike_Control_Mid_R_Radiant_Spike_(9)__Control__fsm_3412.md
Godhome	GG_Radiance	Boss_Control_Spike_Control_Mid_R_Radiant_Spike_(9)	Hero_Saver	3474	Godhome/GG_Radiance/Boss_Control_Spike_Control_Mid_R_Radiant_Spike_(9)__Hero_Saver__fsm_3474.md
Godhome	GG_Radiance	Boss_Control_Spike_Control	Control	3321	Godhome/GG_Radiance/Boss_Control_Spike_Control__Control__fsm_3321.md
Godhome	GG_Radiance	Boss_Control_Statue_Death_Fader	FSM	3273	Godhome/GG_Radiance/Boss_Control_Statue_Death_Fader__FSM__fsm_3273.md
Godhome	GG_Radiance	Boss_Control	Control	3391	Godhome/GG_Radiance/Boss_Control__Control__fsm_3391.md
Godhome	GG_Radiance	Boss_Control_feather_particles	FSM	3290	Godhome/GG_Radiance/Boss_Control_feather_particles__FSM__fsm_3290.md
Godhome	GG_Radiance	Boss_Control_white_solid	FSM	3324	Godhome/GG_Radiance/Boss_Control_white_solid__FSM__fsm_3324.md
Godhome	GG_Radiance	Boss_Scene_Controller_Dream_Entry_Knight_Dream_Arrival_Spark	FSM	3604	Godhome/GG_Radiance/Boss_Scene_Controller_Dream_Entry_Knight_Dream_Arrival_Spark__FSM__fsm_3604.md
Godhome	GG_Radiance	Boss_Scene_Controller_Dream_Entry	Control	3687	Godhome/GG_Radiance/Boss_Scene_Controller_Dream_Entry__Control__fsm_3687.md
Godhome	GG_Radiance	Boss_Scene_Controller	Dream_Enter_Next_Scene	3685	Godhome/GG_Radiance/Boss_Scene_Controller__Dream_Enter_Next_Scene__fsm_3685.md
Godhome	GG_Radiance	Boss_Scene_Controller	Dream_Return	3744	Godhome/GG_Radiance/Boss_Scene_Controller__Dream_Return__fsm_3744.md
Godhome	GG_Radiance	Boss_Scene_Controller_door_dreamEnter	Set_Compass_Point	3632	Godhome/GG_Radiance/Boss_Scene_Controller_door_dreamEnter__Set_Compass_Point__fsm_3632.md
Godhome	GG_Radiance	Boss_Scene_Unlocker	FSM	3751	Godhome/GG_Radiance/Boss_Scene_Unlocker__FSM__fsm_3751.md
Godhome	GG_Radiance	Cloud_Hazard	damages_hero	3330	Godhome/GG_Radiance/Cloud_Hazard__damages_hero__fsm_3330.md
Godhome	GG_Radiance	GG_Arena_Prefab_Darkness_Region	Darkness_Region	3367	Godhome/GG_Radiance/GG_Arena_Prefab_Darkness_Region__Darkness_Region__fsm_3367.md
Godhome	GG_Radiance	Managers_PlayMaker_Unity_2D	PlayMaker_Unity_2D	3249	Godhome/GG_Radiance/Managers_PlayMaker_Unity_2D__PlayMaker_Unity_2D__fsm_3249.md
Godhome	GG_Radiance	SceneManager	disallow_dreamgate_set_and_warp	3307	Godhome/GG_Radiance/SceneManager__disallow_dreamgate_set_and_warp__fsm_3307.md
Godhome	GG_Sly	Unnamed	FSM	42	Godhome/GG_Sly/Unnamed__FSM__fsm_42.md
Godhome	GG_Spa	Unnamed	Custom_Fade	4	Godhome/GG_Spa/Unnamed__Custom_Fade__fsm_4.md
Godhome	GG_Uumuu	Jellyfish_GG	Jellyfish	104	Godhome/GG_Uumuu/Jellyfish_GG__Jellyfish__fsm_104.md
Godhome	GG_Uumuu	Mega_Jellyfish_Quirrel_Land	Watch	107	Godhome/GG_Uumuu/Mega_Jellyfish_Quirrel_Land__Watch__fsm_107.md
Godhome	GG_Uumuu	Mega_Jellyfish_Strike_Nail	Strike	100	Godhome/GG_Uumuu/Mega_Jellyfish_Strike_Nail__Strike__fsm_100.md
Godhome	GG_Uumuu	Mega_Jellyfish	Bounds	99	Godhome/GG_Uumuu/Mega_Jellyfish__Bounds__fsm_99.md
Godhome	GG_Uumuu	Mega_Jellyfish	Mega_Jellyfish	92	Godhome/GG_Uumuu/Mega_Jellyfish__Mega_Jellyfish__fsm_92.md
Godhome	GG_Uumuu	Unnamed	Mega_Jellyfish	76	Godhome/GG_Uumuu/Unnamed__Mega_Jellyfish__fsm_76.md
Godhome	GG_Waterways	Fungus_Flyer_Attack_L	FSM	64	Godhome/GG_Waterways/Fungus_Flyer_Attack_L__FSM__fsm_64.md
Godhome	GG_Waterways	Fungus_Flyer_Attack_R	FSM	70	Godhome/GG_Waterways/Fungus_Flyer_Attack_R__FSM__fsm_70.md
Godhome	GG_Waterways	Fungus_Flyer	Fungus_Flyer	62	Godhome/GG_Waterways/Fungus_Flyer__Fungus_Flyer__fsm_62.md
Godhome	GG_Workshop	GG_Statue_Inspect_Locked	inspect_region	803	Godhome/GG_Workshop/GG_Statue_Inspect_Locked__inspect_region__fsm_803.md
Godhome	GG_Workshop	GG_Statue_Inspect	GG_Boss_UI	788	Godhome/GG_Workshop/GG_Statue_Inspect__GG_Boss_UI__fsm_788.md
Godhome	GG_Workshop	GG_Statue_Inspect	npc_control	840	Godhome/GG_Workshop/GG_Statue_Inspect__npc_control__fsm_840.md
Godhome	GG_Workshop	GG_Statue_door_dreamReturnGG	Return_from_boss	820	Godhome/GG_Workshop/GG_Statue_door_dreamReturnGG__Return_from_boss__fsm_820.md
Godhome	GG_Workshop	GG_Statue_door_dreamReturnGG	Set_Compass_Point	823	Godhome/GG_Workshop/GG_Statue_door_dreamReturnGG__Set_Compass_Point__fsm_823.md
Godhome	GG_Workshop	Unnamed	GG_Boss_UI	784	Godhome/GG_Workshop/Unnamed__GG_Boss_UI__fsm_784.md
Godhome	GG_Workshop	Unnamed	Return_from_boss	785	Godhome/GG_Workshop/Unnamed__Return_from_boss__fsm_785.md
Godhome	Room_GG_Shortcut	Miner_Dream_Dialogue	npc_dream_dialogue	44	Godhome/Room_GG_Shortcut/Miner_Dream_Dialogue__npc_dream_dialogue__fsm_44.md
Godhome	Room_GG_Shortcut	Miner_Prompt_Marker	Prompt	49	Godhome/Room_GG_Shortcut/Miner_Prompt_Marker__Prompt__fsm_49.md
Godhome	Room_GG_Shortcut	Miner	Conversation_Control	50	Godhome/Room_GG_Shortcut/Miner__Conversation_Control__fsm_50.md
Godhome	Room_GG_Shortcut	Miner	Miner_FX	52	Godhome/Room_GG_Shortcut/Miner__Miner_FX__fsm_52.md
Godhome	Room_GG_Shortcut	Miner	npc_control	45	Godhome/Room_GG_Shortcut/Miner__npc_control__fsm_45.md
Godhome	Room_GG_Shortcut	Unnamed	FSM	43	Godhome/Room_GG_Shortcut/Unnamed__FSM__fsm_43.md
Greenpath	Fungus1_01	Corpse_Mossman_Shaker_Gas_Hit_Box	damages_hero	183	Greenpath/Fungus1_01/Corpse_Mossman_Shaker_Gas_Hit_Box__damages_hero__fsm_183.md
Greenpath	Fungus1_01	Corpse_Plant_Trap	corpse_plant_trap	177	Greenpath/Fungus1_01/Corpse_Plant_Trap__corpse_plant_trap__fsm_177.md
Greenpath	Fungus1_01	Mossman_Runner	Zombie_Swipe	219	Greenpath/Fungus1_01/Mossman_Runner__Zombie_Swipe__fsm_219.md
Greenpath	Fungus1_01	Unnamed	Zombie_Swipe	175	Greenpath/Fungus1_01/Unnamed__Zombie_Swipe__fsm_175.md
Greenpath	Fungus1_01b	Unnamed	FSM	18	Greenpath/Fungus1_01b/Unnamed__FSM__fsm_18.md
Greenpath	Fungus1_04_boss	Cutscene_Dreamer_Blast	FSM	65	Greenpath/Fungus1_04_boss/Cutscene_Dreamer_Blast__FSM__fsm_65.md
Greenpath	Fungus1_04_boss	Cutscene_Dreamer_Sprite	Bob	63	Greenpath/Fungus1_04_boss/Cutscene_Dreamer_Sprite__Bob__fsm_63.md
Greenpath	Fungus1_04_boss	Cutscene_Dreamer	Control	62	Greenpath/Fungus1_04_boss/Cutscene_Dreamer__Control__fsm_62.md
Greenpath	Fungus1_06	Unnamed	FSM	22	Greenpath/Fungus1_06/Unnamed__FSM__fsm_22.md
Greenpath	Fungus1_08	UI_Msg_Get_WhiteCharm_BG	color_fader	83	Greenpath/Fungus1_08/UI_Msg_Get_WhiteCharm_BG__color_fader__fsm_83.md
Greenpath	Fungus1_08	UI_Msg_Get_WhiteCharm_Item_Name_Prefix	color_fader	81	Greenpath/Fungus1_08/UI_Msg_Get_WhiteCharm_Item_Name_Prefix__color_fader__fsm_81.md
Greenpath	Fungus1_08	UI_Msg_Get_WhiteCharm_Item_Name	color_fader	88	Greenpath/Fungus1_08/UI_Msg_Get_WhiteCharm_Item_Name__color_fader__fsm_88.md
Greenpath	Fungus1_08	UI_Msg_Get_WhiteCharm_Single_Frag	FSM	82	Greenpath/Fungus1_08/UI_Msg_Get_WhiteCharm_Single_Frag__FSM__fsm_82.md
Greenpath	Fungus1_08	UI_Msg_Get_WhiteCharm_Stop	color_fader	90	Greenpath/Fungus1_08/UI_Msg_Get_WhiteCharm_Stop__color_fader__fsm_90.md
Greenpath	Fungus1_08	UI_Msg_Get_WhiteCharm_White_Flash	fade_and_destroy	93	Greenpath/Fungus1_08/UI_Msg_Get_WhiteCharm_White_Flash__fade_and_destroy__fsm_93.md
Greenpath	Fungus1_08	UI_Msg_Get_WhiteCharm_White_Form	FSM	84	Greenpath/Fungus1_08/UI_Msg_Get_WhiteCharm_White_Form__FSM__fsm_84.md
Greenpath	Fungus1_08	UI_Msg_Get_WhiteCharm	Msg_Control	92	Greenpath/Fungus1_08/UI_Msg_Get_WhiteCharm__Msg_Control__fsm_92.md
Greenpath	Fungus1_09	Bee_Hatchling	Extra_Damage	148	Greenpath/Fungus1_09/Bee_Hatchling__Extra_Damage__fsm_148.md
Greenpath	Fungus1_09	Bee_Hatchling	FSM	143	Greenpath/Fungus1_09/Bee_Hatchling__FSM__fsm_143.md
Greenpath	Fungus1_09	Bee_Hatchling	damages_hero	153	Greenpath/Fungus1_09/Bee_Hatchling__damages_hero__fsm_153.md
Greenpath	Fungus1_09	Bee_Hatchling	enemy_dreamnail_reaction	150	Greenpath/Fungus1_09/Bee_Hatchling__enemy_dreamnail_reaction__fsm_150.md
Greenpath	Fungus1_09	Bee_Hatchling	flyer_receive_direction_msg	132	Greenpath/Fungus1_09/Bee_Hatchling__flyer_receive_direction_msg__fsm_132.md
Greenpath	Fungus1_09	Bee_Hatchling	health_manager_enemy	138	Greenpath/Fungus1_09/Bee_Hatchling__health_manager_enemy__fsm_138.md
Greenpath	Fungus1_09	Corpse_Acid_Fly	corpse	122	Greenpath/Fungus1_09/Corpse_Acid_Fly__corpse__fsm_122.md
Greenpath	Fungus1_09	Shot_Orange_LG_0.7_Lght	HeroLight_Control	154	Greenpath/Fungus1_09/Shot_Orange_LG_0.7_Lght__HeroLight_Control__fsm_154.md
Greenpath	Fungus1_09	Shot_Orange_LG_0.7	proj_control	163	Greenpath/Fungus1_09/Shot_Orange_LG_0.7__proj_control__fsm_163.md
Greenpath	Fungus1_09	Splat_Explode_Orange	FSM	139	Greenpath/Fungus1_09/Splat_Explode_Orange__FSM__fsm_139.md
Greenpath	Fungus1_09	Unnamed	Extra_Damage	120	Greenpath/Fungus1_09/Unnamed__Extra_Damage__fsm_120.md
Greenpath	Fungus1_09	Unnamed	corpse	118	Greenpath/Fungus1_09/Unnamed__corpse__fsm_118.md
Greenpath	Fungus1_09	Unnamed	destroy_if_gameobject_null	119	Greenpath/Fungus1_09/Unnamed__destroy_if_gameobject_null__fsm_119.md
Greenpath	Fungus1_11	Corpse_Plant_Turret	corpse	143	Greenpath/Fungus1_11/Corpse_Plant_Turret__corpse__fsm_143.md
Greenpath	Fungus1_11	Spike_Ball	damages_enemy	151	Greenpath/Fungus1_11/Spike_Ball__damages_enemy__fsm_151.md
Greenpath	Fungus1_11	Spike_Ball	spike_ball_control	137	Greenpath/Fungus1_11/Spike_Ball__spike_ball_control__fsm_137.md
Greenpath	Fungus1_11	Spike_Ball_death_particle_01	FSM	133	Greenpath/Fungus1_11/Spike_Ball_death_particle_01__FSM__fsm_133.md
Greenpath	Fungus1_11	Spike_Ball_death_particle_02	FSM	136	Greenpath/Fungus1_11/Spike_Ball_death_particle_02__FSM__fsm_136.md
Greenpath	Fungus1_11	Spike_Ball_death_particle_03	FSM	130	Greenpath/Fungus1_11/Spike_Ball_death_particle_03__FSM__fsm_130.md
Greenpath	Fungus1_11	Unnamed	FSM	129	Greenpath/Fungus1_11/Unnamed__FSM__fsm_129.md
Greenpath	Fungus1_14	Thorn_Collider	Slash_Reaction	16	Greenpath/Fungus1_14/Thorn_Collider__Slash_Reaction__fsm_16.md
Greenpath	Fungus1_14	Thorn_Collider	damages_enemy	18	Greenpath/Fungus1_14/Thorn_Collider__damages_enemy__fsm_18.md
Greenpath	Fungus1_17	Unnamed	FSM	4	Greenpath/Fungus1_17/Unnamed__FSM__fsm_4.md
Greenpath	Fungus1_20_v02	Corpse_Giant_Buzzer	End_Roar	199	Greenpath/Fungus1_20_v02/Corpse_Giant_Buzzer__End_Roar__fsm_199.md
Greenpath	Fungus1_20_v02	Corpse_Giant_Buzzer	corpse	197	Greenpath/Fungus1_20_v02/Corpse_Giant_Buzzer__corpse__fsm_197.md
Greenpath	Fungus1_20_v02	Unnamed	Attack_Range_Detect	149	Greenpath/Fungus1_20_v02/Unnamed__Attack_Range_Detect__fsm_149.md
Greenpath	Fungus1_20_v02	Zote_Buzzer_Convo_Dream_Dialogue	npc_dream_dialogue	168	Greenpath/Fungus1_20_v02/Zote_Buzzer_Convo_Dream_Dialogue__npc_dream_dialogue__fsm_168.md
Greenpath	Fungus1_20_v02	Zote_Buzzer_Convo_Prompt_Marker	Prompt	201	Greenpath/Fungus1_20_v02/Zote_Buzzer_Convo_Prompt_Marker__Prompt__fsm_201.md
Greenpath	Fungus1_20_v02	Zote_Buzzer_Convo_Ranges_Look_Range	Detect_Hero	200	Greenpath/Fungus1_20_v02/Zote_Buzzer_Convo_Ranges_Look_Range__Detect_Hero__fsm_200.md
Greenpath	Fungus1_20_v02	Zote_Buzzer_Convo	Conversation_Control	195	Greenpath/Fungus1_20_v02/Zote_Buzzer_Convo__Conversation_Control__fsm_195.md
Greenpath	Fungus1_20_v02	Zote_Buzzer_Convo	npc_control	188	Greenpath/Fungus1_20_v02/Zote_Buzzer_Convo__npc_control__fsm_188.md
Greenpath	Fungus1_20_v02	Zote_Buzzer_Encounter	Zote_Buzzer_Control	190	Greenpath/Fungus1_20_v02/Zote_Buzzer_Encounter__Zote_Buzzer_Control__fsm_190.md
Greenpath	Fungus1_20_v02	Zote_Chip_1	FSM	173	Greenpath/Fungus1_20_v02/Zote_Chip_1__FSM__fsm_173.md
Greenpath	Fungus1_20_v02	Zote_Chip_1	Shrink_N_Destroy	186	Greenpath/Fungus1_20_v02/Zote_Chip_1__Shrink_N_Destroy__fsm_186.md
Greenpath	Fungus1_20_v02	Zote_Chip_2	FSM	177	Greenpath/Fungus1_20_v02/Zote_Chip_2__FSM__fsm_177.md
Greenpath	Fungus1_20_v02	Zote_Chip_2	Shrink_N_Destroy	170	Greenpath/Fungus1_20_v02/Zote_Chip_2__Shrink_N_Destroy__fsm_170.md
Greenpath	Fungus1_21	Corpse_Moss_Knight_Nail	Stick_in_ground	88	Greenpath/Fungus1_21/Corpse_Moss_Knight_Nail__Stick_in_ground__fsm_88.md
Greenpath	Fungus1_21	Corpse_Moss_Knight_Nail	fling_self	95	Greenpath/Fungus1_21/Corpse_Moss_Knight_Nail__fling_self__fsm_95.md
Greenpath	Fungus1_21	Corpse_Moss_Knight_Shield	fling_self	107	Greenpath/Fungus1_21/Corpse_Moss_Knight_Shield__fling_self__fsm_107.md
Greenpath	Fungus1_21	Grass_Ball	grass_ball_control	90	Greenpath/Fungus1_21/Grass_Ball__grass_ball_control__fsm_90.md
Greenpath	Fungus1_29	Corpse_Jellyfish	corpse	311	Greenpath/Fungus1_29/Corpse_Jellyfish__corpse__fsm_311.md
Greenpath	Fungus1_29	Corpse_Mega_Moss_Charger_Nibblers_Moss_Charger_Nibbler_(1)	Mossy_Control	445	Greenpath/Fungus1_29/Corpse_Mega_Moss_Charger_Nibblers_Moss_Charger_Nibbler_(1)__Mossy_Control__fsm_445.md
Greenpath	Fungus1_29	Corpse_Mega_Moss_Charger_Nibblers_Moss_Charger_Nibbler_(2)	Mossy_Control	454	Greenpath/Fungus1_29/Corpse_Mega_Moss_Charger_Nibblers_Moss_Charger_Nibbler_(2)__Mossy_Control__fsm_454.md
Greenpath	Fungus1_29	Corpse_Mega_Moss_Charger_Nibblers_Moss_Charger_Nibbler_(3)	Mossy_Control	459	Greenpath/Fungus1_29/Corpse_Mega_Moss_Charger_Nibblers_Moss_Charger_Nibbler_(3)__Mossy_Control__fsm_459.md
Greenpath	Fungus1_29	Corpse_Mega_Moss_Charger_Nibblers_Moss_Charger_Nibbler	Mossy_Control	357	Greenpath/Fungus1_29/Corpse_Mega_Moss_Charger_Nibblers_Moss_Charger_Nibbler__Mossy_Control__fsm_357.md
Greenpath	Fungus1_29	Corpse_Mega_Moss_Charger	Corpse	330	Greenpath/Fungus1_29/Corpse_Mega_Moss_Charger__Corpse__fsm_330.md
Greenpath	Fungus1_29	Gas_Explosion_Uumuu	Explosion_Control	365	Greenpath/Fungus1_29/Gas_Explosion_Uumuu__Explosion_Control__fsm_365.md
Greenpath	Fungus1_29	Gas_Explosion_Uumuu	Uumuu_Event	439	Greenpath/Fungus1_29/Gas_Explosion_Uumuu__Uumuu_Event__fsm_439.md
Greenpath	Fungus1_29	Gas_Explosion_Uumuu	damages_enemy	369	Greenpath/Fungus1_29/Gas_Explosion_Uumuu__damages_enemy__fsm_369.md
Greenpath	Fungus1_29	Jellyfish	Jellyfish	367	Greenpath/Fungus1_29/Jellyfish__Jellyfish__fsm_367.md
Greenpath	Fungus1_29	Lil_Jellyfish	Lil_Jelly	327	Greenpath/Fungus1_29/Lil_Jellyfish__Lil_Jelly__fsm_327.md
Greenpath	Fungus1_32	Moss_Knight_Evade_Range	Randomise	125	Greenpath/Fungus1_32/Moss_Knight_Evade_Range__Randomise__fsm_125.md
Greenpath	Fungus1_32	Moss_Knight_Lake_Range	FSM	138	Greenpath/Fungus1_32/Moss_Knight_Lake_Range__FSM__fsm_138.md
Greenpath	Fungus1_32	Moss_Knight_Shot_Point	damages_enemy	146	Greenpath/Fungus1_32/Moss_Knight_Shot_Point__damages_enemy__fsm_146.md
Greenpath	Fungus1_32	Moss_Knight_Shot_Point	spike_ball_control	133	Greenpath/Fungus1_32/Moss_Knight_Shot_Point__spike_ball_control__fsm_133.md
Greenpath	Fungus1_32	Moss_Knight_Slash2_Hitbox	FSM	122	Greenpath/Fungus1_32/Moss_Knight_Slash2_Hitbox__FSM__fsm_122.md
Greenpath	Fungus1_32	Moss_Knight_Slash_Hitbox	FSM	136	Greenpath/Fungus1_32/Moss_Knight_Slash_Hitbox__FSM__fsm_136.md
Greenpath	Fungus1_32	Moss_Knight_Spit_Effect	FSM	127	Greenpath/Fungus1_32/Moss_Knight_Spit_Effect__FSM__fsm_127.md
Greenpath	Fungus1_32	Moss_Knight_Spit_Range	Randomise	124	Greenpath/Fungus1_32/Moss_Knight_Spit_Range__Randomise__fsm_124.md
Greenpath	Fungus1_32	Moss_Knight_Wake_Box	Detect_Hit	149	Greenpath/Fungus1_32/Moss_Knight_Wake_Box__Detect_Hit__fsm_149.md
Greenpath	Fungus1_32	Moss_Knight	Moss_Knight_Control	159	Greenpath/Fungus1_32/Moss_Knight__Moss_Knight_Control__fsm_159.md
Greenpath	Fungus1_34	Zombie_Leaper	Zombie_Leap	26	Greenpath/Fungus1_34/Zombie_Leaper__Zombie_Leap__fsm_26.md
Greenpath	Fungus1_35	Ghost_Death_No_Eyes	Control	117	Greenpath/Fungus1_35/Ghost_Death_No_Eyes__Control__fsm_117.md
Greenpath	Fungus1_35	Ghost_Death	Shake	118	Greenpath/Fungus1_35/Ghost_Death__Shake__fsm_118.md
Greenpath	Fungus1_35	No_Eyes_Head	Control	116	Greenpath/Fungus1_35/No_Eyes_Head__Control__fsm_116.md
Greenpath	Fungus1_35	Shot_Slug_Spear	Control	105	Greenpath/Fungus1_35/Shot_Slug_Spear__Control__fsm_105.md
Grimm_Troupe	Grimm_Main_Tent	Flamebearer_Spawn_Get_Flame	Follow_Grimmchild	318	Grimm_Troupe/Grimm_Main_Tent/Flamebearer_Spawn_Get_Flame__Follow_Grimmchild__fsm_318.md
Grimm_Troupe	Grimm_Main_Tent	Flamebearer_Spawn_Hero_Detector	FSM	272	Grimm_Troupe/Grimm_Main_Tent/Flamebearer_Spawn_Hero_Detector__FSM__fsm_272.md
Grimm_Troupe	Grimm_Main_Tent	Flamebearer_Spawn	Spawn_Control	277	Grimm_Troupe/Grimm_Main_Tent/Flamebearer_Spawn__Spawn_Control__fsm_277.md
Grimm_Troupe	Grimm_Main_Tent	Grimm_Scene_Absorb_Effects_Burst_(1)	FSM	282	Grimm_Troupe/Grimm_Main_Tent/Grimm_Scene_Absorb_Effects_Burst_(1)__FSM__fsm_282.md
Grimm_Troupe	Grimm_Main_Tent	Grimm_Scene_Absorb_Effects_Burst	FSM	285	Grimm_Troupe/Grimm_Main_Tent/Grimm_Scene_Absorb_Effects_Burst__FSM__fsm_285.md
Grimm_Troupe	Grimm_Main_Tent	Grimm_Scene_Absorb_Effects_White_Flash	fade_and_destroy	297	Grimm_Troupe/Grimm_Main_Tent/Grimm_Scene_Absorb_Effects_White_Flash__fade_and_destroy__fsm_297.md
Grimm_Troupe	Grimm_Main_Tent	Grimm_Scene_CamLock_Normal	Remove	315	Grimm_Troupe/Grimm_Main_Tent/Grimm_Scene_CamLock_Normal__Remove__fsm_315.md
Grimm_Troupe	Grimm_Main_Tent	Grimm_Scene_Dark_room_grimm_fader_(1)	color_fader	292	Grimm_Troupe/Grimm_Main_Tent/Grimm_Scene_Dark_room_grimm_fader_(1)__color_fader__fsm_292.md
Grimm_Troupe	Grimm_Main_Tent	Grimm_Scene_Dark_room_grimm_fader_(2)	color_fader	271	Grimm_Troupe/Grimm_Main_Tent/Grimm_Scene_Dark_room_grimm_fader_(2)__color_fader__fsm_271.md
Grimm_Troupe	Grimm_Main_Tent	Grimm_Scene_Dark_room_grimm_fader_(3)	color_fader	312	Grimm_Troupe/Grimm_Main_Tent/Grimm_Scene_Dark_room_grimm_fader_(3)__color_fader__fsm_312.md
Grimm_Troupe	Grimm_Main_Tent	Grimm_Scene_Dark_room_grimm_fader	color_fader	300	Grimm_Troupe/Grimm_Main_Tent/Grimm_Scene_Dark_room_grimm_fader__color_fader__fsm_300.md
Grimm_Troupe	Grimm_Main_Tent	Grimm_Scene_Get_Flash	FSM	274	Grimm_Troupe/Grimm_Main_Tent/Grimm_Scene_Get_Flash__FSM__fsm_274.md
Grimm_Troupe	Grimm_Main_Tent	Grimm_Scene_Light_Up_Flash	fade_and_destroy	273	Grimm_Troupe/Grimm_Main_Tent/Grimm_Scene_Light_Up_Flash__fade_and_destroy__fsm_273.md
Grimm_Troupe	Grimm_Main_Tent	Grimm_Scene_Spotlight_Beam_1	color_fader	291	Grimm_Troupe/Grimm_Main_Tent/Grimm_Scene_Spotlight_Beam_1__color_fader__fsm_291.md
Grimm_Troupe	Grimm_Main_Tent	Grimm_Scene_Spotlight_grimm_spotlight	color_fader	280	Grimm_Troupe/Grimm_Main_Tent/Grimm_Scene_Spotlight_grimm_spotlight__color_fader__fsm_280.md
Grimm_Troupe	Grimm_Main_Tent	Grimm_Scene_Spotlight_grimm_tent_beam_(1)	color_fader	281	Grimm_Troupe/Grimm_Main_Tent/Grimm_Scene_Spotlight_grimm_tent_beam_(1)__color_fader__fsm_281.md
Grimm_Troupe	Grimm_Main_Tent	Grimm_Scene	Initial_Scene	301	Grimm_Troupe/Grimm_Main_Tent/Grimm_Scene__Initial_Scene__fsm_301.md
Grimm_Troupe	Grimm_Main_Tent	Unnamed	Initial_Scene	266	Grimm_Troupe/Grimm_Main_Tent/Unnamed__Initial_Scene__fsm_266.md
Grimm_Troupe	Grimm_Main_Tent_boss	Firebat_Pillar	Control	142	Grimm_Troupe/Grimm_Main_Tent_boss/Firebat_Pillar__Control__fsm_142.md
Grimm_Troupe	Grimm_Main_Tent_boss	Firebat_Pillar	damages_hero	141	Grimm_Troupe/Grimm_Main_Tent_boss/Firebat_Pillar__damages_hero__fsm_141.md
Grimm_Troupe	Grimm_Main_Tent_boss	Grimm_Firebat_Spawn_Flash	FSM	129	Grimm_Troupe/Grimm_Main_Tent_boss/Grimm_Firebat_Spawn_Flash__FSM__fsm_129.md
Grimm_Troupe	Grimm_Main_Tent_boss	Grimm_Firebat	Control	121	Grimm_Troupe/Grimm_Main_Tent_boss/Grimm_Firebat__Control__fsm_121.md
Grimm_Troupe	Grimm_Main_Tent_boss	Grimm_UP_Ball	damages_hero	140	Grimm_Troupe/Grimm_Main_Tent_boss/Grimm_UP_Ball__damages_hero__fsm_140.md
Grimm_Troupe	Grimm_Main_Tent_boss	Unnamed	Control	118	Grimm_Troupe/Grimm_Main_Tent_boss/Unnamed__Control__fsm_118.md
Grimm_Troupe	Grimm_Nightmare	Firebat_Pillar_NM	Control	148	Grimm_Troupe/Grimm_Nightmare/Firebat_Pillar_NM__Control__fsm_148.md
Grimm_Troupe	Grimm_Nightmare	Firebat_Pillar_NM	damages_hero	147	Grimm_Troupe/Grimm_Nightmare/Firebat_Pillar_NM__damages_hero__fsm_147.md
Grimm_Troupe	Grimm_Nightmare	Flame_Trail	Control	132	Grimm_Troupe/Grimm_Nightmare/Flame_Trail__Control__fsm_132.md
Grimm_Troupe	Grimm_Nightmare	Flame_Trail	damages_hero	146	Grimm_Troupe/Grimm_Nightmare/Flame_Trail__damages_hero__fsm_146.md
Grimm_Troupe	Grimm_Nightmare	Nightmare_Firebat_Spawn_Flash	FSM	137	Grimm_Troupe/Grimm_Nightmare/Nightmare_Firebat_Spawn_Flash__FSM__fsm_137.md
Grimm_Troupe	Grimm_Nightmare	Nightmare_Firebat	Control	129	Grimm_Troupe/Grimm_Nightmare/Nightmare_Firebat__Control__fsm_129.md
Grimm_Troupe	Grimm_Nightmare	Unnamed	Control	126	Grimm_Troupe/Grimm_Nightmare/Unnamed__Control__fsm_126.md
Hive	Hive_02	Unnamed	Smash	6	Hive/Hive_02/Unnamed__Smash__fsm_6.md
Hive	Hive_05	Bee_Dropper	Control	105	Hive/Hive_05/Bee_Dropper__Control__fsm_105.md
Hive	Hive_05	Bee_Dropper	Recoil	99	Hive/Hive_05/Bee_Dropper__Recoil__fsm_99.md
Hive	Hive_05	Corpse_Hive_Knight	corpse	102	Hive/Hive_05/Corpse_Hive_Knight__corpse__fsm_102.md
Hive	Hive_05	Unnamed	Control	97	Hive/Hive_05/Unnamed__Control__fsm_97.md
Hive	Hive_05	Unnamed	FSM	96	Hive/Hive_05/Unnamed__FSM__fsm_96.md
Hive	Hive_05	Unnamed	FSM	98	Hive/Hive_05/Unnamed__FSM__fsm_98.md
Howling_Cliffs	Cliffs_06	Unnamed	FSM	58	Howling_Cliffs/Cliffs_06/Unnamed__FSM__fsm_58.md
Nailmasters	Room_nailmaster	Roar_Wave_Emitter	emitter	117	Nailmasters/Room_nailmaster/Roar_Wave_Emitter__emitter__fsm_117.md
Queens_Gardens	Fungus3_01	Corpse_Jellyfish_Baby	Control	41	Queens_Gardens/Fungus3_01/Corpse_Jellyfish_Baby__Control__fsm_41.md
Queens_Gardens	Fungus3_10	Shot_Spine	collide_with_wall	95	Queens_Gardens/Fungus3_10/Shot_Spine__collide_with_wall__fsm_95.md
Queens_Gardens	Fungus3_23_boss	Corpse_Traitor_Lord	Blow	75	Queens_Gardens/Fungus3_23_boss/Corpse_Traitor_Lord__Blow__fsm_75.md
Queens_Gardens	Fungus3_23_boss	Corpse_Traitor_Lord	FSM	71	Queens_Gardens/Fungus3_23_boss/Corpse_Traitor_Lord__FSM__fsm_71.md
Queens_Gardens	Fungus3_23_boss	Shot_Traitor_Lord	Movement	79	Queens_Gardens/Fungus3_23_boss/Shot_Traitor_Lord__Movement__fsm_79.md
Queens_Gardens	Fungus3_23_boss	Unnamed	corpse	65	Queens_Gardens/Fungus3_23_boss/Unnamed__corpse__fsm_65.md
Queens_Gardens	Fungus3_35	Bank_Menu_Deposit_Menu_Arrow_D	Arrow_Anim	259	Queens_Gardens/Fungus3_35/Bank_Menu_Deposit_Menu_Arrow_D__Arrow_Anim__fsm_259.md
Queens_Gardens	Fungus3_35	Bank_Menu_Deposit_Menu_Arrow_D	FSM	268	Queens_Gardens/Fungus3_35/Bank_Menu_Deposit_Menu_Arrow_D__FSM__fsm_268.md
Queens_Gardens	Fungus3_35	Bank_Menu_Deposit_Menu_Arrow_U	Arrow_Anim	222	Queens_Gardens/Fungus3_35/Bank_Menu_Deposit_Menu_Arrow_U__Arrow_Anim__fsm_222.md
Queens_Gardens	Fungus3_35	Bank_Menu_Deposit_Menu_Arrow_U	FSM	230	Queens_Gardens/Fungus3_35/Bank_Menu_Deposit_Menu_Arrow_U__FSM__fsm_230.md
Queens_Gardens	Fungus3_35	Bank_Menu_Deposit_Menu_Glow	FSM	248	Queens_Gardens/Fungus3_35/Bank_Menu_Deposit_Menu_Glow__FSM__fsm_248.md
Queens_Gardens	Fungus3_35	Bank_Menu_Deposit_Menu_Glow	Fader	278	Queens_Gardens/Fungus3_35/Bank_Menu_Deposit_Menu_Glow__Fader__fsm_278.md
Queens_Gardens	Fungus3_35	Bank_Menu_Deposit_Menu_Txt_Deposit_Amount	FSM	327	Queens_Gardens/Fungus3_35/Bank_Menu_Deposit_Menu_Txt_Deposit_Amount__FSM__fsm_327.md
Queens_Gardens	Fungus3_35	Bank_Menu_Deposit_Menu_Txt_How_Much	FSM	295	Queens_Gardens/Fungus3_35/Bank_Menu_Deposit_Menu_Txt_How_Much__FSM__fsm_295.md
Queens_Gardens	Fungus3_35	Bank_Menu_Deposit_Menu_Txt_How_Much	get_game_text	253	Queens_Gardens/Fungus3_35/Bank_Menu_Deposit_Menu_Txt_How_Much__get_game_text__fsm_253.md
Queens_Gardens	Fungus3_35	Bank_Menu_Deposit_Menu	Menu_Control	228	Queens_Gardens/Fungus3_35/Bank_Menu_Deposit_Menu__Menu_Control__fsm_228.md
Queens_Gardens	Fungus3_35	Bank_Menu_Deposit_Menu	ui_list_getinput	218	Queens_Gardens/Fungus3_35/Bank_Menu_Deposit_Menu__ui_list_getinput__fsm_218.md
Queens_Gardens	Fungus3_35	Bank_Menu_Geo_Sprite	FSM	318	Queens_Gardens/Fungus3_35/Bank_Menu_Geo_Sprite__FSM__fsm_318.md
Queens_Gardens	Fungus3_35	Bank_Menu_Inv_0017_divider	FSM	288	Queens_Gardens/Fungus3_35/Bank_Menu_Inv_0017_divider__FSM__fsm_288.md
Queens_Gardens	Fungus3_35	Bank_Menu_Menu_1_Deposit_Glow	Fader	308	Queens_Gardens/Fungus3_35/Bank_Menu_Menu_1_Deposit_Glow__Fader__fsm_308.md
Queens_Gardens	Fungus3_35	Bank_Menu_Menu_1_Deposit_Not_Enough_Not_Enough_Sub	Enough_Geo?	219	Queens_Gardens/Fungus3_35/Bank_Menu_Menu_1_Deposit_Not_Enough_Not_Enough_Sub__Enough_Geo?__fsm_219.md
Queens_Gardens	Fungus3_35	Bank_Menu_Menu_1_Deposit_Not_Enough_Not_Enough_Sub	ui_list_item	254	Queens_Gardens/Fungus3_35/Bank_Menu_Menu_1_Deposit_Not_Enough_Not_Enough_Sub__ui_list_item__fsm_254.md
Queens_Gardens	Fungus3_35	Bank_Menu_Menu_1_Deposit_Pointer_L	menu_pointer	317	Queens_Gardens/Fungus3_35/Bank_Menu_Menu_1_Deposit_Pointer_L__menu_pointer__fsm_317.md
Queens_Gardens	Fungus3_35	Bank_Menu_Menu_1_Deposit_Pointer_R	menu_pointer	216	Queens_Gardens/Fungus3_35/Bank_Menu_Menu_1_Deposit_Pointer_R__menu_pointer__fsm_216.md
Queens_Gardens	Fungus3_35	Bank_Menu_Menu_1_Deposit	FSM	287	Queens_Gardens/Fungus3_35/Bank_Menu_Menu_1_Deposit__FSM__fsm_287.md
Queens_Gardens	Fungus3_35	Bank_Menu_Menu_1_Deposit	ui_list_item	245	Queens_Gardens/Fungus3_35/Bank_Menu_Menu_1_Deposit__ui_list_item__fsm_245.md
Queens_Gardens	Fungus3_35	Bank_Menu_Menu_1_Exit_Glow	Fader	325	Queens_Gardens/Fungus3_35/Bank_Menu_Menu_1_Exit_Glow__Fader__fsm_325.md
Queens_Gardens	Fungus3_35	Bank_Menu_Menu_1_Exit_Pointer_L	menu_pointer	313	Queens_Gardens/Fungus3_35/Bank_Menu_Menu_1_Exit_Pointer_L__menu_pointer__fsm_313.md
Queens_Gardens	Fungus3_35	Bank_Menu_Menu_1_Exit_Pointer_R	menu_pointer	291	Queens_Gardens/Fungus3_35/Bank_Menu_Menu_1_Exit_Pointer_R__menu_pointer__fsm_291.md
Queens_Gardens	Fungus3_35	Bank_Menu_Menu_1_Exit	FSM	232	Queens_Gardens/Fungus3_35/Bank_Menu_Menu_1_Exit__FSM__fsm_232.md
Queens_Gardens	Fungus3_35	Bank_Menu_Menu_1_Exit	ui_list_item	252	Queens_Gardens/Fungus3_35/Bank_Menu_Menu_1_Exit__ui_list_item__fsm_252.md
Queens_Gardens	Fungus3_35	Bank_Menu_Menu_1_Withdraw_Glow	Fader	292	Queens_Gardens/Fungus3_35/Bank_Menu_Menu_1_Withdraw_Glow__Fader__fsm_292.md
Queens_Gardens	Fungus3_35	Bank_Menu_Menu_1_Withdraw_Pointer_L	menu_pointer	300	Queens_Gardens/Fungus3_35/Bank_Menu_Menu_1_Withdraw_Pointer_L__menu_pointer__fsm_300.md
Queens_Gardens	Fungus3_35	Bank_Menu_Menu_1_Withdraw_Pointer_R	menu_pointer	236	Queens_Gardens/Fungus3_35/Bank_Menu_Menu_1_Withdraw_Pointer_R__menu_pointer__fsm_236.md
Queens_Gardens	Fungus3_35	Bank_Menu_Menu_1_Withdraw	FSM	214	Queens_Gardens/Fungus3_35/Bank_Menu_Menu_1_Withdraw__FSM__fsm_214.md
Queens_Gardens	Fungus3_35	Bank_Menu_Menu_1_Withdraw	ui_list_item	272	Queens_Gardens/Fungus3_35/Bank_Menu_Menu_1_Withdraw__ui_list_item__fsm_272.md
Queens_Gardens	Fungus3_35	Bank_Menu_Menu_1	Confirm_Control	326	Queens_Gardens/Fungus3_35/Bank_Menu_Menu_1__Confirm_Control__fsm_326.md
Queens_Gardens	Fungus3_35	Bank_Menu_Menu_1	ui_list	332	Queens_Gardens/Fungus3_35/Bank_Menu_Menu_1__ui_list__fsm_332.md
Queens_Gardens	Fungus3_35	Bank_Menu_Menu_1	ui_list_button_listen	235	Queens_Gardens/Fungus3_35/Bank_Menu_Menu_1__ui_list_button_listen__fsm_235.md
Queens_Gardens	Fungus3_35	Bank_Menu_Txt_Balance_Amount	FSM	316	Queens_Gardens/Fungus3_35/Bank_Menu_Txt_Balance_Amount__FSM__fsm_316.md
Queens_Gardens	Fungus3_35	Bank_Menu_Txt_Balance_Amount	Set_Init_Balance	334	Queens_Gardens/Fungus3_35/Bank_Menu_Txt_Balance_Amount__Set_Init_Balance__fsm_334.md
Queens_Gardens	Fungus3_35	Bank_Menu_Txt_Balance	FSM	309	Queens_Gardens/Fungus3_35/Bank_Menu_Txt_Balance__FSM__fsm_309.md
Queens_Gardens	Fungus3_35	Bank_Menu_Txt_Balance	get_game_text	255	Queens_Gardens/Fungus3_35/Bank_Menu_Txt_Balance__get_game_text__fsm_255.md
Queens_Gardens	Fungus3_35	Bank_Menu_Txt_Max_Balance_Amount	FSM	241	Queens_Gardens/Fungus3_35/Bank_Menu_Txt_Max_Balance_Amount__FSM__fsm_241.md
Queens_Gardens	Fungus3_35	Bank_Menu_Txt_Max_Balance_Amount	get_game_text	260	Queens_Gardens/Fungus3_35/Bank_Menu_Txt_Max_Balance_Amount__get_game_text__fsm_260.md
Queens_Gardens	Fungus3_35	Bank_Menu_Txt_Max_Balance	FSM	331	Queens_Gardens/Fungus3_35/Bank_Menu_Txt_Max_Balance__FSM__fsm_331.md
Queens_Gardens	Fungus3_35	Bank_Menu_Txt_Max_Balance	get_game_text	298	Queens_Gardens/Fungus3_35/Bank_Menu_Txt_Max_Balance__get_game_text__fsm_298.md
Queens_Gardens	Fungus3_35	Bank_Menu_Window_Figurehead	animate_up_and_down	271	Queens_Gardens/Fungus3_35/Bank_Menu_Window_Figurehead__animate_up_and_down__fsm_271.md
Queens_Gardens	Fungus3_35	Bank_Menu_Window_Shop_Backboard	FSM	286	Queens_Gardens/Fungus3_35/Bank_Menu_Window_Shop_Backboard__FSM__fsm_286.md
Queens_Gardens	Fungus3_35	Bank_Menu_Window_Shop_Border_Bottom	animate_up_and_down	294	Queens_Gardens/Fungus3_35/Bank_Menu_Window_Shop_Border_Bottom__animate_up_and_down__fsm_294.md
Queens_Gardens	Fungus3_35	Bank_Menu_Window_Shop_Border_top	animate_up_and_down	265	Queens_Gardens/Fungus3_35/Bank_Menu_Window_Shop_Border_top__animate_up_and_down__fsm_265.md
Queens_Gardens	Fungus3_35	Bank_Menu_Window_shop_mask_bottom	FSM	307	Queens_Gardens/Fungus3_35/Bank_Menu_Window_shop_mask_bottom__FSM__fsm_307.md
Queens_Gardens	Fungus3_35	Bank_Menu_Window_shop_mask_top	FSM	306	Queens_Gardens/Fungus3_35/Bank_Menu_Window_shop_mask_top__FSM__fsm_306.md
Queens_Gardens	Fungus3_35	Bank_Menu_Withdraw_Menu_Arrow_D	Arrow_Anim	299	Queens_Gardens/Fungus3_35/Bank_Menu_Withdraw_Menu_Arrow_D__Arrow_Anim__fsm_299.md
Queens_Gardens	Fungus3_35	Bank_Menu_Withdraw_Menu_Arrow_D	FSM	303	Queens_Gardens/Fungus3_35/Bank_Menu_Withdraw_Menu_Arrow_D__FSM__fsm_303.md
Queens_Gardens	Fungus3_35	Bank_Menu_Withdraw_Menu_Arrow_U	Arrow_Anim	282	Queens_Gardens/Fungus3_35/Bank_Menu_Withdraw_Menu_Arrow_U__Arrow_Anim__fsm_282.md
Queens_Gardens	Fungus3_35	Bank_Menu_Withdraw_Menu_Arrow_U	FSM	329	Queens_Gardens/Fungus3_35/Bank_Menu_Withdraw_Menu_Arrow_U__FSM__fsm_329.md
Queens_Gardens	Fungus3_35	Bank_Menu_Withdraw_Menu_Glow	FSM	279	Queens_Gardens/Fungus3_35/Bank_Menu_Withdraw_Menu_Glow__FSM__fsm_279.md
Queens_Gardens	Fungus3_35	Bank_Menu_Withdraw_Menu_Glow	Fader	304	Queens_Gardens/Fungus3_35/Bank_Menu_Withdraw_Menu_Glow__Fader__fsm_304.md
Queens_Gardens	Fungus3_35	Bank_Menu_Withdraw_Menu_Txt_How_Much	FSM	257	Queens_Gardens/Fungus3_35/Bank_Menu_Withdraw_Menu_Txt_How_Much__FSM__fsm_257.md
Queens_Gardens	Fungus3_35	Bank_Menu_Withdraw_Menu_Txt_How_Much	get_game_text	302	Queens_Gardens/Fungus3_35/Bank_Menu_Withdraw_Menu_Txt_How_Much__get_game_text__fsm_302.md
Queens_Gardens	Fungus3_35	Bank_Menu_Withdraw_Menu_Txt_Withdraw_Amount	FSM	263	Queens_Gardens/Fungus3_35/Bank_Menu_Withdraw_Menu_Txt_Withdraw_Amount__FSM__fsm_263.md
Queens_Gardens	Fungus3_35	Bank_Menu_Withdraw_Menu	Menu_Control	238	Queens_Gardens/Fungus3_35/Bank_Menu_Withdraw_Menu__Menu_Control__fsm_238.md
Queens_Gardens	Fungus3_35	Bank_Menu_Withdraw_Menu	ui_list_getinput	266	Queens_Gardens/Fungus3_35/Bank_Menu_Withdraw_Menu__ui_list_getinput__fsm_266.md
Queens_Gardens	Fungus3_35	Bank_Menu	shop_control	290	Queens_Gardens/Fungus3_35/Bank_Menu__shop_control__fsm_290.md
Queens_Gardens	Fungus3_35	Unnamed	Fader	212	Queens_Gardens/Fungus3_35/Unnamed__Fader__fsm_212.md
Queens_Gardens	Fungus3_35	Unnamed	shop_control	213	Queens_Gardens/Fungus3_35/Unnamed__shop_control__fsm_213.md
Queens_Gardens	Fungus3_40_boss	Ghost_Death_Marmu	Control	37	Queens_Gardens/Fungus3_40_boss/Ghost_Death_Marmu__Control__fsm_37.md
Queens_Gardens	Fungus3_49	Godseeker_Waterways_Coffin	Conversation_Control	343	Queens_Gardens/Fungus3_49/Godseeker_Waterways_Coffin__Conversation_Control__fsm_343.md
Queens_Gardens	Fungus3_49	Godseeker_Waterways_Coffin	npc_control	328	Queens_Gardens/Fungus3_49/Godseeker_Waterways_Coffin__npc_control__fsm_328.md
Queens_Gardens	Fungus3_49	Godseeker_Waterways_Godseeker_Awake_Dream_Enter_Dream_Impact	Control	383	Queens_Gardens/Fungus3_49/Godseeker_Waterways_Godseeker_Awake_Dream_Enter_Dream_Impact__Control__fsm_383.md
Queens_Gardens	Fungus3_49	Godseeker_Waterways_Godseeker_Awake_Dream_Enter_Dream_Impact	FSM	371	Queens_Gardens/Fungus3_49/Godseeker_Waterways_Godseeker_Awake_Dream_Enter_Dream_Impact__FSM__fsm_371.md
Queens_Gardens	Fungus3_49	Godseeker_Waterways_Godseeker_Awake_Dream_Enter_White_Flash	FSM	377	Queens_Gardens/Fungus3_49/Godseeker_Waterways_Godseeker_Awake_Dream_Enter_White_Flash__FSM__fsm_377.md
Queens_Gardens	Fungus3_49	Godseeker_Waterways_Godseeker_Awake_Dream_Enter	Control	380	Queens_Gardens/Fungus3_49/Godseeker_Waterways_Godseeker_Awake_Dream_Enter__Control__fsm_380.md
Queens_Gardens	Fungus3_49	Godseeker_Waterways_Godseeker_Awake_Flower_Appear_Flower_Give_Soul_Burst	Deactivate	317	Queens_Gardens/Fungus3_49/Godseeker_Waterways_Godseeker_Awake_Flower_Appear_Flower_Give_Soul_Burst__Deactivate__fsm_317.md
Queens_Gardens	Fungus3_49	Godseeker_Waterways_Godseeker_Awake_Flower_Appear_Flower_Give_Soul_Burst	Rotate	352	Queens_Gardens/Fungus3_49/Godseeker_Waterways_Godseeker_Awake_Flower_Appear_Flower_Give_Soul_Burst__Rotate__fsm_352.md
Queens_Gardens	Fungus3_49	Godseeker_Waterways_Godseeker_Awake_Flower_Appear_Flower_Give_White_Flash	fade_and_destroy	370	Queens_Gardens/Fungus3_49/Godseeker_Waterways_Godseeker_Awake_Flower_Appear_Flower_Give_White_Flash__fade_and_destroy__fsm_370.md
Queens_Gardens	Fungus3_49	Godseeker_Waterways_Godseeker_Awake	Conversation_Control	308	Queens_Gardens/Fungus3_49/Godseeker_Waterways_Godseeker_Awake__Conversation_Control__fsm_308.md
Queens_Gardens	Fungus3_49	Godseeker_Waterways_Godseeker_Awake	npc_control	329	Queens_Gardens/Fungus3_49/Godseeker_Waterways_Godseeker_Awake__npc_control__fsm_329.md
Queens_Gardens	Fungus3_49	Godseeker_Waterways_Godseeker_Dazed_Dream_Enter_Dream_Impact	Control	384	Queens_Gardens/Fungus3_49/Godseeker_Waterways_Godseeker_Dazed_Dream_Enter_Dream_Impact__Control__fsm_384.md
Queens_Gardens	Fungus3_49	Godseeker_Waterways_Godseeker_Dazed_Dream_Enter_Dream_Impact	FSM	373	Queens_Gardens/Fungus3_49/Godseeker_Waterways_Godseeker_Dazed_Dream_Enter_Dream_Impact__FSM__fsm_373.md
Queens_Gardens	Fungus3_49	Godseeker_Waterways_Godseeker_Dazed_Dream_Enter_White_Flash	FSM	386	Queens_Gardens/Fungus3_49/Godseeker_Waterways_Godseeker_Dazed_Dream_Enter_White_Flash__FSM__fsm_386.md
Queens_Gardens	Fungus3_49	Godseeker_Waterways_Godseeker_Dazed_Dream_Enter	Control	375	Queens_Gardens/Fungus3_49/Godseeker_Waterways_Godseeker_Dazed_Dream_Enter__Control__fsm_375.md
Queens_Gardens	Fungus3_49	Godseeker_Waterways_Godseeker_Dazed	Conversation_Control	348	Queens_Gardens/Fungus3_49/Godseeker_Waterways_Godseeker_Dazed__Conversation_Control__fsm_348.md
Queens_Gardens	Fungus3_49	Godseeker_Waterways_Godseeker_Dazed	npc_control	340	Queens_Gardens/Fungus3_49/Godseeker_Waterways_Godseeker_Dazed__npc_control__fsm_340.md
Queens_Gardens	Fungus3_49	Godseeker_Waterways_Godseeker_Fall_Dream_Enter_Dream_Impact	Control	354	Queens_Gardens/Fungus3_49/Godseeker_Waterways_Godseeker_Fall_Dream_Enter_Dream_Impact__Control__fsm_354.md
Queens_Gardens	Fungus3_49	Godseeker_Waterways_Godseeker_Fall_Dream_Enter_Dream_Impact	FSM	363	Queens_Gardens/Fungus3_49/Godseeker_Waterways_Godseeker_Fall_Dream_Enter_Dream_Impact__FSM__fsm_363.md
Queens_Gardens	Fungus3_49	Godseeker_Waterways_Godseeker_Fall_Dream_Enter_White_Flash	FSM	341	Queens_Gardens/Fungus3_49/Godseeker_Waterways_Godseeker_Fall_Dream_Enter_White_Flash__FSM__fsm_341.md
Queens_Gardens	Fungus3_49	Godseeker_Waterways_Godseeker_Fall_Dream_Enter	Control	322	Queens_Gardens/Fungus3_49/Godseeker_Waterways_Godseeker_Fall_Dream_Enter__Control__fsm_322.md
Queens_Gardens	Fungus3_49	Godseeker_Waterways_Godseeker_Fall	Fall_Anim	318	Queens_Gardens/Fungus3_49/Godseeker_Waterways_Godseeker_Fall__Fall_Anim__fsm_318.md
Queens_Gardens	Fungus3_49	Godseeker_Waterways_Shiny_Item_Godfinder_Inspect_Region_Prompt_Marker	Prompt	378	Queens_Gardens/Fungus3_49/Godseeker_Waterways_Shiny_Item_Godfinder_Inspect_Region_Prompt_Marker__Prompt__fsm_378.md
Queens_Gardens	Fungus3_49	Godseeker_Waterways_Shiny_Item_Godfinder_Inspect_Region	inspect	360	Queens_Gardens/Fungus3_49/Godseeker_Waterways_Shiny_Item_Godfinder_Inspect_Region__inspect__fsm_360.md
Queens_Gardens	Fungus3_49	Godseeker_Waterways_Shiny_Item_Godfinder	Generate_Wave	339	Queens_Gardens/Fungus3_49/Godseeker_Waterways_Shiny_Item_Godfinder__Generate_Wave__fsm_339.md
Queens_Gardens	Fungus3_49	Godseeker_Waterways_Shiny_Item_Godfinder	Shiny_Control	338	Queens_Gardens/Fungus3_49/Godseeker_Waterways_Shiny_Item_Godfinder__Shiny_Control__fsm_338.md
Queens_Gardens	Fungus3_49	Godseeker_Waterways_door_dreamReturn	Set_Compass_Point	347	Queens_Gardens/Fungus3_49/Godseeker_Waterways_door_dreamReturn__Set_Compass_Point__fsm_347.md
Queens_Gardens	Fungus3_49	Godseeker_Waterways_door_dreamReturn	Set_Respawn	307	Queens_Gardens/Fungus3_49/Godseeker_Waterways_door_dreamReturn__Set_Respawn__fsm_307.md
Queens_Gardens	Fungus3_49	Unnamed	Control	303	Queens_Gardens/Fungus3_49/Unnamed__Control__fsm_303.md
Queens_Gardens	Fungus3_archive_02	Jellyfish_Baby	Jellyfish_Baby	61	Queens_Gardens/Fungus3_archive_02/Jellyfish_Baby__Jellyfish_Baby__fsm_61.md
Queens_Gardens	Fungus3_archive_02	Unnamed	Random_Frame	59	Queens_Gardens/Fungus3_archive_02/Unnamed__Random_Frame__fsm_59.md
Queens_Gardens	Fungus3_archive_02_boss	Corpse_Mega_Jellyfish_Lines_Splat_Effect	FSM	79	Queens_Gardens/Fungus3_archive_02_boss/Corpse_Mega_Jellyfish_Lines_Splat_Effect__FSM__fsm_79.md
Queens_Gardens	Fungus3_archive_02_boss	Corpse_Mega_Jellyfish_White_Flash	fade_and_destroy	83	Queens_Gardens/Fungus3_archive_02_boss/Corpse_Mega_Jellyfish_White_Flash__fade_and_destroy__fsm_83.md
Queens_Gardens	Fungus3_archive_02_boss	Corpse_Mega_Jellyfish	Death	91	Queens_Gardens/Fungus3_archive_02_boss/Corpse_Mega_Jellyfish__Death__fsm_91.md
Queens_Gardens	Room_Queen	Unnamed	Music_Region	57	Queens_Gardens/Room_Queen/Unnamed__Music_Region__fsm_57.md
Resting_Grounds	RestingGrounds_02_boss	Ghost_Death_Xero	Control	40	Resting_Grounds/RestingGrounds_02_boss/Ghost_Death_Xero__Control__fsm_40.md
Resting_Grounds	RestingGrounds_02_boss	Unnamed	FSM	35	Resting_Grounds/RestingGrounds_02_boss/Unnamed__FSM__fsm_35.md
Resting_Grounds	RestingGrounds_10	Corpse_Grave_Zombie	Control	54	Resting_Grounds/RestingGrounds_10/Corpse_Grave_Zombie__Control__fsm_54.md
Royal_Waterways	Waterways_01	Corpse_Inflater	corpse_balloon	157	Royal_Waterways/Waterways_01/Corpse_Inflater__corpse_balloon__fsm_157.md
Royal_Waterways	Waterways_02	Corpse_Flukeman_Flukeman_Bot	Anim_Run	97	Royal_Waterways/Waterways_02/Corpse_Flukeman_Flukeman_Bot__Anim_Run__fsm_97.md
Royal_Waterways	Waterways_02	Corpse_Flukeman_Flukeman_Bot	Flukeman_Bot	88	Royal_Waterways/Waterways_02/Corpse_Flukeman_Flukeman_Bot__Flukeman_Bot__fsm_88.md
Royal_Waterways	Waterways_02	Corpse_Flukeman_Flukeman_Top	Flukeman_Top	96	Royal_Waterways/Waterways_02/Corpse_Flukeman_Flukeman_Top__Flukeman_Top__fsm_96.md
Royal_Waterways	Waterways_02	Corpse_Flukeman	Fling	98	Royal_Waterways/Waterways_02/Corpse_Flukeman__Fling__fsm_98.md
Royal_Waterways	Waterways_03	Shiny_Item_NP_Inspect_Region_Prompt_Marker	Prompt	38	Royal_Waterways/Waterways_03/Shiny_Item_NP_Inspect_Region_Prompt_Marker__Prompt__fsm_38.md
Royal_Waterways	Waterways_03	Shiny_Item_NP_Inspect_Region	inspect	47	Royal_Waterways/Waterways_03/Shiny_Item_NP_Inspect_Region__inspect__fsm_47.md
Royal_Waterways	Waterways_03	Shiny_Item_NP	Generate_Wave	45	Royal_Waterways/Waterways_03/Shiny_Item_NP__Generate_Wave__fsm_45.md
Royal_Waterways	Waterways_03	Shiny_Item_NP	Shiny_Control	42	Royal_Waterways/Waterways_03/Shiny_Item_NP__Shiny_Control__fsm_42.md
Royal_Waterways	Waterways_05_boss	Corpse_Dung_Defender	Corpse	181	Royal_Waterways/Waterways_05_boss/Corpse_Dung_Defender__Corpse__fsm_181.md
Royal_Waterways	Waterways_05_boss	Dung_Ball_Large	Ball_Control_X	167	Royal_Waterways/Waterways_05_boss/Dung_Ball_Large__Ball_Control_X__fsm_167.md
Royal_Waterways	Waterways_05_boss	Dung_Ball_Large	Ball_Control	156	Royal_Waterways/Waterways_05_boss/Dung_Ball_Large__Ball_Control__fsm_156.md
Royal_Waterways	Waterways_05_boss	Dung_Ball_Large	Nail_Hit	192	Royal_Waterways/Waterways_05_boss/Dung_Ball_Large__Nail_Hit__fsm_192.md
Royal_Waterways	Waterways_05_boss	Dung_Ball_Small	Ball_Control	157	Royal_Waterways/Waterways_05_boss/Dung_Ball_Small__Ball_Control__fsm_157.md
Royal_Waterways	Waterways_05_boss	Dung_Ball_Small	Nail_Hit	163	Royal_Waterways/Waterways_05_boss/Dung_Ball_Small__Nail_Hit__fsm_163.md
Royal_Waterways	Waterways_12_boss	Corpse_Fluke_Mother_Remains	Hit	148	Royal_Waterways/Waterways_12_boss/Corpse_Fluke_Mother_Remains__Hit__fsm_148.md
Royal_Waterways	Waterways_12_boss	Corpse_Fluke_Mother	Corpse_Control	146	Royal_Waterways/Waterways_12_boss/Corpse_Fluke_Mother__Corpse_Control__fsm_146.md
Royal_Waterways	Waterways_12_boss	Unnamed	FSM	144	Royal_Waterways/Waterways_12_boss/Unnamed__FSM__fsm_144.md
Temple_of_the_Black_Egg	Room_Final_Boss_Core	Boss_Control_Hollow_Knight_Boss_Above_Range	FSM	2343	Temple_of_the_Black_Egg/Room_Final_Boss_Core/Boss_Control_Hollow_Knight_Boss_Above_Range__FSM__fsm_2343.md
Temple_of_the_Black_Egg	Room_Final_Boss_Core	Boss_Control_Hollow_Knight_Boss_Black_Wave	FSM	2509	Temple_of_the_Black_Egg/Room_Final_Boss_Core/Boss_Control_Hollow_Knight_Boss_Black_Wave__FSM__fsm_2509.md
Temple_of_the_Black_Egg	Room_Final_Boss_Core	Boss_Control_Hollow_Knight_Boss_Boss_Corpse_Break_Flare	Control	2342	Temple_of_the_Black_Egg/Room_Final_Boss_Core/Boss_Control_Hollow_Knight_Boss_Boss_Corpse_Break_Flare__Control__fsm_2342.md
Temple_of_the_Black_Egg	Room_Final_Boss_Core	Boss_Control_Hollow_Knight_Boss_Boss_Corpse	Corpse	2320	Temple_of_the_Black_Egg/Room_Final_Boss_Core/Boss_Control_Hollow_Knight_Boss_Boss_Corpse__Corpse__fsm_2320.md
Temple_of_the_Black_Egg	Room_Final_Boss_Core	Boss_Control_Hollow_Knight_Boss_Boss_Corpse	Dreamnail_Reject	2510	Temple_of_the_Black_Egg/Room_Final_Boss_Core/Boss_Control_Hollow_Knight_Boss_Boss_Corpse__Dreamnail_Reject__fsm_2510.md
Temple_of_the_Black_Egg	Room_Final_Boss_Core	Boss_Control_Hollow_Knight_Boss_Counter_Flash	FSM	2316	Temple_of_the_Black_Egg/Room_Final_Boss_Core/Boss_Control_Hollow_Knight_Boss_Counter_Flash__FSM__fsm_2316.md
Temple_of_the_Black_Egg	Room_Final_Boss_Core	Boss_Control_Hollow_Knight_Boss_DStab_Range	FSM	2339	Temple_of_the_Black_Egg/Room_Final_Boss_Core/Boss_Control_Hollow_Knight_Boss_DStab_Range__FSM__fsm_2339.md
Temple_of_the_Black_Egg	Room_Final_Boss_Core	Boss_Control_Hollow_Knight_Boss_Dash_Burst	FSM	2325	Temple_of_the_Black_Egg/Room_Final_Boss_Core/Boss_Control_Hollow_Knight_Boss_Dash_Burst__FSM__fsm_2325.md
Temple_of_the_Black_Egg	Room_Final_Boss_Core	Boss_Control_Hollow_Knight_Boss_Dash_Range	FSM	2322	Temple_of_the_Black_Egg/Room_Final_Boss_Core/Boss_Control_Hollow_Knight_Boss_Dash_Range__FSM__fsm_2322.md
Temple_of_the_Black_Egg	Room_Final_Boss_Core	Boss_Control_Hollow_Knight_Boss_Dream_Enter_Dream_Impact	Control	2547	Temple_of_the_Black_Egg/Room_Final_Boss_Core/Boss_Control_Hollow_Knight_Boss_Dream_Enter_Dream_Impact__Control__fsm_2547.md
Temple_of_the_Black_Egg	Room_Final_Boss_Core	Boss_Control_Hollow_Knight_Boss_Dream_Enter_Dream_Impact	FSM	2545	Temple_of_the_Black_Egg/Room_Final_Boss_Core/Boss_Control_Hollow_Knight_Boss_Dream_Enter_Dream_Impact__FSM__fsm_2545.md
Temple_of_the_Black_Egg	Room_Final_Boss_Core	Boss_Control_Hollow_Knight_Boss_Dream_Enter_White_Flash	FSM	2534	Temple_of_the_Black_Egg/Room_Final_Boss_Core/Boss_Control_Hollow_Knight_Boss_Dream_Enter_White_Flash__FSM__fsm_2534.md
Temple_of_the_Black_Egg	Room_Final_Boss_Core	Boss_Control_Hollow_Knight_Boss_Dream_Enter	Control	2532	Temple_of_the_Black_Egg/Room_Final_Boss_Core/Boss_Control_Hollow_Knight_Boss_Dream_Enter__Control__fsm_2532.md
Temple_of_the_Black_Egg	Room_Final_Boss_Core	Boss_Control_Hollow_Knight_Boss_Evade_Range	FSM	2340	Temple_of_the_Black_Egg/Room_Final_Boss_Core/Boss_Control_Hollow_Knight_Boss_Evade_Range__FSM__fsm_2340.md
Temple_of_the_Black_Egg	Room_Final_Boss_Core	Boss_Control_Hollow_Knight_Boss_Hornet_Flash	FSM	2533	Temple_of_the_Black_Egg/Room_Final_Boss_Core/Boss_Control_Hollow_Knight_Boss_Hornet_Flash__FSM__fsm_2533.md
Temple_of_the_Black_Egg	Room_Final_Boss_Core	Boss_Control_Hollow_Knight_Boss_Hornet_Wound	Control	2550	Temple_of_the_Black_Egg/Room_Final_Boss_Core/Boss_Control_Hollow_Knight_Boss_Hornet_Wound__Control__fsm_2550.md
Temple_of_the_Black_Egg	Room_Final_Boss_Core	Boss_Control_Hollow_Knight_Boss_PuppetSlam_Effect	Destroy_Self	2337	Temple_of_the_Black_Egg/Room_Final_Boss_Core/Boss_Control_Hollow_Knight_Boss_PuppetSlam_Effect__Destroy_Self__fsm_2337.md
Temple_of_the_Black_Egg	Room_Final_Boss_Core	Boss_Control_Hollow_Knight_Boss_SelfStab_Flash	FSM	2338	Temple_of_the_Black_Egg/Room_Final_Boss_Core/Boss_Control_Hollow_Knight_Boss_SelfStab_Flash__FSM__fsm_2338.md
Temple_of_the_Black_Egg	Room_Final_Boss_Core	Boss_Control_Hollow_Knight_Boss_Slash_Range	FSM	2331	Temple_of_the_Black_Egg/Room_Final_Boss_Core/Boss_Control_Hollow_Knight_Boss_Slash_Range__FSM__fsm_2331.md
Temple_of_the_Black_Egg	Room_Final_Boss_Core	Boss_Control_Hollow_Knight_Boss_Slashes_Dash_Stab	FSM	2336	Temple_of_the_Black_Egg/Room_Final_Boss_Core/Boss_Control_Hollow_Knight_Boss_Slashes_Dash_Stab__FSM__fsm_2336.md
Temple_of_the_Black_Egg	Room_Final_Boss_Core	Boss_Control_Hollow_Knight_Boss_Slashes_Slash1	FSM	2326	Temple_of_the_Black_Egg/Room_Final_Boss_Core/Boss_Control_Hollow_Knight_Boss_Slashes_Slash1__FSM__fsm_2326.md
Temple_of_the_Black_Egg	Room_Final_Boss_Core	Boss_Control_Hollow_Knight_Boss_Slashes_Slash2	FSM	2334	Temple_of_the_Black_Egg/Room_Final_Boss_Core/Boss_Control_Hollow_Knight_Boss_Slashes_Slash2__FSM__fsm_2334.md
Temple_of_the_Black_Egg	Room_Final_Boss_Core	Boss_Control_Hollow_Knight_Boss_Slashes_Slash3	FSM	2341	Temple_of_the_Black_Egg/Room_Final_Boss_Core/Boss_Control_Hollow_Knight_Boss_Slashes_Slash3__FSM__fsm_2341.md
Temple_of_the_Black_Egg	Room_Final_Boss_Core	Boss_Control_Hollow_Knight_Boss_Stomp_Plumes_Slam_Effect	Destroy_Self	2324	Temple_of_the_Black_Egg/Room_Final_Boss_Core/Boss_Control_Hollow_Knight_Boss_Stomp_Plumes_Slam_Effect__Destroy_Self__fsm_2324.md
Temple_of_the_Black_Egg	Room_Final_Boss_Core	Boss_Control_Hollow_Knight_Boss_Wall_Range	FSM	2330	Temple_of_the_Black_Egg/Room_Final_Boss_Core/Boss_Control_Hollow_Knight_Boss_Wall_Range__FSM__fsm_2330.md
Temple_of_the_Black_Egg	Room_Final_Boss_Core	Boss_Control_Hollow_Knight_Boss	Control	2327	Temple_of_the_Black_Egg/Room_Final_Boss_Core/Boss_Control_Hollow_Knight_Boss__Control__fsm_2327.md
Temple_of_the_Black_Egg	Room_Final_Boss_Core	Boss_Control_Hollow_Knight_Boss	Dreamnail_Reject	2525	Temple_of_the_Black_Egg/Room_Final_Boss_Core/Boss_Control_Hollow_Knight_Boss__Dreamnail_Reject__fsm_2525.md
Temple_of_the_Black_Egg	Room_Final_Boss_Core	Boss_Control_Hollow_Knight_Boss	Phase_Control	2318	Temple_of_the_Black_Egg/Room_Final_Boss_Core/Boss_Control_Hollow_Knight_Boss__Phase_Control__fsm_2318.md
Temple_of_the_Black_Egg	Room_Final_Boss_Core	Boss_Control_Hollow_Knight_Boss	Stun_Control	2321	Temple_of_the_Black_Egg/Room_Final_Boss_Core/Boss_Control_Hollow_Knight_Boss__Stun_Control__fsm_2321.md
Temple_of_the_Black_Egg	Room_Final_Boss_Core	Boss_Control_Imprisoned_Knight	Look	2462	Temple_of_the_Black_Egg/Room_Final_Boss_Core/Boss_Control_Imprisoned_Knight__Look__fsm_2462.md
Temple_of_the_Black_Egg	Room_Final_Boss_Core	Boss_Control_Shield_Hit_Impact	FSM	2371	Temple_of_the_Black_Egg/Room_Final_Boss_Core/Boss_Control_Shield_Hit_Impact__FSM__fsm_2371.md
Temple_of_the_Black_Egg	Room_Final_Boss_Core	Boss_Control_Shield_Hit	Display_Shield	2444	Temple_of_the_Black_Egg/Room_Final_Boss_Core/Boss_Control_Shield_Hit__Display_Shield__fsm_2444.md
Temple_of_the_Black_Egg	Room_Final_Boss_Core	Boss_Control_Shield_Hit	FSM	2445	Temple_of_the_Black_Egg/Room_Final_Boss_Core/Boss_Control_Shield_Hit__FSM__fsm_2445.md
Temple_of_the_Black_Egg	Room_Final_Boss_Core	Boss_Control_Shield_Shatter_Sharp_Flash	FSM	2356	Temple_of_the_Black_Egg/Room_Final_Boss_Core/Boss_Control_Shield_Shatter_Sharp_Flash__FSM__fsm_2356.md
Temple_of_the_Black_Egg	Room_Final_Boss_Core	Boss_Control_Shield_Shatter_White_Flash	fade_and_destroy	2431	Temple_of_the_Black_Egg/Room_Final_Boss_Core/Boss_Control_Shield_Shatter_White_Flash__fade_and_destroy__fsm_2431.md
Temple_of_the_Black_Egg	Room_Final_Boss_Core	Boss_Control_Title_Title_Small_Main	color_fader	2292	Temple_of_the_Black_Egg/Room_Final_Boss_Core/Boss_Control_Title_Title_Small_Main__color_fader__fsm_2292.md
Temple_of_the_Black_Egg	Room_Final_Boss_Core	Boss_Control_Title_Title_Small_Super	color_fader	2451	Temple_of_the_Black_Egg/Room_Final_Boss_Core/Boss_Control_Title_Title_Small_Super__color_fader__fsm_2451.md
Temple_of_the_Black_Egg	Room_Final_Boss_Core	Boss_Control	Battle_Start	2490	Temple_of_the_Black_Egg/Room_Final_Boss_Core/Boss_Control__Battle_Start__fsm_2490.md
Temple_of_the_Black_Egg	Room_Final_Boss_Core	Boss_Control	Tension_Music	2491	Temple_of_the_Black_Egg/Room_Final_Boss_Core/Boss_Control__Tension_Music__fsm_2491.md
Temple_of_the_Black_Egg	Room_Final_Boss_Core	Boss_Control_break_chains_hollow_knight_chain_base_2_Burst	Deactivate	2437	Temple_of_the_Black_Egg/Room_Final_Boss_Core/Boss_Control_break_chains_hollow_knight_chain_base_2_Burst__Deactivate__fsm_2437.md
Temple_of_the_Black_Egg	Room_Final_Boss_Core	Boss_Control_break_chains_hollow_knight_chain_base_2_Burst	Rotate	2436	Temple_of_the_Black_Egg/Room_Final_Boss_Core/Boss_Control_break_chains_hollow_knight_chain_base_2_Burst__Rotate__fsm_2436.md
Temple_of_the_Black_Egg	Room_Final_Boss_Core	Boss_Control_break_chains_hollow_knight_chain_base_2_Cracks_Crack_1_(1)	FSM	2438	Temple_of_the_Black_Egg/Room_Final_Boss_Core/Boss_Control_break_chains_hollow_knight_chain_base_2_Cracks_Crack_1_(1)__FSM__fsm_2438.md
Temple_of_the_Black_Egg	Room_Final_Boss_Core	Boss_Control_break_chains_hollow_knight_chain_base_2_Cracks_Crack_1	FSM	2434	Temple_of_the_Black_Egg/Room_Final_Boss_Core/Boss_Control_break_chains_hollow_knight_chain_base_2_Cracks_Crack_1__FSM__fsm_2434.md
Temple_of_the_Black_Egg	Room_Final_Boss_Core	Boss_Control_break_chains_hollow_knight_chain_base_2_Particle_Line_Tweener	Tween	2432	Temple_of_the_Black_Egg/Room_Final_Boss_Core/Boss_Control_break_chains_hollow_knight_chain_base_2_Particle_Line_Tweener__Tween__fsm_2432.md
Temple_of_the_Black_Egg	Room_Final_Boss_Core	Boss_Control_break_chains_hollow_knight_chain_base_2_Sharp_Flash	FSM	2435	Temple_of_the_Black_Egg/Room_Final_Boss_Core/Boss_Control_break_chains_hollow_knight_chain_base_2_Sharp_Flash__FSM__fsm_2435.md
Temple_of_the_Black_Egg	Room_Final_Boss_Core	Boss_Control_break_chains_hollow_knight_chain_base_2_White_Flash	fade_and_destroy	2439	Temple_of_the_Black_Egg/Room_Final_Boss_Core/Boss_Control_break_chains_hollow_knight_chain_base_2_White_Flash__fade_and_destroy__fsm_2439.md
Temple_of_the_Black_Egg	Room_Final_Boss_Core	Boss_Control_break_chains_hollow_knight_chain_base_2	Control	2441	Temple_of_the_Black_Egg/Room_Final_Boss_Core/Boss_Control_break_chains_hollow_knight_chain_base_2__Control__fsm_2441.md
Temple_of_the_Black_Egg	Room_Final_Boss_Core	Boss_Control_break_chains_hollow_knight_chain_base_3_Burst	Deactivate	2411	Temple_of_the_Black_Egg/Room_Final_Boss_Core/Boss_Control_break_chains_hollow_knight_chain_base_3_Burst__Deactivate__fsm_2411.md
Temple_of_the_Black_Egg	Room_Final_Boss_Core	Boss_Control_break_chains_hollow_knight_chain_base_3_Burst	Rotate	2412	Temple_of_the_Black_Egg/Room_Final_Boss_Core/Boss_Control_break_chains_hollow_knight_chain_base_3_Burst__Rotate__fsm_2412.md
Temple_of_the_Black_Egg	Room_Final_Boss_Core	Boss_Control_break_chains_hollow_knight_chain_base_3_Cracks_Crack_1_(1)	FSM	2407	Temple_of_the_Black_Egg/Room_Final_Boss_Core/Boss_Control_break_chains_hollow_knight_chain_base_3_Cracks_Crack_1_(1)__FSM__fsm_2407.md
Temple_of_the_Black_Egg	Room_Final_Boss_Core	Boss_Control_break_chains_hollow_knight_chain_base_3_Cracks_Crack_1	FSM	2409	Temple_of_the_Black_Egg/Room_Final_Boss_Core/Boss_Control_break_chains_hollow_knight_chain_base_3_Cracks_Crack_1__FSM__fsm_2409.md
Temple_of_the_Black_Egg	Room_Final_Boss_Core	Boss_Control_break_chains_hollow_knight_chain_base_3_Particle_Line_Tweener	Tween	2414	Temple_of_the_Black_Egg/Room_Final_Boss_Core/Boss_Control_break_chains_hollow_knight_chain_base_3_Particle_Line_Tweener__Tween__fsm_2414.md
Temple_of_the_Black_Egg	Room_Final_Boss_Core	Boss_Control_break_chains_hollow_knight_chain_base_3_Sharp_Flash	FSM	2413	Temple_of_the_Black_Egg/Room_Final_Boss_Core/Boss_Control_break_chains_hollow_knight_chain_base_3_Sharp_Flash__FSM__fsm_2413.md
Temple_of_the_Black_Egg	Room_Final_Boss_Core	Boss_Control_break_chains_hollow_knight_chain_base_3_White_Flash	fade_and_destroy	2408	Temple_of_the_Black_Egg/Room_Final_Boss_Core/Boss_Control_break_chains_hollow_knight_chain_base_3_White_Flash__fade_and_destroy__fsm_2408.md
Temple_of_the_Black_Egg	Room_Final_Boss_Core	Boss_Control_break_chains_hollow_knight_chain_base_3	Control	2404	Temple_of_the_Black_Egg/Room_Final_Boss_Core/Boss_Control_break_chains_hollow_knight_chain_base_3__Control__fsm_2404.md
Temple_of_the_Black_Egg	Room_Final_Boss_Core	Boss_Control_break_chains_hollow_knight_chain_base_4_Burst	Deactivate	2369	Temple_of_the_Black_Egg/Room_Final_Boss_Core/Boss_Control_break_chains_hollow_knight_chain_base_4_Burst__Deactivate__fsm_2369.md
Temple_of_the_Black_Egg	Room_Final_Boss_Core	Boss_Control_break_chains_hollow_knight_chain_base_4_Burst	Rotate	2368	Temple_of_the_Black_Egg/Room_Final_Boss_Core/Boss_Control_break_chains_hollow_knight_chain_base_4_Burst__Rotate__fsm_2368.md
Temple_of_the_Black_Egg	Room_Final_Boss_Core	Boss_Control_break_chains_hollow_knight_chain_base_4_Cracks_Crack_1_(1)	FSM	2364	Temple_of_the_Black_Egg/Room_Final_Boss_Core/Boss_Control_break_chains_hollow_knight_chain_base_4_Cracks_Crack_1_(1)__FSM__fsm_2364.md
Temple_of_the_Black_Egg	Room_Final_Boss_Core	Boss_Control_break_chains_hollow_knight_chain_base_4_Cracks_Crack_1	FSM	2366	Temple_of_the_Black_Egg/Room_Final_Boss_Core/Boss_Control_break_chains_hollow_knight_chain_base_4_Cracks_Crack_1__FSM__fsm_2366.md
Temple_of_the_Black_Egg	Room_Final_Boss_Core	Boss_Control_break_chains_hollow_knight_chain_base_4_Particle_Line_Tweener	Tween	2359	Temple_of_the_Black_Egg/Room_Final_Boss_Core/Boss_Control_break_chains_hollow_knight_chain_base_4_Particle_Line_Tweener__Tween__fsm_2359.md
Temple_of_the_Black_Egg	Room_Final_Boss_Core	Boss_Control_break_chains_hollow_knight_chain_base_4_Sharp_Flash	FSM	2370	Temple_of_the_Black_Egg/Room_Final_Boss_Core/Boss_Control_break_chains_hollow_knight_chain_base_4_Sharp_Flash__FSM__fsm_2370.md
Temple_of_the_Black_Egg	Room_Final_Boss_Core	Boss_Control_break_chains_hollow_knight_chain_base_4_White_Flash	fade_and_destroy	2365	Temple_of_the_Black_Egg/Room_Final_Boss_Core/Boss_Control_break_chains_hollow_knight_chain_base_4_White_Flash__fade_and_destroy__fsm_2365.md
Temple_of_the_Black_Egg	Room_Final_Boss_Core	Boss_Control_break_chains_hollow_knight_chain_base_4	Control	2361	Temple_of_the_Black_Egg/Room_Final_Boss_Core/Boss_Control_break_chains_hollow_knight_chain_base_4__Control__fsm_2361.md
Temple_of_the_Black_Egg	Room_Final_Boss_Core	Boss_Control_break_chains_hollow_knight_chain_base_Burst	Deactivate	2469	Temple_of_the_Black_Egg/Room_Final_Boss_Core/Boss_Control_break_chains_hollow_knight_chain_base_Burst__Deactivate__fsm_2469.md
Temple_of_the_Black_Egg	Room_Final_Boss_Core	Boss_Control_break_chains_hollow_knight_chain_base_Burst	Rotate	2468	Temple_of_the_Black_Egg/Room_Final_Boss_Core/Boss_Control_break_chains_hollow_knight_chain_base_Burst__Rotate__fsm_2468.md
Temple_of_the_Black_Egg	Room_Final_Boss_Core	Boss_Control_break_chains_hollow_knight_chain_base_Cracks_Crack_1_(1)	FSM	2474	Temple_of_the_Black_Egg/Room_Final_Boss_Core/Boss_Control_break_chains_hollow_knight_chain_base_Cracks_Crack_1_(1)__FSM__fsm_2474.md
Temple_of_the_Black_Egg	Room_Final_Boss_Core	Boss_Control_break_chains_hollow_knight_chain_base_Cracks_Crack_1	FSM	2471	Temple_of_the_Black_Egg/Room_Final_Boss_Core/Boss_Control_break_chains_hollow_knight_chain_base_Cracks_Crack_1__FSM__fsm_2471.md
Temple_of_the_Black_Egg	Room_Final_Boss_Core	Boss_Control_break_chains_hollow_knight_chain_base_Particle_Line_Tweener	Tween	2467	Temple_of_the_Black_Egg/Room_Final_Boss_Core/Boss_Control_break_chains_hollow_knight_chain_base_Particle_Line_Tweener__Tween__fsm_2467.md
Temple_of_the_Black_Egg	Room_Final_Boss_Core	Boss_Control_break_chains_hollow_knight_chain_base_Sharp_Flash	FSM	2470	Temple_of_the_Black_Egg/Room_Final_Boss_Core/Boss_Control_break_chains_hollow_knight_chain_base_Sharp_Flash__FSM__fsm_2470.md
Temple_of_the_Black_Egg	Room_Final_Boss_Core	Boss_Control_break_chains_hollow_knight_chain_base_White_Flash	fade_and_destroy	2473	Temple_of_the_Black_Egg/Room_Final_Boss_Core/Boss_Control_break_chains_hollow_knight_chain_base_White_Flash__fade_and_destroy__fsm_2473.md
Temple_of_the_Black_Egg	Room_Final_Boss_Core	Boss_Control_break_chains_hollow_knight_chain_base	Control	2476	Temple_of_the_Black_Egg/Room_Final_Boss_Core/Boss_Control_break_chains_hollow_knight_chain_base__Control__fsm_2476.md
Temple_of_the_Black_Egg	Room_Final_Boss_Core	Death_Break_Chains_final_boss_FG_chain_(10)	final_chain_break	2495	Temple_of_the_Black_Egg/Room_Final_Boss_Core/Death_Break_Chains_final_boss_FG_chain_(10)__final_chain_break__fsm_2495.md
Temple_of_the_Black_Egg	Room_Final_Boss_Core	Death_Break_Chains_final_boss_FG_chain_(11)	final_chain_break	2482	Temple_of_the_Black_Egg/Room_Final_Boss_Core/Death_Break_Chains_final_boss_FG_chain_(11)__final_chain_break__fsm_2482.md
Temple_of_the_Black_Egg	Room_Final_Boss_Core	Death_Break_Chains_final_boss_FG_chain_(12)	final_chain_break	2374	Temple_of_the_Black_Egg/Room_Final_Boss_Core/Death_Break_Chains_final_boss_FG_chain_(12)__final_chain_break__fsm_2374.md
Temple_of_the_Black_Egg	Room_Final_Boss_Core	Death_Break_Chains_final_boss_FG_chain_(5)	final_chain_break	2460	Temple_of_the_Black_Egg/Room_Final_Boss_Core/Death_Break_Chains_final_boss_FG_chain_(5)__final_chain_break__fsm_2460.md
Temple_of_the_Black_Egg	Room_Final_Boss_Core	Death_Break_Chains_final_boss_FG_chain_(8)	final_chain_break	2402	Temple_of_the_Black_Egg/Room_Final_Boss_Core/Death_Break_Chains_final_boss_FG_chain_(8)__final_chain_break__fsm_2402.md
Temple_of_the_Black_Egg	Room_Final_Boss_Core	Death_Break_Chains_final_boss_chain_(10)	final_chain_break	2504	Temple_of_the_Black_Egg/Room_Final_Boss_Core/Death_Break_Chains_final_boss_chain_(10)__final_chain_break__fsm_2504.md
Temple_of_the_Black_Egg	Room_Final_Boss_Core	Death_Break_Chains_final_boss_chain_(11)	final_chain_break	2396	Temple_of_the_Black_Egg/Room_Final_Boss_Core/Death_Break_Chains_final_boss_chain_(11)__final_chain_break__fsm_2396.md
Temple_of_the_Black_Egg	Room_Final_Boss_Core	Death_Break_Chains_final_boss_chain_(12)	final_chain_break	2483	Temple_of_the_Black_Egg/Room_Final_Boss_Core/Death_Break_Chains_final_boss_chain_(12)__final_chain_break__fsm_2483.md
Temple_of_the_Black_Egg	Room_Final_Boss_Core	Death_Break_Chains_final_boss_chain_(13)	final_chain_break	2372	Temple_of_the_Black_Egg/Room_Final_Boss_Core/Death_Break_Chains_final_boss_chain_(13)__final_chain_break__fsm_2372.md
Temple_of_the_Black_Egg	Room_Final_Boss_Core	Death_Break_Chains_final_boss_chain_(14)	final_chain_break	2453	Temple_of_the_Black_Egg/Room_Final_Boss_Core/Death_Break_Chains_final_boss_chain_(14)__final_chain_break__fsm_2453.md
Temple_of_the_Black_Egg	Room_Final_Boss_Core	Death_Break_Chains_final_boss_chain_(15)	final_chain_break	2290	Temple_of_the_Black_Egg/Room_Final_Boss_Core/Death_Break_Chains_final_boss_chain_(15)__final_chain_break__fsm_2290.md
Temple_of_the_Black_Egg	Room_Final_Boss_Core	Death_Break_Chains_final_boss_chain_(3)	final_chain_break	2416	Temple_of_the_Black_Egg/Room_Final_Boss_Core/Death_Break_Chains_final_boss_chain_(3)__final_chain_break__fsm_2416.md
Temple_of_the_Black_Egg	Room_Final_Boss_Core	Death_Break_Chains_final_boss_chain_(5)	final_chain_break	2297	Temple_of_the_Black_Egg/Room_Final_Boss_Core/Death_Break_Chains_final_boss_chain_(5)__final_chain_break__fsm_2297.md
Temple_of_the_Black_Egg	Room_Final_Boss_Core	Death_Break_Chains_final_boss_chain_(6)	final_chain_break	2454	Temple_of_the_Black_Egg/Room_Final_Boss_Core/Death_Break_Chains_final_boss_chain_(6)__final_chain_break__fsm_2454.md
Temple_of_the_Black_Egg	Room_Final_Boss_Core	Death_Break_Chains_final_boss_chain_(7)	final_chain_break	2463	Temple_of_the_Black_Egg/Room_Final_Boss_Core/Death_Break_Chains_final_boss_chain_(7)__final_chain_break__fsm_2463.md
Temple_of_the_Black_Egg	Room_Final_Boss_Core	Death_Break_Chains_final_boss_chain_(8)	final_chain_break	2447	Temple_of_the_Black_Egg/Room_Final_Boss_Core/Death_Break_Chains_final_boss_chain_(8)__final_chain_break__fsm_2447.md
Temple_of_the_Black_Egg	Room_Final_Boss_Core	Death_Break_Chains_final_boss_chain_(9)	final_chain_break	2388	Temple_of_the_Black_Egg/Room_Final_Boss_Core/Death_Break_Chains_final_boss_chain_(9)__final_chain_break__fsm_2388.md
Temple_of_the_Black_Egg	Room_Final_Boss_Core	Death_Break_Chains_hollow_knight_chain_base_(4)	final_chain_break	2448	Temple_of_the_Black_Egg/Room_Final_Boss_Core/Death_Break_Chains_hollow_knight_chain_base_(4)__final_chain_break__fsm_2448.md
Temple_of_the_Black_Egg	Room_Final_Boss_Core	Death_Break_Chains_hollow_knight_chain_base_(5)	final_chain_break	2294	Temple_of_the_Black_Egg/Room_Final_Boss_Core/Death_Break_Chains_hollow_knight_chain_base_(5)__final_chain_break__fsm_2294.md
Temple_of_the_Black_Egg	Room_Final_Boss_Core	Gate_CameraLockArea_B	Remove	2464	Temple_of_the_Black_Egg/Room_Final_Boss_Core/Gate_CameraLockArea_B__Remove__fsm_2464.md
Temple_of_the_Black_Egg	Room_Final_Boss_Core	Gate	Control	2298	Temple_of_the_Black_Egg/Room_Final_Boss_Core/Gate__Control__fsm_2298.md
Temple_of_the_Black_Egg	Room_Final_Boss_Core	HK_Plume	Control	109	Temple_of_the_Black_Egg/Room_Final_Boss_Core/HK_Plume__Control__fsm_109.md
Temple_of_the_Black_Egg	Room_Final_Boss_Core	HK_Suck_Ball	Control	116	Temple_of_the_Black_Egg/Room_Final_Boss_Core/HK_Suck_Ball__Control__fsm_116.md
Temple_of_the_Black_Egg	Room_Final_Boss_Core	Managers_PlayMaker_Unity_2D	PlayMaker_Unity_2D	2295	Temple_of_the_Black_Egg/Room_Final_Boss_Core/Managers_PlayMaker_Unity_2D__PlayMaker_Unity_2D__fsm_2295.md
Temple_of_the_Black_Egg	Room_Final_Boss_Core	Rubble_Fall	Control	2284	Temple_of_the_Black_Egg/Room_Final_Boss_Core/Rubble_Fall__Control__fsm_2284.md
Temple_of_the_Black_Egg	Room_Final_Boss_Core	SceneManager	FSM	2429	Temple_of_the_Black_Egg/Room_Final_Boss_Core/SceneManager__FSM__fsm_2429.md
Temple_of_the_Black_Egg	Room_Final_Boss_Core	SceneManager	FSM	2430	Temple_of_the_Black_Egg/Room_Final_Boss_Core/SceneManager__FSM__fsm_2430.md
Temple_of_the_Black_Egg	Room_Final_Boss_Core	Scene_Blanker	Control	2400	Temple_of_the_Black_Egg/Room_Final_Boss_Core/Scene_Blanker__Control__fsm_2400.md
Temple_of_the_Black_Egg	Room_Final_Boss_Core	Scene_Blanker	FSM	2401	Temple_of_the_Black_Egg/Room_Final_Boss_Core/Scene_Blanker__FSM__fsm_2401.md
Temple_of_the_Black_Egg	Room_Final_Boss_Core	Scene_Darken_Object_Darkness_Region	Darkness_Region	2494	Temple_of_the_Black_Egg/Room_Final_Boss_Core/Scene_Darken_Object_Darkness_Region__Darkness_Region__fsm_2494.md
Temple_of_the_Black_Egg	Room_Final_Boss_Core	Scene_Darken_Object	Control	2418	Temple_of_the_Black_Egg/Room_Final_Boss_Core/Scene_Darken_Object__Control__fsm_2418.md
Temple_of_the_Black_Egg	Room_Final_Boss_Core	Scene_Darken_Object	FSM	2417	Temple_of_the_Black_Egg/Room_Final_Boss_Core/Scene_Darken_Object__FSM__fsm_2417.md
Temple_of_the_Black_Egg	Room_Final_Boss_Core	Unnamed	Control	104	Temple_of_the_Black_Egg/Room_Final_Boss_Core/Unnamed__Control__fsm_104.md
Temple_of_the_Black_Egg	Room_Final_Boss_Core	Unnamed	Control	105	Temple_of_the_Black_Egg/Room_Final_Boss_Core/Unnamed__Control__fsm_105.md
Temple_of_the_Black_Egg	Room_Final_Boss_Core	Unnamed	FSM	103	Temple_of_the_Black_Egg/Room_Final_Boss_Core/Unnamed__FSM__fsm_103.md
Temple_of_the_Black_Egg	Room_Final_Boss_Core	left1_EnemyDetector	enemy_message	2385	Temple_of_the_Black_Egg/Room_Final_Boss_Core/left1_EnemyDetector__enemy_message__fsm_2385.md
Temple_of_the_Black_Egg	Room_Final_Boss_Core	wispy_smoke_Phase4	Phase	2415	Temple_of_the_Black_Egg/Room_Final_Boss_Core/wispy_smoke_Phase4__Phase__fsm_2415.md
Temple_of_the_Black_Egg	Room_temple	Unnamed	Advance_Conversation	104	Temple_of_the_Black_Egg/Room_temple/Unnamed__Advance_Conversation__fsm_104.md
Temple_of_the_Black_Egg	Room_temple	Unnamed	FSM	105	Temple_of_the_Black_Egg/Room_temple/Unnamed__FSM__fsm_105.md
Temple_of_the_Black_Egg	Room_temple	Unnamed	FSM	106	Temple_of_the_Black_Egg/Room_temple/Unnamed__FSM__fsm_106.md
Town	Room_Bretta_Basement	Unnamed	FSM	53	Town/Room_Bretta_Basement/Unnamed__FSM__fsm_53.md
Town	Room_Bretta_Basement	Unnamed	FSM	54	Town/Room_Bretta_Basement/Unnamed__FSM__fsm_54.md
Town	Room_Charm_Shop	Heart_Container_UI_Get_Glow	destroy_after_anim	589	Town/Room_Charm_Shop/Heart_Container_UI_Get_Glow__destroy_after_anim__fsm_589.md
Town	Room_Charm_Shop	Heart_Container_UI	Follow_Camera	549	Town/Room_Charm_Shop/Heart_Container_UI__Follow_Camera__fsm_549.md
Town	Room_Charm_Shop	Heart_Container_UI	Heart_Container_UI	581	Town/Room_Charm_Shop/Heart_Container_UI__Heart_Container_UI__fsm_581.md
Town	Room_Charm_Shop	Heart_Piece_Instant_Get_Anim_Get_Glow	destroy_after_anim	613	Town/Room_Charm_Shop/Heart_Piece_Instant_Get_Anim_Get_Glow__destroy_after_anim__fsm_613.md
Town	Room_Charm_Shop	Heart_Piece_Instant	Heart_Container_Control	585	Town/Room_Charm_Shop/Heart_Piece_Instant__Heart_Container_Control__fsm_585.md
Town	Room_Charm_Shop	Shop_Item_Ch_BlueHealthSmall	Shift_pos	563	Town/Room_Charm_Shop/Shop_Item_Ch_BlueHealthSmall__Shift_pos__fsm_563.md
Town	Room_Charm_Shop	Shop_Item_Ch_Longnail	Shift_pos	562	Town/Room_Charm_Shop/Shop_Item_Ch_Longnail__Shift_pos__fsm_562.md
Town	Room_Charm_Shop	Shop_Item_Ch_NoRecoil	Shift_pos	560	Town/Room_Charm_Shop/Shop_Item_Ch_NoRecoil__Shift_pos__fsm_560.md
Town	Room_Charm_Shop	Shop_Item_Ch_QuickFocus	Shift_pos	561	Town/Room_Charm_Shop/Shop_Item_Ch_QuickFocus__Shift_pos__fsm_561.md
Town	Room_Charm_Shop	Shop_Item_Ch_SpellDmgUp	Shift_pos	559	Town/Room_Charm_Shop/Shop_Item_Ch_SpellDmgUp__Shift_pos__fsm_559.md
Town	Room_Charm_Shop	Shop_Item_Notch_1	Shift_pos	564	Town/Room_Charm_Shop/Shop_Item_Notch_1__Shift_pos__fsm_564.md
Town	Room_Charm_Shop	Shop_Item_Notch_2	Shift_pos	557	Town/Room_Charm_Shop/Shop_Item_Notch_2__Shift_pos__fsm_557.md
Town	Room_Charm_Shop	Shop_Item_Notch_3	Shift_pos	556	Town/Room_Charm_Shop/Shop_Item_Notch_3__Shift_pos__fsm_556.md
Town	Room_Charm_Shop	Shop_Item_Notch_4	Shift_pos	558	Town/Room_Charm_Shop/Shop_Item_Notch_4__Shift_pos__fsm_558.md
Town	Room_Charm_Shop	Shop_Item_SlugBlessing	Shift_pos	565	Town/Room_Charm_Shop/Shop_Item_SlugBlessing__Shift_pos__fsm_565.md
Town	Room_Charm_Shop	Unnamed	FSM	529	Town/Room_Charm_Shop/Unnamed__FSM__fsm_529.md
Town	Room_Charm_Shop	Unnamed	Shift_pos	530	Town/Room_Charm_Shop/Unnamed__Shift_pos__fsm_530.md
Town	Room_Charm_Shop	Vessel_Fragment_Instant_Get_Anim_Get_Glow	destroy_after_anim	555	Town/Room_Charm_Shop/Vessel_Fragment_Instant_Get_Anim_Get_Glow__destroy_after_anim__fsm_555.md
Town	Room_Charm_Shop	Vessel_Fragment_Instant	Vessel_Fragment_Control	534	Town/Room_Charm_Shop/Vessel_Fragment_Instant__Vessel_Fragment_Control__fsm_534.md
Town	Room_Charm_Shop	Vessel_Fragment_UI_Get_Glow	destroy_after_anim	590	Town/Room_Charm_Shop/Vessel_Fragment_UI_Get_Glow__destroy_after_anim__fsm_590.md
Town	Room_Charm_Shop	Vessel_Fragment_UI	Follow_Camera	614	Town/Room_Charm_Shop/Vessel_Fragment_UI__Follow_Camera__fsm_614.md
Town	Room_Charm_Shop	Vessel_Fragment_UI	Vessel_Fragment_UI	531	Town/Room_Charm_Shop/Vessel_Fragment_UI__Vessel_Fragment_UI__fsm_531.md
Town	Room_Town_Stag_Station	Area_Title_Extra_Title_Large_Title_Large_Main	color_fader	191	Town/Room_Town_Stag_Station/Area_Title_Extra_Title_Large_Title_Large_Main__color_fader__fsm_191.md
Town	Room_Town_Stag_Station	Area_Title_Extra_Title_Large_Title_Large_Sub	color_fader	204	Town/Room_Town_Stag_Station/Area_Title_Extra_Title_Large_Title_Large_Sub__color_fader__fsm_204.md
Town	Room_Town_Stag_Station	Area_Title_Extra_Title_Large_Title_Large_Super	color_fader	185	Town/Room_Town_Stag_Station/Area_Title_Extra_Title_Large_Title_Large_Super__color_fader__fsm_185.md
Town	Room_Town_Stag_Station	Area_Title_Extra_Title_Small_Title_Small_Main	color_fader	183	Town/Room_Town_Stag_Station/Area_Title_Extra_Title_Small_Title_Small_Main__color_fader__fsm_183.md
Town	Room_Town_Stag_Station	Area_Title_Extra_Title_Small_Title_Small_Sub	color_fader	205	Town/Room_Town_Stag_Station/Area_Title_Extra_Title_Small_Title_Small_Sub__color_fader__fsm_205.md
Town	Room_Town_Stag_Station	Area_Title_Extra_Title_Small_Title_Small_Super	color_fader	181	Town/Room_Town_Stag_Station/Area_Title_Extra_Title_Small_Title_Small_Super__color_fader__fsm_181.md
Town	Room_Town_Stag_Station	Area_Title_Extra	Area_Title_Control	206	Town/Room_Town_Stag_Station/Area_Title_Extra__Area_Title_Control__fsm_206.md
Town	Room_Town_Stag_Station	Unnamed	Enviro_Region	175	Town/Room_Town_Stag_Station/Unnamed__Enviro_Region__fsm_175.md
Town	Room_Town_Stag_Station	Unnamed	FSM	176	Town/Room_Town_Stag_Station/Unnamed__FSM__fsm_176.md
Town	Room_mapper	Shop_Item_Ch_Wayward_Compass	Shift_pos	453	Town/Room_mapper/Shop_Item_Ch_Wayward_Compass__Shift_pos__fsm_453.md
Town	Room_mapper	Shop_Item_Map_Abyss	Shift_pos	385	Town/Room_mapper/Shop_Item_Map_Abyss__Shift_pos__fsm_385.md
Town	Room_mapper	Shop_Item_Map_City	Shift_pos	386	Town/Room_mapper/Shop_Item_Map_City__Shift_pos__fsm_386.md
Town	Room_mapper	Shop_Item_Map_Cliffs	Shift_pos	374	Town/Room_mapper/Shop_Item_Map_Cliffs__Shift_pos__fsm_374.md
Town	Room_mapper	Shop_Item_Map_Crossroads	Shift_pos	383	Town/Room_mapper/Shop_Item_Map_Crossroads__Shift_pos__fsm_383.md
Town	Room_mapper	Shop_Item_Map_Deepnest	Shift_pos	381	Town/Room_mapper/Shop_Item_Map_Deepnest__Shift_pos__fsm_381.md
Town	Room_mapper	Shop_Item_Map_FogCanyon	Shift_pos	373	Town/Room_mapper/Shop_Item_Map_FogCanyon__Shift_pos__fsm_373.md
Town	Room_mapper	Shop_Item_Map_Fungus	Shift_pos	379	Town/Room_mapper/Shop_Item_Map_Fungus__Shift_pos__fsm_379.md
Town	Room_mapper	Shop_Item_Map_Greenpath	Shift_pos	376	Town/Room_mapper/Shop_Item_Map_Greenpath__Shift_pos__fsm_376.md
Town	Room_mapper	Shop_Item_Map_Mines	Shift_pos	378	Town/Room_mapper/Shop_Item_Map_Mines__Shift_pos__fsm_378.md
Town	Room_mapper	Shop_Item_Map_Outskirts	Shift_pos	384	Town/Room_mapper/Shop_Item_Map_Outskirts__Shift_pos__fsm_384.md
Town	Room_mapper	Shop_Item_Map_Queens_Gardens	Shift_pos	375	Town/Room_mapper/Shop_Item_Map_Queens_Gardens__Shift_pos__fsm_375.md
Town	Room_mapper	Shop_Item_Map_RestingGrounds	Shift_pos	382	Town/Room_mapper/Shop_Item_Map_RestingGrounds__Shift_pos__fsm_382.md
Town	Room_mapper	Shop_Item_Map_Waterways	Shift_pos	380	Town/Room_mapper/Shop_Item_Map_Waterways__Shift_pos__fsm_380.md
Town	Room_mapper	Shop_Item_MarkerB	Shift_pos	472	Town/Room_mapper/Shop_Item_MarkerB__Shift_pos__fsm_472.md
Town	Room_mapper	Shop_Item_MarkerR	Shift_pos	479	Town/Room_mapper/Shop_Item_MarkerR__Shift_pos__fsm_479.md
Town	Room_mapper	Shop_Item_MarkerW	Shift_pos	473	Town/Room_mapper/Shop_Item_MarkerW__Shift_pos__fsm_473.md
Town	Room_mapper	Shop_Item_MarkerY	Shift_pos	471	Town/Room_mapper/Shop_Item_MarkerY__Shift_pos__fsm_471.md
Town	Room_mapper	Shop_Item_PinBench	Shift_pos	477	Town/Room_mapper/Shop_Item_PinBench__Shift_pos__fsm_477.md
Town	Room_mapper	Shop_Item_PinCocoon	Shift_pos	480	Town/Room_mapper/Shop_Item_PinCocoon__Shift_pos__fsm_480.md
Town	Room_mapper	Shop_Item_PinDreamPlant	Shift_pos	482	Town/Room_mapper/Shop_Item_PinDreamPlant__Shift_pos__fsm_482.md
Town	Room_mapper	Shop_Item_PinGhost	Shift_pos	478	Town/Room_mapper/Shop_Item_PinGhost__Shift_pos__fsm_478.md
Town	Room_mapper	Shop_Item_PinShop	Shift_pos	476	Town/Room_mapper/Shop_Item_PinShop__Shift_pos__fsm_476.md
Town	Room_mapper	Shop_Item_PinSpa	Shift_pos	474	Town/Room_mapper/Shop_Item_PinSpa__Shift_pos__fsm_474.md
Town	Room_mapper	Shop_Item_PinStag	Shift_pos	475	Town/Room_mapper/Shop_Item_PinStag__Shift_pos__fsm_475.md
Town	Room_mapper	Shop_Item_PinTram	Shift_pos	481	Town/Room_mapper/Shop_Item_PinTram__Shift_pos__fsm_481.md
Town	Room_mapper	Shop_Item_Quill	Shift_pos	377	Town/Room_mapper/Shop_Item_Quill__Shift_pos__fsm_377.md
Town	Room_shop	Shop_Item_Ch_EnemyRecoilUp	Shift_pos	209	Town/Room_shop/Shop_Item_Ch_EnemyRecoilUp__Shift_pos__fsm_209.md
Town	Room_shop	Shop_Item_Ch_GeoGatherer	Shift_pos	210	Town/Room_shop/Shop_Item_Ch_GeoGatherer__Shift_pos__fsm_210.md
Town	Room_shop	Shop_Item_Ch_SprintMaster	Shift_pos	214	Town/Room_shop/Shop_Item_Ch_SprintMaster__Shift_pos__fsm_214.md
Town	Room_shop	Shop_Item_Ch_StalwartShell	Shift_pos	213	Town/Room_shop/Shop_Item_Ch_StalwartShell__Shift_pos__fsm_213.md
Town	Room_shop	Shop_Item_Egg_Sly	Shift_pos	212	Town/Room_shop/Shop_Item_Egg_Sly__Shift_pos__fsm_212.md
Town	Room_shop	Shop_Item_Lantern	Shift_pos	197	Town/Room_shop/Shop_Item_Lantern__Shift_pos__fsm_197.md
Town	Room_shop	Shop_Item_ShellFrag_Sly1	Shift_pos	218	Town/Room_shop/Shop_Item_ShellFrag_Sly1__Shift_pos__fsm_218.md
Town	Room_shop	Shop_Item_ShellFrag_Sly2	Shift_pos	222	Town/Room_shop/Shop_Item_ShellFrag_Sly2__Shift_pos__fsm_222.md
Town	Room_shop	Shop_Item_ShellFrag_Sly3	Shift_pos	220	Town/Room_shop/Shop_Item_ShellFrag_Sly3__Shift_pos__fsm_220.md
Town	Room_shop	Shop_Item_ShellFrag_Sly4	Shift_pos	221	Town/Room_shop/Shop_Item_ShellFrag_Sly4__Shift_pos__fsm_221.md
Town	Room_shop	Shop_Item_Simple_Key	Shift_pos	215	Town/Room_shop/Shop_Item_Simple_Key__Shift_pos__fsm_215.md
Town	Room_shop	Shop_Item_VesselFrag_Sly1	Shift_pos	217	Town/Room_shop/Shop_Item_VesselFrag_Sly1__Shift_pos__fsm_217.md
Town	Room_shop	Shop_Item_VesselFrag_Sly2	Shift_pos	219	Town/Room_shop/Shop_Item_VesselFrag_Sly2__Shift_pos__fsm_219.md
Town	Room_shop	Shop_Item_White_Key	Shift_pos	211	Town/Room_shop/Shop_Item_White_Key__Shift_pos__fsm_211.md
Town	Town	Dream_Orb_Get_S	Get	656	Town/Town/Dream_Orb_Get_S__Get__fsm_656.md
Town	Town	Map_Update_Msg_Animation	FSM	651	Town/Town/Map_Update_Msg_Animation__FSM__fsm_651.md
Town	Town	Map_Update_Msg_Backboard_Large	FSM	661	Town/Town/Map_Update_Msg_Backboard_Large__FSM__fsm_661.md
Town	Town	Map_Update_Msg_Backboard_Small	FSM	654	Town/Town/Map_Update_Msg_Backboard_Small__FSM__fsm_654.md
Town	Town	Map_Update_Msg_Text	FSM	643	Town/Town/Map_Update_Msg_Text__FSM__fsm_643.md
Town	Town	Map_Update_Msg	Map_Msg	653	Town/Town/Map_Update_Msg__Map_Msg__fsm_653.md
Town	Town	Unnamed	Bench_Control	631	Town/Town/Unnamed__Bench_Control__fsm_631.md
Town	Town	Unnamed	FSM	632	Town/Town/Unnamed__FSM__fsm_632.md
Town	Town	Unnamed	FSM	633	Town/Town/Unnamed__FSM__fsm_633.md
Town	Town	Unnamed	FSM	634	Town/Town/Unnamed__FSM__fsm_634.md
Town	Town	Unnamed	FSM	637	Town/Town/Unnamed__FSM__fsm_637.md
Town	Town	Unnamed	NPC_Control	635	Town/Town/Unnamed__NPC_Control__fsm_635.md
Town	Town	Unnamed	Set_Compass_Point	636	Town/Town/Unnamed__Set_Compass_Point__fsm_636.md
Town	Town	Unnamed	Spike_Hit_Effect	638	Town/Town/Unnamed__Spike_Hit_Effect__fsm_638.md
Transit	Room_Tram	Unnamed	FSM	248	Transit/Room_Tram/Unnamed__FSM__fsm_248.md
Transit	Room_Tram	Unnamed	breakable_object	247	Transit/Room_Tram/Unnamed__breakable_object__fsm_247.md
Tutorial	Tutorial_01	Charm_Get_Msg_Icon	FSM	1175	Tutorial/Tutorial_01/Charm_Get_Msg_Icon__FSM__fsm_1175.md
Tutorial	Tutorial_01	Charm_Get_Msg_Text	FSM	1108	Tutorial/Tutorial_01/Charm_Get_Msg_Text__FSM__fsm_1108.md
Tutorial	Tutorial_01	Charm_Get_Msg	Charm_Msg	1139	Tutorial/Tutorial_01/Charm_Get_Msg__Charm_Msg__fsm_1139.md
Tutorial	Tutorial_01	Charm_Get_Msg_pop_up_backboard	FSM	1166	Tutorial/Tutorial_01/Charm_Get_Msg_pop_up_backboard__FSM__fsm_1166.md
Tutorial	Tutorial_01	Charm_Tutorial_Msg_Charm_Get_Msg_Icon	FSM	1082	Tutorial/Tutorial_01/Charm_Tutorial_Msg_Charm_Get_Msg_Icon__FSM__fsm_1082.md
Tutorial	Tutorial_01	Charm_Tutorial_Msg_Charm_Get_Msg_Text	FSM	1167	Tutorial/Tutorial_01/Charm_Tutorial_Msg_Charm_Get_Msg_Text__FSM__fsm_1167.md
Tutorial	Tutorial_01	Charm_Tutorial_Msg_Charm_Get_Msg	Charm_Msg	1147	Tutorial/Tutorial_01/Charm_Tutorial_Msg_Charm_Get_Msg__Charm_Msg__fsm_1147.md
Tutorial	Tutorial_01	Charm_Tutorial_Msg_Charm_Get_Msg_pop_up_backboard	FSM	1159	Tutorial/Tutorial_01/Charm_Tutorial_Msg_Charm_Get_Msg_pop_up_backboard__FSM__fsm_1159.md
Tutorial	Tutorial_01	Charm_Tutorial_Msg_Image	color_fader	1197	Tutorial/Tutorial_01/Charm_Tutorial_Msg_Image__color_fader__fsm_1197.md
Tutorial	Tutorial_01	Charm_Tutorial_Msg_Subtitle	FSM	1123	Tutorial/Tutorial_01/Charm_Tutorial_Msg_Subtitle__FSM__fsm_1123.md
Tutorial	Tutorial_01	Charm_Tutorial_Msg_Subtitle	color_fader	1105	Tutorial/Tutorial_01/Charm_Tutorial_Msg_Subtitle__color_fader__fsm_1105.md
Tutorial	Tutorial_01	Charm_Tutorial_Msg_Text	FSM	1177	Tutorial/Tutorial_01/Charm_Tutorial_Msg_Text__FSM__fsm_1177.md
Tutorial	Tutorial_01	Charm_Tutorial_Msg_Text	color_fader	1165	Tutorial/Tutorial_01/Charm_Tutorial_Msg_Text__color_fader__fsm_1165.md
Tutorial	Tutorial_01	Charm_Tutorial_Msg_Title	FSM	1198	Tutorial/Tutorial_01/Charm_Tutorial_Msg_Title__FSM__fsm_1198.md
Tutorial	Tutorial_01	Charm_Tutorial_Msg_Title	color_fader	1186	Tutorial/Tutorial_01/Charm_Tutorial_Msg_Title__color_fader__fsm_1186.md
Tutorial	Tutorial_01	Charm_Tutorial_Msg_Warning_Fleur0008	color_fader	1109	Tutorial/Tutorial_01/Charm_Tutorial_Msg_Warning_Fleur0008__color_fader__fsm_1109.md
Tutorial	Tutorial_01	Charm_Tutorial_Msg	Charm_Tute_Msg	1193	Tutorial/Tutorial_01/Charm_Tutorial_Msg__Charm_Tute_Msg__fsm_1193.md
Tutorial	Tutorial_01	Charm_Tutorial_Msg_backboard	color_fader	1141	Tutorial/Tutorial_01/Charm_Tutorial_Msg_backboard__color_fader__fsm_1141.md
Tutorial	Tutorial_01	Dream_Dialogue	npc_dream_dialogue	1160	Tutorial/Tutorial_01/Dream_Dialogue__npc_dream_dialogue__fsm_1160.md
Tutorial	Tutorial_01	Flameball_Shot_2	Control	1284	Tutorial/Tutorial_01/Flameball_Shot_2__Control__fsm_1284.md
Tutorial	Tutorial_01	Flameball_Shot	Control	1283	Tutorial/Tutorial_01/Flameball_Shot__Control__fsm_1283.md
Tutorial	Tutorial_01	Flameball_Spinner	Spin	1262	Tutorial/Tutorial_01/Flameball_Spinner__Spin__fsm_1262.md
Tutorial	Tutorial_01	Flamebearer_Med_Explode_Effects_Flame_Pillar	FSM	1226	Tutorial/Tutorial_01/Flamebearer_Med_Explode_Effects_Flame_Pillar__FSM__fsm_1226.md
Tutorial	Tutorial_01	Flamebearer_Med_Flash	FSM	1213	Tutorial/Tutorial_01/Flamebearer_Med_Flash__FSM__fsm_1213.md
Tutorial	Tutorial_01	Flamebearer_Med_Loop_Laugh	Fade	1199	Tutorial/Tutorial_01/Flamebearer_Med_Loop_Laugh__Fade__fsm_1199.md
Tutorial	Tutorial_01	Flamebearer_Med_Teleport_Effects_Flame_Pillar	FSM	1258	Tutorial/Tutorial_01/Flamebearer_Med_Teleport_Effects_Flame_Pillar__FSM__fsm_1258.md
Tutorial	Tutorial_01	Flamebearer_Med_Teleport_Effects	Tele_Effects	1290	Tutorial/Tutorial_01/Flamebearer_Med_Teleport_Effects__Tele_Effects__fsm_1290.md
Tutorial	Tutorial_01	Flamebearer_Med	Control	1245	Tutorial/Tutorial_01/Flamebearer_Med__Control__fsm_1245.md
Tutorial	Tutorial_01	Flamebearer_Med	hp_scaler	1265	Tutorial/Tutorial_01/Flamebearer_Med__hp_scaler__fsm_1265.md
Tutorial	Tutorial_01	Flamebearer_Small_Explode_Effects_Flame_Pillar	FSM	1249	Tutorial/Tutorial_01/Flamebearer_Small_Explode_Effects_Flame_Pillar__FSM__fsm_1249.md
Tutorial	Tutorial_01	Flamebearer_Small_Flash	FSM	1240	Tutorial/Tutorial_01/Flamebearer_Small_Flash__FSM__fsm_1240.md
Tutorial	Tutorial_01	Flamebearer_Small_Loop_Laugh	Fade	1236	Tutorial/Tutorial_01/Flamebearer_Small_Loop_Laugh__Fade__fsm_1236.md
Tutorial	Tutorial_01	Flamebearer_Small_Teleport_Effects_Flame_Pillar	FSM	1218	Tutorial/Tutorial_01/Flamebearer_Small_Teleport_Effects_Flame_Pillar__FSM__fsm_1218.md
Tutorial	Tutorial_01	Flamebearer_Small_Teleport_Effects	Tele_Effects	1250	Tutorial/Tutorial_01/Flamebearer_Small_Teleport_Effects__Tele_Effects__fsm_1250.md
Tutorial	Tutorial_01	Flamebearer_Small	Control	1266	Tutorial/Tutorial_01/Flamebearer_Small__Control__fsm_1266.md
Tutorial	Tutorial_01	Flamebearer_Small	hp_scaler	1295	Tutorial/Tutorial_01/Flamebearer_Small__hp_scaler__fsm_1295.md
Tutorial	Tutorial_01	Geo_Rock_2	Geo_Rock	1085	Tutorial/Tutorial_01/Geo_Rock_2__Geo_Rock__fsm_1085.md
Tutorial	Tutorial_01	Grimm_flare_pillar_Pillar	damages_hero	1280	Tutorial/Tutorial_01/Grimm_flare_pillar_Pillar__damages_hero__fsm_1280.md
Tutorial	Tutorial_01	Grimm_flare_pillar_Pt_Afterburn	damages_hero	1215	Tutorial/Tutorial_01/Grimm_flare_pillar_Pt_Afterburn__damages_hero__fsm_1215.md
Tutorial	Tutorial_01	Grimm_flare_pillar	Control	1293	Tutorial/Tutorial_01/Grimm_flare_pillar__Control__fsm_1293.md
Tutorial	Tutorial_01	Health_Scuttler_Pool_Spatter_Blue_Heal_(1)_Health_Get_Effect	FSM	1304	Tutorial/Tutorial_01/Health_Scuttler_Pool_Spatter_Blue_Heal_(1)_Health_Get_Effect__FSM__fsm_1304.md
Tutorial	Tutorial_01	Health_Scuttler_Pool_Spatter_Blue_Heal_(1)	Spatter_Healer	1381	Tutorial/Tutorial_01/Health_Scuttler_Pool_Spatter_Blue_Heal_(1)__Spatter_Healer__fsm_1381.md
Tutorial	Tutorial_01	Health_Scuttler_Pool_Spatter_Blue_Heal_(2)_Health_Get_Effect	FSM	1366	Tutorial/Tutorial_01/Health_Scuttler_Pool_Spatter_Blue_Heal_(2)_Health_Get_Effect__FSM__fsm_1366.md
Tutorial	Tutorial_01	Health_Scuttler_Pool_Spatter_Blue_Heal_(2)	Spatter_Healer	1332	Tutorial/Tutorial_01/Health_Scuttler_Pool_Spatter_Blue_Heal_(2)__Spatter_Healer__fsm_1332.md
Tutorial	Tutorial_01	Health_Scuttler_Pool_Spatter_Blue_Heal_(3)_Health_Get_Effect	FSM	1372	Tutorial/Tutorial_01/Health_Scuttler_Pool_Spatter_Blue_Heal_(3)_Health_Get_Effect__FSM__fsm_1372.md
Tutorial	Tutorial_01	Health_Scuttler_Pool_Spatter_Blue_Heal_(3)	Spatter_Healer	1368	Tutorial/Tutorial_01/Health_Scuttler_Pool_Spatter_Blue_Heal_(3)__Spatter_Healer__fsm_1368.md
Tutorial	Tutorial_01	Health_Scuttler_Pool_Spatter_Blue_Heal_(4)_Health_Get_Effect	FSM	1389	Tutorial/Tutorial_01/Health_Scuttler_Pool_Spatter_Blue_Heal_(4)_Health_Get_Effect__FSM__fsm_1389.md
Tutorial	Tutorial_01	Health_Scuttler_Pool_Spatter_Blue_Heal_(4)	Spatter_Healer	1326	Tutorial/Tutorial_01/Health_Scuttler_Pool_Spatter_Blue_Heal_(4)__Spatter_Healer__fsm_1326.md
Tutorial	Tutorial_01	Health_Scuttler_Pool_Spatter_Blue_Heal_(5)_Health_Get_Effect	FSM	1339	Tutorial/Tutorial_01/Health_Scuttler_Pool_Spatter_Blue_Heal_(5)_Health_Get_Effect__FSM__fsm_1339.md
Tutorial	Tutorial_01	Health_Scuttler_Pool_Spatter_Blue_Heal_(5)	Spatter_Healer	1385	Tutorial/Tutorial_01/Health_Scuttler_Pool_Spatter_Blue_Heal_(5)__Spatter_Healer__fsm_1385.md
Tutorial	Tutorial_01	Health_Scuttler_Pool_Spatter_Blue_Heal_(6)_Health_Get_Effect	FSM	1361	Tutorial/Tutorial_01/Health_Scuttler_Pool_Spatter_Blue_Heal_(6)_Health_Get_Effect__FSM__fsm_1361.md
Tutorial	Tutorial_01	Health_Scuttler_Pool_Spatter_Blue_Heal_(6)	Spatter_Healer	1316	Tutorial/Tutorial_01/Health_Scuttler_Pool_Spatter_Blue_Heal_(6)__Spatter_Healer__fsm_1316.md
Tutorial	Tutorial_01	Health_Scuttler_Pool_Spatter_Blue_Heal_(7)_Health_Get_Effect	FSM	1321	Tutorial/Tutorial_01/Health_Scuttler_Pool_Spatter_Blue_Heal_(7)_Health_Get_Effect__FSM__fsm_1321.md
Tutorial	Tutorial_01	Health_Scuttler_Pool_Spatter_Blue_Heal_(7)	Spatter_Healer	1315	Tutorial/Tutorial_01/Health_Scuttler_Pool_Spatter_Blue_Heal_(7)__Spatter_Healer__fsm_1315.md
Tutorial	Tutorial_01	Health_Scuttler_Pool_Spatter_Blue_Heal_(8)_Health_Get_Effect	FSM	1308	Tutorial/Tutorial_01/Health_Scuttler_Pool_Spatter_Blue_Heal_(8)_Health_Get_Effect__FSM__fsm_1308.md
Tutorial	Tutorial_01	Health_Scuttler_Pool_Spatter_Blue_Heal_(8)	Spatter_Healer	1356	Tutorial/Tutorial_01/Health_Scuttler_Pool_Spatter_Blue_Heal_(8)__Spatter_Healer__fsm_1356.md
Tutorial	Tutorial_01	Health_Scuttler_Pool_Spatter_Blue_Heal_(9)_Health_Get_Effect	FSM	1357	Tutorial/Tutorial_01/Health_Scuttler_Pool_Spatter_Blue_Heal_(9)_Health_Get_Effect__FSM__fsm_1357.md
Tutorial	Tutorial_01	Health_Scuttler_Pool_Spatter_Blue_Heal_(9)	Spatter_Healer	1383	Tutorial/Tutorial_01/Health_Scuttler_Pool_Spatter_Blue_Heal_(9)__Spatter_Healer__fsm_1383.md
Tutorial	Tutorial_01	Health_Scuttler_Pool_Spatter_Blue_Heal_Health_Get_Effect	FSM	1358	Tutorial/Tutorial_01/Health_Scuttler_Pool_Spatter_Blue_Heal_Health_Get_Effect__FSM__fsm_1358.md
Tutorial	Tutorial_01	Health_Scuttler_Pool_Spatter_Blue_Heal	Spatter_Healer	1309	Tutorial/Tutorial_01/Health_Scuttler_Pool_Spatter_Blue_Heal__Spatter_Healer__fsm_1309.md
Tutorial	Tutorial_01	Screen_Flash	Fade_Away	1194	Tutorial/Tutorial_01/Screen_Flash__Fade_Away__fsm_1194.md
Tutorial	Tutorial_01	Spatter_Blue_Heal_Health_Get_Effect	FSM	1228	Tutorial/Tutorial_01/Spatter_Blue_Heal_Health_Get_Effect__FSM__fsm_1228.md
Tutorial	Tutorial_01	Spatter_Blue_Heal	Spatter_Healer	1125	Tutorial/Tutorial_01/Spatter_Blue_Heal__Spatter_Healer__fsm_1125.md
Tutorial	Tutorial_01	Strike_Nail	Strike	1183	Tutorial/Tutorial_01/Strike_Nail__Strike__fsm_1183.md
Tutorial	Tutorial_01	UI_Msg_Get_Item_BG	color_fader	1118	Tutorial/Tutorial_01/UI_Msg_Get_Item_BG__color_fader__fsm_1118.md
Tutorial	Tutorial_01	UI_Msg_Get_Item_Button_Label	color_fader	1154	Tutorial/Tutorial_01/UI_Msg_Get_Item_Button_Label__color_fader__fsm_1154.md
Tutorial	Tutorial_01	UI_Msg_Get_Item_Button	color_fader	1150	Tutorial/Tutorial_01/UI_Msg_Get_Item_Button__color_fader__fsm_1150.md
Tutorial	Tutorial_01	UI_Msg_Get_Item_Button	proxy_event_handler	1162	Tutorial/Tutorial_01/UI_Msg_Get_Item_Button__proxy_event_handler__fsm_1162.md
Tutorial	Tutorial_01	UI_Msg_Get_Item_Fleur	color_fader	1104	Tutorial/Tutorial_01/UI_Msg_Get_Item_Fleur__color_fader__fsm_1104.md
Tutorial	Tutorial_01	UI_Msg_Get_Item_Icon	color_fader	1189	Tutorial/Tutorial_01/UI_Msg_Get_Item_Icon__color_fader__fsm_1189.md
Tutorial	Tutorial_01	UI_Msg_Get_Item_Item_Name_Prefix	color_fader	1101	Tutorial/Tutorial_01/UI_Msg_Get_Item_Item_Name_Prefix__color_fader__fsm_1101.md
Tutorial	Tutorial_01	UI_Msg_Get_Item_Item_Name	color_fader	1163	Tutorial/Tutorial_01/UI_Msg_Get_Item_Item_Name__color_fader__fsm_1163.md
Tutorial	Tutorial_01	UI_Msg_Get_Item_Msg_1	color_fader	1181	Tutorial/Tutorial_01/UI_Msg_Get_Item_Msg_1__color_fader__fsm_1181.md
Tutorial	Tutorial_01	UI_Msg_Get_Item_Msg_2	color_fader	1140	Tutorial/Tutorial_01/UI_Msg_Get_Item_Msg_2__color_fader__fsm_1140.md
Tutorial	Tutorial_01	UI_Msg_Get_Item_Press	color_fader	1121	Tutorial/Tutorial_01/UI_Msg_Get_Item_Press__color_fader__fsm_1121.md
Tutorial	Tutorial_01	UI_Msg_Get_Item_Stop	color_fader	1169	Tutorial/Tutorial_01/UI_Msg_Get_Item_Stop__color_fader__fsm_1169.md
Tutorial	Tutorial_01	UI_Msg_Get_Item	Msg_Control	1188	Tutorial/Tutorial_01/UI_Msg_Get_Item__Msg_Control__fsm_1188.md
Tutorial	Tutorial_01	Unnamed	Control	1070	Tutorial/Tutorial_01/Unnamed__Control__fsm_1070.md
Tutorial	Tutorial_01	Unnamed	Enemy_Msg	1067	Tutorial/Tutorial_01/Unnamed__Enemy_Msg__fsm_1067.md
Tutorial	Tutorial_01	Unnamed	FSM	1066	Tutorial/Tutorial_01/Unnamed__FSM__fsm_1066.md
Tutorial	Tutorial_01	Unnamed	FSM	1071	Tutorial/Tutorial_01/Unnamed__FSM__fsm_1071.md
Tutorial	Tutorial_01	Unnamed	FSM	1073	Tutorial/Tutorial_01/Unnamed__FSM__fsm_1073.md
Tutorial	Tutorial_01	Unnamed	FSM	1075	Tutorial/Tutorial_01/Unnamed__FSM__fsm_1075.md
Tutorial	Tutorial_01	Unnamed	Geo_Rock	1069	Tutorial/Tutorial_01/Unnamed__Geo_Rock__fsm_1069.md
Tutorial	Tutorial_01	Unnamed	NPC_Control	1074	Tutorial/Tutorial_01/Unnamed__NPC_Control__fsm_1074.md
Tutorial	Tutorial_01	Unnamed	Shiny_Item	1072	Tutorial/Tutorial_01/Unnamed__Shiny_Item__fsm_1072.md
Tutorial	Tutorial_01	Unnamed	Spatter_Healer	1078	Tutorial/Tutorial_01/Unnamed__Spatter_Healer__fsm_1078.md
Tutorial	Tutorial_01	Unnamed	flyer_receive_direction_msg	1068	Tutorial/Tutorial_01/Unnamed__flyer_receive_direction_msg__fsm_1068.md
Tutorial	Tutorial_01	Unnamed	unmasker	1076	Tutorial/Tutorial_01/Unnamed__unmasker__fsm_1076.md
Tutorial	Tutorial_01	Unnamed	unmasker	1077	Tutorial/Tutorial_01/Unnamed__unmasker__fsm_1077.md
Tutorial	Tutorial_01	Unnamed	unmasker	1079	Tutorial/Tutorial_01/Unnamed__unmasker__fsm_1079.md
Tutorial	Tutorial_01	dream_area_effect	Disable	1137	Tutorial/Tutorial_01/dream_area_effect__Disable__fsm_1137.md
Tutorial	Tutorial_01	dream_area_effect	Follow_Camera	1093	Tutorial/Tutorial_01/dream_area_effect__Follow_Camera__fsm_1093.md
Tutorial	Tutorial_01	dream_area_effect_lantern_glow_074	color_fader	1136	Tutorial/Tutorial_01/dream_area_effect_lantern_glow_074__color_fader__fsm_1136.md
Tutorial	Tutorial_01	grimm_area_effect	Disable	1256	Tutorial/Tutorial_01/grimm_area_effect__Disable__fsm_1256.md
Tutorial	Tutorial_01	grimm_area_effect	Follow_Camera	1248	Tutorial/Tutorial_01/grimm_area_effect__Follow_Camera__fsm_1248.md
Tutorial	Tutorial_01	grimm_area_effect_lantern_glow_bg	color_fader	1285	Tutorial/Tutorial_01/grimm_area_effect_lantern_glow_bg__color_fader__fsm_1285.md
Tutorial	Tutorial_01	grimm_area_effect_lantern_glow_front	color_fader	1254	Tutorial/Tutorial_01/grimm_area_effect_lantern_glow_front__color_fader__fsm_1254.md
White_Palace	White_Palace_02	Corpse_Royal_Guard_Bits	Fling	141	White_Palace/White_Palace_02/Corpse_Royal_Guard_Bits__Fling__fsm_141.md
White_Palace	White_Palace_02	Corpse_Royal_Guard	Extra_Control	124	White_Palace/White_Palace_02/Corpse_Royal_Guard__Extra_Control__fsm_124.md
White_Palace	White_Palace_02	Shot_Kings_Guard	Spin	140	White_Palace/White_Palace_02/Shot_Kings_Guard__Spin__fsm_140.md
White_Palace	White_Palace_17	Unnamed	unnamed	15	White_Palace/White_Palace_17/Unnamed__unnamed__fsm_15.md
White_Palace	White_Palace_20	Unnamed	FSM	44	White_Palace/White_Palace_20/Unnamed__FSM__fsm_44.md
